osm_type,osm_id,building_type,exposure_class,name
way,34416323,yes,other,Civil Station
way,303894073,yes,other,"Chundale petrol pump, Chundale"
way,309266967,yes,other,
way,309324957,yes,other,
way,309324958,yes,other,
way,309324959,yes,other,
way,309335811,yes,other,
way,309487125,yes,other,
way,309487127,yes,other,
way,309487128,yes,other,
way,309487129,yes,other,
way,309487130,yes,other,
way,309487131,yes,other,
way,309487132,yes,other,
way,309487134,yes,other,
way,309487637,yes,other,
way,309487643,yes,other,
way,386991362,yes,other,
way,386991363,yes,other,
way,386991364,yes,other,Skmj Hss (Hs Section)
way,386991365,school,critical,Skmj Auditorium
way,386991366,yes,other,
way,386991367,yes,other,"District Palnning Office, Wayanad"
way,386991369,yes,other,
way,386991370,yes,other,DTPC Wayanad
way,386991371,yes,other,"District Panchayath Office,Wayanad"
way,386991372,yes,other,District Social
way,386991373,yes,other,
way,386991374,yes,other,
way,386991375,yes,other,
way,386991376,hospital,critical,Fatima Mata Mission Hospital
way,386991377,yes,other,
way,386991378,yes,other,
way,387000738,yes,other,
way,387000739,yes,other,
way,387000740,yes,other,
way,387000741,yes,other,
way,387000742,yes,other,
way,387000743,yes,other,
way,425702971,yes,other,Suthan Bathery Court Complex
way,425703233,school,critical,"Roman Catholic Higher Secondary School,  Chundale"
way,425703614,yes,other,"St.Judes Parish Hall, Chundale"
way,425703749,yes,other,Sree Mariyamman Kshetram
way,425703866,school,critical,"Roman Catholic Lower Primary School, Chundale"
way,425704746,school,critical,Ansariya Public School
way,425747685,yes,other,Town Market
way,425747947,yes,other,Mosque
way,425748367,yes,other,Juma Masjid Kambalakkad
way,444929034,yes,other,
way,444929035,yes,other,
way,444929036,yes,other,
way,444929038,yes,other,
way,444929782,yes,other,
way,444929784,yes,other,
way,444929786,yes,other,
way,444929788,yes,other,
way,444929791,yes,other,
way,444929793,yes,other,
way,444929795,yes,other,
way,444929797,yes,other,ARRAPETTA saw mill
way,486201005,yes,other,
way,486201006,yes,other,
way,486201007,yes,other,
way,486201008,yes,other,
way,486201009,yes,other,
way,486201010,yes,other,
way,486201011,yes,other,
way,486201012,yes,other,
way,486201013,yes,other,
way,486201014,yes,other,
way,486201015,yes,other,
way,525207856,yes,other,Kerala State Electricity Board Section Office
way,545635863,yes,other,Perpetual Adoration Centre
way,545675199,yes,other,Juma masjid
way,545700966,yes,other,Sree Malsyavathara Vishnu Temple
way,545842492,school,critical,St Thomas HSS
way,545842494,school,critical,St Thomas High School
way,545842498,school,critical,ST. thomas LP School & Jubilee Hall
way,545842499,school,critical,
way,545842501,church,other,Holycross Forane Church
way,545842502,yes,other,Parish House
way,546104367,yes,other,Lalith Mahal Auditorium
way,616863225,yes,other,
way,621380118,yes,other,
way,621380119,yes,other,
way,621380121,yes,other,
way,621380123,yes,other,
way,621380125,yes,other,
way,621380129,yes,other,
way,621380131,yes,other,
way,621380132,yes,other,
way,621380133,yes,other,
way,621380134,yes,other,
way,621380135,yes,other,
way,621380138,school,critical,Govt Higher Secondary School Anappara
way,621380140,yes,other,
way,621380141,yes,other,
way,621380142,yes,other,
way,628753823,yes,other,
way,628753824,yes,other,
way,638138840,house,residential,
way,638139065,house,residential,
way,638139285,house,residential,
way,638139377,house,residential,
way,638139425,house,residential,
way,638139460,house,residential,
way,638139606,house,residential,
way,638140130,house,residential,
way,638140966,house,residential,
way,638141028,house,residential,
way,638141155,house,residential,
way,717089262,yes,other,St. Mary’s Orthodox Church
way,721800985,house,residential,Joy Puthusseril
way,735132673,yes,other,
way,735273532,hospital,critical,DM WIMS Medical College
way,735273533,yes,other,
way,736680080,house,residential,Neerampuzha House
way,736680277,house,residential,Nappally
way,736680388,yes,other,Shabhna womens hostel
way,736680808,church,other,Saint Thomas Church Arinchermala
way,736680979,school,critical,St. Thomas LP school arinjermala
way,736681152,yes,other,Saint Thomas Convent
way,736691134,school,critical,Sarvodaya Higher Secondary School Eachome
way,736691561,yes,other,SABU SHOP
way,736698278,house,residential,
way,736698279,house,residential,
way,736698280,house,residential,
way,736698281,house,residential,
way,736698282,house,residential,
way,736698283,house,residential,
way,736698284,house,residential,
way,736698285,house,residential,
way,736698286,house,residential,
way,736698287,house,residential,
way,736698288,house,residential,
way,736698289,house,residential,
way,736698290,house,residential,
way,736698291,house,residential,
way,736698294,house,residential,
way,736698295,house,residential,
way,736698296,house,residential,
way,736698297,house,residential,
way,736698298,house,residential,
way,736698299,house,residential,
way,736698300,house,residential,
way,736698301,house,residential,
way,736698302,house,residential,
way,736698303,house,residential,
way,736698304,house,residential,
way,736698305,house,residential,
way,736698306,house,residential,
way,736698307,house,residential,
way,736698308,house,residential,
way,736698309,house,residential,
way,736698310,house,residential,
way,736698312,house,residential,
way,736698313,house,residential,
way,736698314,house,residential,
way,736698315,house,residential,
way,736698316,house,residential,
way,736698318,house,residential,
way,736698319,house,residential,
way,736698320,house,residential,
way,736698321,house,residential,
way,736698322,house,residential,
way,736698323,house,residential,
way,736698324,house,residential,
way,736698325,house,residential,
way,736698326,house,residential,
way,736698327,house,residential,
way,736698328,house,residential,
way,736698329,yes,other,
way,736698330,yes,other,
way,736698331,house,residential,
way,736698332,yes,other,
way,736698333,house,residential,
way,736698334,house,residential,
way,736698335,house,residential,
way,736698336,yes,other,
way,736698337,yes,other,
way,736698338,yes,other,
way,736698339,house,residential,
way,736698340,house,residential,
way,736698341,yes,other,
way,736698342,yes,other,
way,736698343,yes,other,
way,736698344,yes,other,
way,736698346,yes,other,
way,736698347,yes,other,
way,736698348,yes,other,
way,736698349,house,residential,
way,736698350,house,residential,
way,736698351,house,residential,
way,736698352,house,residential,
way,736698353,house,residential,
way,736698354,house,residential,
way,736698355,house,residential,
way,736698356,house,residential,
way,736698357,house,residential,
way,736698358,yes,other,
way,736698359,house,residential,
way,736698360,yes,other,
way,736698361,yes,other,
way,736698362,yes,other,
way,736698363,yes,other,
way,736698364,yes,other,
way,736698365,yes,other,
way,736698366,yes,other,
way,736698367,yes,other,
way,737775393,yes,other,Kaniyambetta Grama Panchayath Office
way,737781342,college,critical,B ed Block
way,737781343,yes,other,Pongini paradevatha bhadhrakali temple
way,742834505,hospital,critical,marina hospital
way,743170078,hospital,critical,KJ Medical Trust hospital
way,743179262,yes,other,
way,743214902,yes,other,
way,744253292,yes,other,
way,748325339,yes,other,Service Cooperative Bank
way,755096960,yes,other,
way,755096961,yes,other,
way,755096962,yes,other,
way,755096963,yes,other,
way,755096964,yes,other,
way,755096965,yes,other,
way,755096966,yes,other,
way,755096967,yes,other,
way,755096968,yes,other,
way,755096969,yes,other,
way,755096970,yes,other,
way,755096971,yes,other,
way,755096972,yes,other,
way,755096973,yes,other,
way,755096974,yes,other,
way,763028769,yes,other,
way,787053453,house,residential,parammal house
way,787053454,yes,other,
way,788856841,college,critical,Nursing College
way,788856842,yes,other,
way,788859025,yes,other,
way,788859026,yes,other,
way,788859027,yes,other,
way,788859028,yes,other,
way,788859029,yes,other,
way,788859030,yes,other,
way,788859031,yes,other,
way,788859032,yes,other,
way,788859033,yes,other,
way,788859034,yes,other,
way,788859035,yes,other,
way,788859036,school,critical,
way,788859037,yes,other,
way,788859038,yes,other,
way,788859039,yes,other,
way,788859040,yes,other,
way,788859041,yes,other,
way,788859042,yes,other,
way,788859043,yes,other,
way,791438573,house,residential,maniyalil
way,797393042,house,residential,vadakkedath house
way,797498556,school,critical,
way,797521121,school,critical,
way,797568135,yes,other,"Village Office, Poothadi"
way,797570766,school,critical,
way,797573177,yes,other,Koleri Temple
way,797592047,school,critical,
way,797793956,school,critical,Genius International School
way,797825353,yes,other,Uma-Maheswara MahaVishnu Temple
way,798230807,church,other,St. Sebastian's Syro Malabar Church
way,798233466,yes,other,Cheengodu Church
way,798236240,yes,other,St Anns Hospital
way,798266962,yes,other,St.Sebastian's Church
way,798279263,church,other,St. Jude's Church
way,798642792,house,residential,
way,798642793,house,residential,
way,798642794,house,residential,
way,798642795,house,residential,
way,798642796,house,residential,
way,798880787,retail,economic,
way,799059621,school,critical,St.Rossello's Central School
way,799059625,yes,other,Kattikettikal Centre Poomala
way,799059626,yes,other,Holy Cross Church - LC
way,799059628,school,critical,Government Lower Primary School Poomala
way,799061688,yes,other,Buddha Nursing Home
way,799085469,house,residential,
way,799085470,house,residential,
way,799085471,house,residential,
way,799275937,yes,other,
way,799275938,yes,other,
way,799275939,yes,other,
way,799276954,yes,other,
way,799276955,yes,other,
way,799276956,yes,other,
way,799276957,yes,other,
way,799277493,yes,other,
way,799300017,yes,other,Mariyamman Kovil
way,799306961,yes,other,Family Health Center Chethalayam
way,799322497,house,residential,Karikkedathe
way,799322498,house,residential,Karikkedath
way,799322499,house,residential,
way,799322500,house,residential,
way,799322501,house,residential,
way,799322502,yes,other,
way,799334626,yes,other,
way,799334646,house,residential,
way,799334647,house,residential,
way,799334648,house,residential,
way,799334649,house,residential,
way,799334650,house,residential,
way,799334651,house,residential,
way,799554985,yes,other,
way,799554987,house,residential,
way,799554990,yes,other,
way,799554993,yes,other,
way,799554994,yes,other,
way,799554995,yes,other,
way,799554997,yes,other,
way,799554999,yes,other,
way,799555000,yes,other,
way,799555001,house,residential,
way,799555002,yes,other,
way,799555003,yes,other,
way,799555004,yes,other,
way,799555005,yes,other,
way,799555007,yes,other,
way,799555009,yes,other,
way,799555010,yes,other,
way,799555011,yes,other,
way,799555012,house,residential,
way,799555013,yes,other,
way,799555014,house,residential,
way,799557420,house,residential,
way,799557422,yes,other,
way,799557423,house,residential,
way,799557425,house,residential,
way,799557427,house,residential,
way,799559449,house,residential,
way,799559450,house,residential,
way,799562802,house,residential,
way,799562804,house,residential,
way,799562805,house,residential,
way,799562806,yes,other,
way,799562807,house,residential,
way,799562808,yes,other,
way,799562809,yes,other,
way,799562811,yes,other,
way,800107081,house,residential,
way,800107082,house,residential,
way,800107083,house,residential,
way,800107084,house,residential,
way,800107085,house,residential,
way,800107086,house,residential,
way,800107087,house,residential,
way,800107088,house,residential,
way,800107089,house,residential,
way,800107090,house,residential,
way,800107091,house,residential,
way,800107092,house,residential,
way,800107093,house,residential,
way,800107094,house,residential,
way,800107095,house,residential,
way,800107096,house,residential,
way,800107097,house,residential,
way,800107099,house,residential,
way,800107100,house,residential,
way,800107101,house,residential,
way,800107102,house,residential,
way,800107103,house,residential,
way,800107104,house,residential,
way,800107105,house,residential,
way,800107106,house,residential,
way,800107107,house,residential,
way,800107108,house,residential,
way,800107109,house,residential,
way,800107110,house,residential,
way,800107111,house,residential,
way,802596676,house,residential,
way,802596677,house,residential,
way,802596678,house,residential,
way,802596679,house,residential,
way,802597171,house,residential,
way,802597172,house,residential,
way,802600909,yes,other,Angnanvadi
way,802600910,house,residential,
way,802600911,yes,other,
way,802600912,yes,other,
way,802600914,house,residential,
way,802600915,house,residential,
way,802600916,house,residential,
way,802600917,house,residential,
way,802600918,house,residential,
way,802600919,house,residential,
way,802600920,house,residential,
way,802600921,house,residential,
way,802600922,house,residential,
way,802600923,house,residential,
way,802600924,house,residential,
way,802600925,house,residential,
way,802601711,house,residential,
way,802601712,house,residential,
way,802601713,house,residential,
way,802601714,house,residential,
way,802601715,house,residential,
way,802601716,house,residential,
way,802674179,school,critical,Goverment High School Valavayal
way,802807525,house,residential,
way,802807526,yes,other,Car Repair Shop
way,802807527,garage,other,Fci Meenangadi Wayanad
way,802807529,yes,other,Shree Ganesh Agencies
way,802807530,college,critical,Institute of Human Resources Development Meenangadi
way,802807531,yes,other,"Panchayath Office, Meenangadi"
way,802807535,house,residential,
way,802807536,house,residential,
way,802807537,house,residential,
way,802807538,house,residential,
way,802807539,house,residential,
way,802807540,house,residential,
way,802807541,house,residential,
way,802807542,house,residential,
way,802807543,house,residential,
way,802807545,industrial,economic,Baba (label) Trademark by Sheethal Food Industries
way,802807546,house,residential,
way,802807547,house,residential,
way,802807548,house,residential,
way,802807549,house,residential,
way,802807550,house,residential,
way,802807551,house,residential,
way,802807552,house,residential,
way,802807553,house,residential,
way,802807555,house,residential,
way,802807556,house,residential,
way,802807557,house,residential,
way,802807558,house,residential,
way,802807560,house,residential,
way,802807561,house,residential,
way,802807562,house,residential,
way,802807563,yes,other,
way,802807567,yes,other,
way,802807568,house,residential,
way,802807569,house,residential,
way,802807570,farm_auxiliary,other,
way,802820582,residential,residential,
way,802820583,residential,residential,
way,802820587,residential,residential,
way,802820592,residential,residential,
way,802821212,house,residential,
way,802821213,house,residential,
way,802821214,house,residential,
way,802821215,house,residential,
way,802821216,house,residential,
way,802821217,house,residential,
way,802821218,house,residential,
way,802821219,house,residential,
way,802821220,house,residential,
way,802821221,house,residential,
way,802821222,house,residential,
way,802821223,house,residential,
way,802821224,house,residential,
way,802821225,house,residential,
way,802821226,house,residential,
way,802821227,house,residential,
way,802821228,house,residential,
way,802821229,house,residential,
way,802821230,house,residential,
way,802821231,house,residential,
way,802821232,house,residential,
way,802821233,yes,other,Purakkadi Temple
way,802821236,house,residential,
way,802821237,yes,other,
way,802821238,house,residential,
way,802821239,house,residential,
way,802821240,house,residential,
way,802821241,house,residential,
way,802821242,house,residential,
way,802821243,house,residential,
way,802821244,house,residential,
way,802821245,house,residential,
way,802821246,house,residential,
way,802821247,house,residential,
way,802821248,house,residential,
way,802821249,house,residential,
way,802821252,yes,other,
way,802821253,yes,other,
way,802821254,yes,other,
way,802821255,house,residential,
way,802821256,yes,other,
way,802821257,yes,other,
way,802821258,yes,other,
way,802848017,yes,other,
way,802848018,yes,other,
way,802848019,yes,other,
way,802848020,yes,other,
way,802848022,house,residential,
way,802848025,house,residential,
way,802848026,house,residential,
way,802848027,house,residential,
way,802848028,house,residential,
way,802848029,house,residential,
way,802848031,house,residential,
way,802848032,house,residential,
way,802848033,house,residential,
way,802848035,yes,other,Sndp Lkg And Ukg School
way,802848036,house,residential,
way,802848037,yes,other,
way,802848038,house,residential,
way,802848039,house,residential,
way,802848040,house,residential,
way,802848041,house,residential,
way,802848042,house,residential,
way,802848043,house,residential,
way,802848044,house,residential,
way,802848045,house,residential,
way,802848046,house,residential,
way,802848047,house,residential,
way,802848049,house,residential,
way,802848050,house,residential,
way,802848051,house,residential,
way,802848052,house,residential,
way,802848053,house,residential,
way,802848054,house,residential,
way,802848055,house,residential,
way,802848056,house,residential,
way,802848057,house,residential,
way,802848058,house,residential,
way,802848059,house,residential,
way,802848060,house,residential,
way,802848061,house,residential,
way,802848062,house,residential,
way,802848063,house,residential,
way,802848064,house,residential,
way,802848065,house,residential,
way,802848066,house,residential,
way,802848067,house,residential,
way,802848068,house,residential,
way,802848069,house,residential,
way,802848070,house,residential,
way,802848071,house,residential,
way,802848072,house,residential,
way,802848073,house,residential,
way,802848074,house,residential,
way,802848075,house,residential,
way,802848076,house,residential,
way,802848077,house,residential,
way,802848078,house,residential,
way,802848079,house,residential,
way,802848080,house,residential,
way,802848081,house,residential,
way,802848082,house,residential,
way,802848083,house,residential,
way,802848084,house,residential,
way,802848085,house,residential,
way,802848086,house,residential,
way,802848087,house,residential,
way,802848088,house,residential,
way,802848090,house,residential,
way,802848091,house,residential,
way,802848092,house,residential,
way,802848093,house,residential,
way,802848094,house,residential,
way,802848095,house,residential,
way,802848096,house,residential,
way,802848097,house,residential,
way,802848098,house,residential,
way,802848099,house,residential,
way,802848100,house,residential,
way,802848101,house,residential,
way,802848102,house,residential,
way,802848103,house,residential,
way,802848104,house,residential,
way,802848105,house,residential,
way,802848106,house,residential,
way,802848107,yes,other,Manikavu Siva Temple
way,802848108,house,residential,
way,802848109,house,residential,
way,802848110,house,residential,
way,802848111,house,residential,
way,802848112,house,residential,
way,802848113,house,residential,
way,802848114,house,residential,
way,802848115,house,residential,
way,802852901,yes,other,
way,802852902,yes,other,
way,802852904,house,residential,
way,802852907,yes,other,
way,802858652,house,residential,
way,802858654,house,residential,
way,802858666,house,residential,
way,802858668,residential,residential,
way,802880212,church,other,
way,802880213,house,residential,
way,802880214,house,residential,
way,802880215,residential,residential,
way,802880216,yes,other,
way,802880218,residential,residential,
way,802890671,yes,other,
way,802890672,yes,other,
way,802890673,yes,other,
way,802890674,yes,other,
way,802890675,yes,other,
way,802890676,yes,other,
way,802890677,yes,other,
way,802890678,yes,other,White Hill (home stay)
way,802890679,yes,other,
way,802890680,yes,other,
way,802890681,yes,other,
way,802890682,yes,other,
way,802890683,yes,other,
way,802890684,yes,other,
way,802890685,yes,other,
way,802890686,yes,other,
way,802890687,yes,other,
way,802890688,yes,other,
way,802890689,yes,other,
way,802890690,yes,other,
way,802890691,yes,other,
way,802890692,yes,other,
way,802890693,yes,other,
way,802890694,house,residential,
way,802890695,house,residential,
way,802890696,yes,other,
way,802890697,yes,other,
way,802890698,yes,other,
way,802890699,yes,other,
way,802890700,yes,other,
way,802890701,yes,other,
way,802890702,yes,other,
way,802890703,yes,other,
way,802890704,yes,other,
way,802890705,yes,other,
way,802890706,yes,other,
way,802890707,yes,other,
way,802890708,yes,other,
way,802890709,yes,other,
way,802890710,yes,other,
way,802890711,yes,other,
way,802890712,yes,other,
way,802890713,yes,other,
way,802890714,yes,other,
way,802890715,yes,other,
way,802890716,yes,other,
way,802890717,yes,other,
way,802890718,yes,other,
way,802890719,yes,other,
way,802891181,house,residential,
way,802891182,house,residential,
way,802891183,house,residential,
way,802891184,house,residential,
way,802891185,house,residential,
way,802891186,house,residential,
way,802891187,house,residential,
way,802891188,house,residential,
way,802891189,house,residential,
way,802891190,house,residential,
way,802891191,house,residential,
way,802891192,house,residential,
way,802891193,house,residential,
way,802891194,house,residential,
way,802891195,house,residential,
way,802891197,house,residential,
way,802891198,house,residential,
way,802891199,house,residential,
way,802891200,house,residential,
way,802891201,yes,other,
way,802894263,house,residential,
way,802894264,house,residential,
way,802894266,house,residential,
way,802894268,house,residential,
way,802894269,house,residential,
way,802894270,house,residential,
way,802894271,house,residential,
way,802894989,yes,other,
way,802894990,yes,other,
way,802894991,yes,other,
way,802894992,yes,other,
way,802894993,yes,other,
way,802894994,yes,other,
way,802894995,yes,other,
way,802894996,yes,other,
way,802894997,yes,other,
way,802894998,yes,other,
way,802894999,yes,other,
way,802895000,yes,other,
way,802895001,yes,other,
way,802895002,yes,other,
way,802895003,yes,other,
way,802895004,yes,other,
way,802895005,yes,other,"Block Panchayat Office,Kalpetta"
way,802895006,yes,other,
way,802895007,yes,other,
way,802895008,yes,other,
way,802895009,yes,other,
way,802895010,yes,other,
way,802895011,yes,other,
way,802895012,yes,other,
way,802895013,yes,other,
way,802895014,yes,other,
way,802895015,yes,other,
way,802895016,yes,other,
way,802898936,yes,other,
way,802898939,yes,other,
way,802898948,yes,other,
way,802898949,yes,other,
way,802898955,yes,other,
way,802898961,yes,other,
way,802898978,yes,other,
way,802898980,house,residential,
way,802898982,yes,other,
way,802898986,house,residential,
way,802898993,yes,other,
way,802898996,yes,other,
way,802899000,yes,other,
way,802904546,house,residential,
way,802904547,house,residential,
way,802904548,house,residential,
way,802904550,house,residential,
way,802904551,house,residential,
way,802904552,house,residential,
way,802904553,house,residential,
way,802904554,house,residential,
way,802904555,house,residential,
way,802904556,house,residential,
way,802904557,house,residential,
way,802904558,house,residential,
way,802904559,house,residential,
way,802904561,house,residential,
way,802912577,house,residential,
way,802924936,house,residential,
way,802930038,house,residential,
way,802933001,house,residential,
way,802933003,house,residential,
way,802933005,house,residential,
way,802933006,house,residential,
way,802933007,house,residential,
way,802933009,house,residential,
way,802933011,house,residential,
way,802933012,house,residential,
way,802933013,house,residential,
way,802933015,house,residential,
way,802933016,house,residential,
way,802933017,house,residential,
way,802933018,house,residential,
way,802933019,house,residential,
way,802933020,house,residential,
way,802933022,house,residential,
way,802933023,house,residential,
way,802933024,house,residential,
way,802933026,house,residential,
way,802939389,house,residential,puthrottil(h)
way,802939390,house,residential,palakkathottoyil (h)
way,802939393,yes,other,
way,802941981,yes,other,chicken shop
way,802941982,yes,other,illath stores
way,802941997,house,residential,
way,802941998,house,residential,
way,802941999,house,residential,
way,802942000,house,residential,
way,802942001,house,residential,
way,802942004,house,residential,
way,802942005,house,residential,
way,802942007,house,residential,
way,802942008,house,residential,
way,802942009,house,residential,
way,802942010,house,residential,
way,802942011,house,residential,
way,802942012,house,residential,
way,802942013,house,residential,
way,802942014,house,residential,
way,802942015,house,residential,
way,802942016,house,residential,
way,802942017,house,residential,
way,802942018,house,residential,
way,802942019,house,residential,
way,802942020,house,residential,
way,802942021,house,residential,
way,802942022,house,residential,
way,802942023,house,residential,
way,802942024,house,residential,
way,802942025,house,residential,
way,802942026,house,residential,
way,802942027,house,residential,
way,802942028,house,residential,
way,802942029,house,residential,
way,802942030,house,residential,
way,802942031,house,residential,
way,802942032,house,residential,
way,802942033,house,residential,
way,802944010,school,critical,
way,802947353,school,critical,
way,802952266,house,residential,
way,802952267,house,residential,
way,802952268,house,residential,
way,802952269,house,residential,
way,802952272,house,residential,
way,802952273,house,residential,
way,802952274,house,residential,
way,802952275,house,residential,
way,802952277,house,residential,
way,802952278,house,residential,
way,802952279,house,residential,
way,802952280,house,residential,
way,802952281,house,residential,
way,802952282,house,residential,
way,802952283,house,residential,
way,802952284,house,residential,
way,802952285,house,residential,
way,802952286,house,residential,
way,802952287,house,residential,
way,802952288,house,residential,
way,802952289,house,residential,
way,802952290,house,residential,
way,802952291,house,residential,
way,802952292,house,residential,
way,802952293,house,residential,
way,802952294,house,residential,
way,802952295,house,residential,
way,802952296,house,residential,
way,802952297,house,residential,
way,802952298,house,residential,
way,802952299,house,residential,
way,802952300,house,residential,
way,802952301,house,residential,
way,802952302,house,residential,
way,802952303,house,residential,
way,802952304,house,residential,
way,802952305,house,residential,
way,802952306,house,residential,
way,802952307,yes,other,
way,802952308,house,residential,
way,802952310,house,residential,
way,802952311,house,residential,
way,802952312,house,residential,
way,802952313,house,residential,
way,802952314,house,residential,
way,802952315,house,residential,
way,802956236,house,residential,
way,802956237,yes,other,toddy shop
way,802956238,house,residential,
way,802956240,house,residential,
way,802956241,house,residential,
way,802956242,house,residential,
way,802956243,yes,other,
way,802956244,house,residential,
way,802956245,yes,other,
way,802956246,yes,other,
way,802956247,house,residential,
way,802956248,house,residential,
way,802956249,house,residential,
way,802956250,house,residential,
way,802956251,house,residential,
way,802956252,house,residential,
way,802956253,house,residential,
way,802956254,house,residential,
way,802956255,house,residential,
way,802984759,house,residential,
way,802984760,house,residential,
way,802984761,house,residential,
way,802984762,house,residential,
way,802984763,yes,other,
way,802984764,house,residential,
way,802984765,house,residential,
way,802984766,house,residential,
way,802985338,yes,other,
way,802987796,yes,other,
way,802987797,residential,residential,
way,802987798,yes,other,
way,802987799,residential,residential,
way,802987801,yes,other,
way,802987803,house,residential,
way,802987804,residential,residential,
way,802987805,house,residential,
way,802987806,residential,residential,
way,802987807,house,residential,
way,802987808,yes,other,
way,802987809,residential,residential,
way,802987810,residential,residential,
way,802988214,house,residential,
way,802988215,house,residential,
way,802988216,house,residential,
way,802988217,house,residential,
way,802988218,house,residential,
way,802988219,house,residential,
way,802988220,house,residential,
way,802988221,house,residential,
way,802988222,house,residential,
way,802988223,house,residential,
way,802988224,house,residential,
way,802988225,house,residential,
way,802988226,house,residential,
way,802988227,house,residential,
way,802988228,house,residential,
way,802988229,house,residential,
way,802988230,house,residential,
way,802988231,house,residential,
way,802988232,house,residential,
way,802988233,house,residential,
way,802988234,house,residential,
way,802989793,house,residential,
way,802989794,school,critical,
way,802989795,house,residential,
way,802989796,house,residential,
way,802989797,house,residential,
way,802989798,school,critical,
way,802989799,yes,other,
way,802989800,residential,residential,
way,802989801,house,residential,
way,802991180,residential,residential,
way,802991183,residential,residential,
way,802991184,residential,residential,
way,802991185,residential,residential,
way,802991187,house,residential,
way,802991188,yes,other,
way,802991189,yes,other,
way,802991729,house,residential,
way,802991730,house,residential,
way,802991731,house,residential,
way,802991732,yes,other,Jam Joom Hypermarket
way,802991733,commercial,economic,
way,802991735,house,residential,
way,802991736,house,residential,
way,802991737,house,residential,
way,802991738,yes,other,
way,802995734,house,residential,
way,802995735,yes,other,
way,802995736,residential,residential,
way,802995737,yes,other,hall
way,802995738,residential,residential,
way,802995739,house,residential,
way,802995740,residential,residential,
way,802995742,yes,other,
way,802995743,yes,other,
way,802995744,house,residential,
way,802995745,yes,other,
way,802995746,residential,residential,
way,802995748,yes,other,
way,802998526,residential,residential,
way,802998527,residential,residential,
way,802998528,house,residential,
way,802998529,yes,other,
way,802998532,yes,other,
way,803002201,house,residential,
way,803002202,residential,residential,
way,803002203,yes,other,
way,803002204,industrial,economic,
way,803014245,commercial,economic,
way,803014247,house,residential,
way,803014248,yes,other,
way,803014250,house,residential,
way,803014251,house,residential,
way,803014252,industrial,economic,
way,803014255,residential,residential,
way,803014711,house,residential,
way,803018652,yes,other,
way,803018653,residential,residential,
way,803018654,residential,residential,
way,803018655,residential,residential,
way,803018656,yes,other,
way,803018657,house,residential,
way,803018659,house,residential,
way,803018660,yes,other,
way,803018665,house,residential,
way,803018666,house,residential,
way,803018667,house,residential,
way,803018668,house,residential,
way,803018669,house,residential,
way,803018670,residential,residential,
way,803018671,yes,other,
way,803018672,residential,residential,
way,803020628,house,residential,
way,803020629,house,residential,
way,803020630,residential,residential,
way,803020631,yes,other,
way,803020632,residential,residential,
way,803020633,residential,residential,
way,803020634,yes,other,
way,803020635,house,residential,
way,803020636,residential,residential,
way,803020637,house,residential,
way,803021807,yes,other,Anganwadi
way,803021808,yes,other,Ration Shop
way,803091917,school,critical,stage
way,803091918,house,residential,
way,803091919,house,residential,pallikkudamkunnel
way,803091920,house,residential,kattampillil
way,803091921,house,residential,edakkulam
way,803091922,yes,other,udaya arts and sports club
way,803091923,yes,other,chiken stall
way,803091924,yes,other,gramapanchayath community hall
way,803147835,hospital,critical,General Hospital Kalpetta
way,803157427,yes,other,
way,803157428,house,residential,
way,803157432,yes,other,
way,803157435,house,residential,
way,803172884,house,residential,
way,803172885,house,residential,
way,803172886,house,residential,
way,803172887,house,residential,
way,803172889,house,residential,
way,803172890,house,residential,
way,803172891,house,residential,
way,803172892,house,residential,
way,803172898,house,residential,
way,803172902,house,residential,
way,803172904,house,residential,
way,803172905,house,residential,
way,803172906,shed,other,
way,803172907,shed,other,
way,803172908,house,residential,
way,803172909,house,residential,
way,803172910,house,residential,
way,803172911,house,residential,
way,803172912,house,residential,
way,803172913,house,residential,
way,803172917,house,residential,
way,803172918,house,residential,
way,803172919,house,residential,
way,803186784,house,residential,
way,803186785,house,residential,
way,803186786,house,residential,
way,803186789,house,residential,
way,803186790,house,residential,
way,803186791,house,residential,
way,803186793,house,residential,
way,803186800,house,residential,
way,803186801,house,residential,
way,803186802,house,residential,
way,803186803,house,residential,
way,803186804,house,residential,
way,803186805,house,residential,
way,803186806,house,residential,
way,803186807,house,residential,
way,803186808,house,residential,
way,803192846,house,residential,
way,803192848,yes,other,
way,803192849,house,residential,
way,803192850,house,residential,
way,803192851,house,residential,
way,803192852,house,residential,
way,803192856,house,residential,
way,803192858,house,residential,
way,803192859,house,residential,
way,803192860,yes,other,
way,803194646,yes,other,
way,803194647,house,residential,
way,803194648,house,residential,
way,803194651,residential,residential,
way,803194652,house,residential,
way,803194653,house,residential,
way,803194654,house,residential,
way,803206547,house,residential,
way,803206548,house,residential,
way,803206552,house,residential,
way,803206554,house,residential,
way,803206555,house,residential,
way,803206581,house,residential,
way,803206582,house,residential,
way,803206583,house,residential,
way,803206584,house,residential,
way,803206585,house,residential,
way,803206586,house,residential,
way,803206587,house,residential,
way,803206710,house,residential,
way,803206711,house,residential,
way,803206712,house,residential,
way,803206713,house,residential,
way,803206716,shed,other,
way,803206718,house,residential,
way,803206719,house,residential,
way,803206722,house,residential,
way,803206723,house,residential,
way,803206724,house,residential,
way,803206725,house,residential,
way,803206726,house,residential,
way,803206727,house,residential,
way,803206728,shed,other,
way,803206729,shed,other,
way,803206730,house,residential,
way,803206733,house,residential,
way,803206734,house,residential,
way,803206739,shed,other,
way,803206740,house,residential,
way,803206745,house,residential,
way,803206746,house,residential,
way,803206747,house,residential,
way,803206748,house,residential,
way,803206749,house,residential,
way,803206751,house,residential,
way,803206752,house,residential,
way,803206753,house,residential,
way,803206754,house,residential,
way,803206755,house,residential,
way,803206756,house,residential,
way,803206757,house,residential,
way,803213254,house,residential,
way,803213258,house,residential,
way,803213260,house,residential,
way,803213262,house,residential,
way,803217048,house,residential,
way,803217049,house,residential,
way,803217050,house,residential,
way,803217051,house,residential,
way,803217052,house,residential,
way,803217053,house,residential,
way,803217054,house,residential,
way,803217057,house,residential,
way,803217058,house,residential,
way,803217059,house,residential,
way,803217061,house,residential,
way,803217062,house,residential,
way,803217063,house,residential,
way,803217064,house,residential,
way,803217065,house,residential,
way,803217066,house,residential,
way,803217067,house,residential,
way,803217068,house,residential,
way,803217069,house,residential,
way,803217070,house,residential,
way,803217071,house,residential,
way,803228912,yes,other,Popular Used Cars (True Value)
way,803228916,kalpetta_garage,other,
way,803237097,house,residential,
way,803237098,house,residential,
way,803237099,house,residential,
way,803237100,house,residential,
way,803237101,house,residential,
way,803237102,house,residential,
way,803237103,house,residential,
way,803237111,house,residential,
way,803237112,house,residential,
way,803237113,house,residential,
way,803288078,house,residential,
way,803288079,house,residential,
way,803288080,house,residential,
way,803292918,house,residential,
way,803292919,house,residential,
way,803292921,residential,residential,
way,803292922,house,residential,
way,803292923,house,residential,
way,803292925,house,residential,
way,803292926,residential,residential,
way,803292927,house,residential,
way,803297681,residential,residential,
way,803297682,house,residential,
way,803297683,residential,residential,
way,803297684,house,residential,
way,803297686,residential,residential,
way,803297687,house,residential,
way,803297688,house,residential,
way,803297689,house,residential,
way,803297691,house,residential,
way,803297692,house,residential,
way,803297693,residential,residential,
way,803297694,house,residential,
way,803297695,house,residential,
way,803298886,yes,other,
way,803302110,commercial,economic,
way,803302111,house,residential,
way,803302112,house,residential,
way,803302113,house,residential,
way,803302114,house,residential,
way,803302115,house,residential,
way,803302116,yes,other,shop
way,803302117,house,residential,
way,803302118,house,residential,
way,803306531,yes,other,
way,803306535,house,residential,
way,803306548,yes,other,
way,803306563,yes,other,
way,803306566,yes,other,
way,803306572,yes,other,
way,803307118,yes,other,
way,803307119,yes,other,kakkavayal juma masjid
way,803307120,yes,other,ans solution
way,803307121,yes,other,renault
way,803307122,yes,other,Vijaya Bank Kakkavayal
way,803307123,yes,other,PVS FORD
way,803326520,school,critical,
way,803328342,house,residential,
way,803328343,residential,residential,
way,803328344,house,residential,
way,803328345,house,residential,
way,803328346,house,residential,
way,803328347,house,residential,
way,803328348,house,residential,
way,803328349,house,residential,
way,803328350,house,residential,
way,803328351,house,residential,
way,803328352,house,residential,
way,803331619,residential,residential,
way,803331620,house,residential,
way,803331621,yes,other,
way,803331622,residential,residential,
way,803331623,residential,residential,
way,803331624,yes,other,open auditorium
way,803334697,house,residential,
way,803334698,house,residential,
way,803334699,house,residential,
way,803334700,house,residential,
way,803334701,house,residential,
way,803334702,house,residential,
way,803334703,house,residential,
way,803334704,house,residential,
way,803334705,house,residential,
way,803334706,residential,residential,
way,803334707,house,residential,
way,803334708,house,residential,
way,803334709,house,residential,
way,803334710,house,residential,
way,803334711,house,residential,
way,803334712,residential,residential,
way,803334713,house,residential,
way,803334714,house,residential,
way,803334715,house,residential,
way,803334716,house,residential,
way,803334717,house,residential,
way,803341050,house,residential,
way,803341051,house,residential,
way,803341052,house,residential,
way,803341053,house,residential,
way,803341054,house,residential,
way,803341055,house,residential,
way,803341057,house,residential,
way,803341058,house,residential,
way,803341059,house,residential,
way,803341060,house,residential,
way,803341061,house,residential,
way,803342092,house,residential,
way,803342093,house,residential,
way,803342094,house,residential,
way,803342095,house,residential,
way,803342096,house,residential,
way,803342097,house,residential,
way,803342098,house,residential,
way,803342099,house,residential,
way,803388558,yes,other,
way,803400378,yes,other,
way,803400379,yes,other,
way,803400380,yes,other,
way,803402058,mosque,other,Kalpetta Juma Masjid (Valiya Palli)
way,803416429,house,residential,
way,803416430,yes,other,
way,803416431,yes,other,
way,803416432,yes,other,
way,803416434,yes,other,
way,803416435,yes,other,
way,803416436,yes,other,
way,803416437,yes,other,
way,803416438,yes,other,
way,803416439,yes,other,
way,803419016,house,residential,koovakkattil(h)
way,803419017,house,residential,velikkathuparambil
way,803419018,house,residential,athambungal(h)
way,803419019,house,residential,plachery(h)
way,803419020,house,residential,
way,803419022,yes,other,
way,803558261,yes,other,"Ration Shop, Theneri"
way,803558262,house,residential,
way,803558263,house,residential,
way,803558264,house,residential,
way,803561890,house,residential,
way,803561891,house,residential,
way,803561892,commercial,economic,
way,803561893,commercial,economic,
way,803561894,house,residential,
way,803561895,commercial,economic,
way,803561896,house,residential,
way,803561897,house,residential,
way,803561898,commercial,economic,
way,803566174,house,residential,
way,803566175,house,residential,
way,803566176,house,residential,
way,803566177,house,residential,
way,803566178,house,residential,
way,803566179,school,critical,
way,803566180,house,residential,
way,803566181,commercial,economic,
way,803566182,house,residential,
way,803566183,house,residential,
way,803566184,house,residential,
way,803566185,house,residential,
way,803566186,house,residential,
way,803566187,commercial,economic,
way,803566188,house,residential,
way,803566189,house,residential,
way,803566190,house,residential,
way,803566191,house,residential,
way,803566192,yes,other,bus stand
way,803566193,commercial,economic,
way,803566194,yes,other,sundirect
way,803566195,house,residential,
way,803566196,house,residential,
way,803566197,house,residential,
way,803566198,house,residential,
way,803566199,commercial,economic,
way,803569226,house,residential,
way,803569227,house,residential,
way,803569229,house,residential,
way,803573971,house,residential,
way,803573976,house,residential,
way,803573977,house,residential,
way,803573978,house,residential,
way,803573980,house,residential,
way,803573985,house,residential,
way,803573988,house,residential,
way,803579671,commercial,economic,
way,803579672,commercial,economic,shops
way,803579673,house,residential,residential house
way,803587468,school,critical,"Kristhu Raja Public School, Vellaram"
way,803587469,yes,other,"Fire and Rescue Station, Kalpetta"
way,803587473,yes,other,
way,803587474,yes,other,Peters Hill View Residency
way,803603357,house,residential,
way,803603358,house,residential,
way,803603361,house,residential,
way,803603362,house,residential,
way,803603363,house,residential,
way,803603364,shed,other,
way,803603365,house,residential,
way,803603366,house,residential,
way,803658639,house,residential,
way,803658640,house,residential,
way,803658641,house,residential,
way,803658642,house,residential,
way,803658643,house,residential,
way,803658644,house,residential,
way,803658648,house,residential,
way,803659610,house,residential,
way,803659613,house,residential,
way,803663054,house,residential,
way,803663055,house,residential,
way,803663056,house,residential,
way,803663057,house,residential,
way,803663058,house,residential,
way,803667005,house,residential,
way,803667006,house,residential,
way,803667007,house,residential,
way,803667008,house,residential,
way,803667009,house,residential,
way,803667010,house,residential,
way,803671813,house,residential,
way,803672126,house,residential,
way,803672127,house,residential,
way,803672128,house,residential,
way,803672129,house,residential,
way,803672130,house,residential,
way,803672131,house,residential,
way,803672132,house,residential,
way,803672133,house,residential,
way,803672135,house,residential,
way,803672136,house,residential,
way,803672137,house,residential,
way,803672138,house,residential,
way,803674166,house,residential,
way,803674168,house,residential,
way,803674169,house,residential,
way,803675835,house,residential,
way,803675836,house,residential,
way,803675837,house,residential,
way,803675838,house,residential,
way,803675839,house,residential,
way,803675840,house,residential,
way,803675841,house,residential,
way,803675842,house,residential,
way,803675843,house,residential,
way,803675844,house,residential,
way,803675845,yes,other,
way,803675846,house,residential,
way,803675847,house,residential,
way,803675848,house,residential,
way,803675849,house,residential,
way,803675850,house,residential,
way,803675851,yes,other,
way,803675852,house,residential,
way,803675853,house,residential,
way,803675854,house,residential,
way,803677954,yes,other,
way,803677955,house,residential,
way,803677956,house,residential,
way,803677957,house,residential,
way,803677958,house,residential,
way,803683663,house,residential,
way,803683664,house,residential,
way,803683665,house,residential,
way,803683667,house,residential,
way,803683668,house,residential,
way,803683669,house,residential,
way,803683670,house,residential,
way,803683671,house,residential,
way,803683672,house,residential,
way,803683673,house,residential,
way,803707813,yes,other,vazhiyoram restaurant
way,803707814,yes,other,food palace
way,803707816,yes,other,mahindra motors
way,803707817,yes,other,vazhiyoram
way,803707818,yes,other,Indus motors
way,803707819,house,residential,anurag tourist home
way,803707821,yes,other,mahindra sales
way,803711249,house,residential,
way,803711250,house,residential,
way,803711252,house,residential,
way,803711253,house,residential,
way,803711254,house,residential,
way,803711255,house,residential,
way,803711256,house,residential,
way,803711258,house,residential,
way,803712222,house,residential,
way,803712223,house,residential,
way,803712224,house,residential,
way,803738894,house,residential,
way,803738895,yes,other,
way,803738896,house,residential,
way,803738897,house,residential,
way,803738898,house,residential,
way,803738899,house,residential,
way,803738900,house,residential,
way,803738901,house,residential,
way,803738902,house,residential,
way,803738903,house,residential,
way,803738904,house,residential,
way,803738905,house,residential,
way,803738906,shed,other,
way,803738909,house,residential,
way,803738910,house,residential,
way,803738911,house,residential,
way,803738913,house,residential,
way,803738914,house,residential,
way,803738917,house,residential,
way,803738918,house,residential,
way,803738919,house,residential,
way,803738920,house,residential,
way,803738921,house,residential,
way,803738922,house,residential,
way,803738929,house,residential,
way,803752864,yes,other,
way,803754170,school,critical,
way,803769222,house,residential,
way,803769223,house,residential,
way,803769224,house,residential,
way,803769225,house,residential,
way,803769227,house,residential,
way,803769228,house,residential,
way,803769229,house,residential,
way,803786004,house,residential,
way,803786005,house,residential,
way,803786006,house,residential,
way,804081265,house,residential,
way,804081266,house,residential,
way,804081267,house,residential,
way,804081268,house,residential,
way,804081269,yes,other,
way,804081270,house,residential,
way,804081271,house,residential,
way,804081272,house,residential,
way,804081273,yes,other,
way,804081704,yes,other,
way,804081705,mosque,other,
way,804085504,house,residential,
way,804085506,house,residential,
way,804085508,house,residential,
way,804085510,house,residential,
way,804085513,house,residential,
way,804086138,house,residential,
way,804087900,commercial,economic,
way,804087901,house,residential,
way,804087903,house,residential,
way,804097077,house,residential,ramanad
way,804118384,house,residential,
way,804118385,house,residential,
way,804118386,house,residential,
way,804118387,house,residential,
way,804118388,house,residential,
way,804118389,house,residential,
way,804118390,house,residential,
way,804118391,house,residential,
way,804118392,house,residential,
way,804118393,apartments,residential,
way,804118394,house,residential,
way,804118395,house,residential,
way,804118396,house,residential,
way,804118397,house,residential,
way,804118398,house,residential,
way,804118399,house,residential,
way,804118400,house,residential,
way,804121248,house,residential,
way,804121250,house,residential,
way,804121251,house,residential,
way,804121252,house,residential,
way,804121253,house,residential,
way,804121254,house,residential,
way,804121255,house,residential,
way,804121256,house,residential,
way,804121257,apartments,residential,
way,804121258,house,residential,
way,804121261,house,residential,
way,804180237,house,residential,
way,804180242,church,other,St Joseph's church
way,804198567,house,residential,
way,804198568,house,residential,
way,804198569,house,residential,
way,804198570,house,residential,
way,804198571,house,residential,
way,804198572,yes,other,
way,804198573,house,residential,
way,804198574,yes,other,
way,804198575,yes,other,
way,804198576,house,residential,
way,804198577,house,residential,
way,804198578,house,residential,
way,804198579,yes,other,
way,804198580,house,residential,
way,804198582,house,residential,
way,804198583,house,residential,
way,804198584,house,residential,
way,804198585,house,residential,
way,804198586,yes,other,
way,804198587,house,residential,
way,804198588,house,residential,
way,804198589,house,residential,
way,804198590,house,residential,
way,804198593,yes,other,
way,804207197,yes,other,
way,804207198,yes,other,
way,804207199,yes,other,
way,804207200,yes,other,
way,804207202,house,residential,
way,804207203,house,residential,
way,804207204,house,residential,
way,804207205,house,residential,
way,804207206,yes,other,
way,804207208,house,residential,
way,804207210,yes,other,
way,804207211,house,residential,
way,804207212,yes,other,
way,804207213,yes,other,
way,804207214,house,residential,
way,804207215,yes,other,
way,804207216,yes,other,
way,804211102,house,residential,
way,804211103,house,residential,
way,804211104,yes,other,
way,804211106,yes,other,
way,804211110,yes,other,
way,804211113,yes,other,
way,804211114,house,residential,
way,804211115,house,residential,
way,804211117,yes,other,
way,804211118,house,residential,
way,804215013,house,residential,
way,804215014,house,residential,
way,804215015,yes,other,
way,804215016,yes,other,
way,804215017,house,residential,
way,804215018,yes,other,
way,804215021,house,residential,
way,804215022,house,residential,
way,804215023,yes,other,
way,804217501,yes,other,
way,804229681,house,residential,
way,804229682,house,residential,
way,804229683,house,residential,
way,804229684,house,residential,
way,804229685,house,residential,
way,804229686,house,residential,
way,804229687,house,residential,
way,804229688,house,residential,
way,804229689,house,residential,
way,804229690,house,residential,
way,804229691,house,residential,
way,804229692,house,residential,
way,804229693,house,residential,
way,804229694,house,residential,
way,804229695,yes,other,
way,804229696,house,residential,
way,804229699,yes,other,
way,804235017,house,residential,
way,804235018,house,residential,
way,804235019,house,residential,
way,804235020,house,residential,
way,804235021,house,residential,
way,804235022,house,residential,
way,804235023,house,residential,
way,804235024,house,residential,
way,804235025,house,residential,
way,804235028,house,residential,
way,804235029,yes,other,
way,804235030,house,residential,
way,804235031,house,residential,
way,804235032,house,residential,
way,804235033,house,residential,
way,804235034,house,residential,
way,804235035,house,residential,
way,804243564,house,residential,
way,804243565,house,residential,
way,804243567,house,residential,
way,804243568,house,residential,
way,804243569,house,residential,
way,804243570,house,residential,
way,804243571,house,residential,
way,804243572,house,residential,
way,804243573,house,residential,
way,804243574,house,residential,
way,804243575,house,residential,
way,804243576,house,residential,
way,804243577,house,residential,
way,804243578,house,residential,
way,804243579,house,residential,
way,804243580,house,residential,
way,804243581,house,residential,
way,804243582,house,residential,
way,804243583,house,residential,
way,804249102,house,residential,
way,804249103,house,residential,
way,804249104,house,residential,
way,804249105,house,residential,
way,804249106,house,residential,
way,804249107,house,residential,
way,804249108,house,residential,
way,804249109,house,residential,
way,804249110,house,residential,
way,804249111,house,residential,
way,804249112,house,residential,
way,804249113,house,residential,
way,804249114,house,residential,
way,804249115,house,residential,
way,804249116,house,residential,
way,804249117,house,residential,
way,804249118,house,residential,
way,804249119,house,residential,
way,804249120,house,residential,
way,804249121,house,residential,
way,804253641,house,residential,
way,804253642,house,residential,
way,804253643,house,residential,
way,804253644,house,residential,
way,804253648,house,residential,
way,804253649,house,residential,
way,804253650,house,residential,
way,804253651,house,residential,
way,804253652,house,residential,
way,804253653,house,residential,
way,804253654,house,residential,
way,804253655,house,residential,
way,804253656,house,residential,
way,804253657,house,residential,
way,804253658,house,residential,
way,804253659,house,residential,
way,804253660,house,residential,
way,804274827,house,residential,
way,804274828,house,residential,
way,804274829,house,residential,
way,804274830,house,residential,
way,804274831,house,residential,
way,804274832,house,residential,
way,804274833,house,residential,
way,804274834,house,residential,
way,804274835,house,residential,
way,804274836,house,residential,
way,804274838,house,residential,
way,804274839,house,residential,
way,804274840,house,residential,
way,804274841,house,residential,
way,804274842,house,residential,
way,804274843,house,residential,
way,804274844,house,residential,
way,804274845,house,residential,
way,804274846,house,residential,
way,804277559,house,residential,
way,804277560,house,residential,
way,804277561,house,residential,
way,804277562,house,residential,
way,804277563,house,residential,
way,804277564,house,residential,
way,804277565,house,residential,
way,804277568,house,residential,
way,804277569,house,residential,
way,804277570,house,residential,
way,804277571,house,residential,
way,804277572,house,residential,
way,804278349,house,residential,
way,804278350,house,residential,
way,804278351,house,residential,
way,804278352,house,residential,
way,804278353,house,residential,
way,804278354,house,residential,
way,804278355,house,residential,
way,804278357,house,residential,
way,804278358,house,residential,
way,804278359,house,residential,
way,804278360,house,residential,
way,804278361,house,residential,
way,804278362,house,residential,
way,804278363,house,residential,
way,804278364,house,residential,
way,804278365,house,residential,
way,804278366,house,residential,
way,804278367,house,residential,
way,804278368,house,residential,
way,804290868,yes,other,
way,804290869,yes,other,Chandragiri Auditorium
way,804290870,house,residential,
way,804293384,house,residential,
way,804293385,yes,other,
way,804293386,house,residential,
way,804293387,house,residential,
way,804294404,house,residential,
way,804294405,house,residential,
way,804294406,house,residential,
way,804294410,house,residential,
way,804294411,house,residential,
way,804294412,house,residential,
way,804294414,house,residential,
way,804294416,yes,other,
way,804297888,yes,other,
way,804297889,house,residential,
way,804297890,yes,other,
way,804297891,yes,other,
way,804297892,yes,other,
way,804297893,house,residential,
way,804297895,yes,other,
way,804297896,house,residential,
way,804297897,yes,other,
way,804297898,house,residential,
way,804297899,yes,other,
way,804297901,yes,other,
way,804297902,house,residential,
way,804297903,yes,other,
way,804297905,house,residential,
way,804297906,yes,other,
way,804297907,yes,other,
way,804297908,house,residential,
way,804297909,house,residential,
way,804390018,yes,other,Immaculate Heart of Mary Church
way,804511211,house,residential,
way,804511212,yes,other,
way,804511213,house,residential,
way,804511214,yes,other,
way,804511215,yes,other,
way,804511216,yes,other,
way,804511217,house,residential,
way,804511218,yes,other,
way,804511219,yes,other,
way,804511220,yes,other,
way,804511221,house,residential,
way,804511222,house,residential,
way,804534753,yes,other,Kuzhivayal Post Office
way,804559766,house,residential,
way,804559767,house,residential,
way,804559768,house,residential,
way,804559769,house,residential,
way,804559770,house,residential,
way,804559771,commercial,economic,
way,804561217,house,residential,
way,804561218,house,residential,
way,804561219,house,residential,
way,804561220,house,residential,
way,804561221,house,residential,
way,804561223,house,residential,
way,804561224,house,residential,
way,804561225,house,residential,
way,804561226,house,residential,
way,804561227,house,residential,
way,804561228,house,residential,
way,804561414,house,residential,
way,804561415,house,residential,
way,804561416,house,residential,
way,804561417,house,residential,
way,804561418,house,residential,
way,804561419,house,residential,
way,804561420,house,residential,
way,804561421,house,residential,
way,804561422,residential,residential,
way,804561423,house,residential,
way,804561424,house,residential,
way,804561425,house,residential,
way,804561426,house,residential,
way,804561427,house,residential,
way,804561428,house,residential,
way,804561429,house,residential,
way,804561430,house,residential,
way,804561431,house,residential,
way,804561432,house,residential,
way,804561433,house,residential,
way,804561434,house,residential,
way,804561435,house,residential,
way,804561436,house,residential,
way,804561437,house,residential,
way,804561438,house,residential,
way,804561439,house,residential,
way,804561440,house,residential,
way,804561441,house,residential,
way,804561442,house,residential,
way,804561443,house,residential,
way,804561444,house,residential,
way,804561445,house,residential,
way,804561446,house,residential,
way,804561447,house,residential,
way,804561448,house,residential,
way,804561449,house,residential,
way,804561450,house,residential,
way,804561451,house,residential,
way,804561452,house,residential,
way,804561453,house,residential,
way,804561454,house,residential,
way,804561455,house,residential,
way,804561456,house,residential,
way,804561457,house,residential,
way,804561458,house,residential,
way,804561459,house,residential,
way,804561460,house,residential,
way,804561461,house,residential,
way,804561462,house,residential,
way,804561463,house,residential,
way,804568280,yes,other,
way,804598104,house,residential,
way,804598105,house,residential,
way,804598106,house,residential,
way,804598109,house,residential,
way,804598110,house,residential,
way,804598111,house,residential,
way,804598112,house,residential,
way,804598113,house,residential,
way,804598114,house,residential,
way,804598115,house,residential,
way,804598116,house,residential,
way,804598117,house,residential,
way,804598118,house,residential,
way,804598119,house,residential,
way,804598120,house,residential,
way,804598121,house,residential,
way,804598122,house,residential,
way,804598123,house,residential,
way,804601333,house,residential,
way,804601334,house,residential,
way,804601335,house,residential,
way,804601336,house,residential,
way,804601337,house,residential,
way,804601338,house,residential,
way,804601339,house,residential,
way,804601340,house,residential,
way,804601341,house,residential,
way,804601342,house,residential,
way,804601343,house,residential,
way,804601344,house,residential,
way,804601345,house,residential,
way,804601346,house,residential,
way,804601347,house,residential,
way,804601348,house,residential,
way,804601349,house,residential,
way,804601350,house,residential,
way,804601351,house,residential,
way,804601352,house,residential,
way,804601353,house,residential,
way,804602907,house,residential,
way,804602908,house,residential,
way,804602909,house,residential,
way,804602910,house,residential,
way,804602911,house,residential,
way,804602912,house,residential,
way,804602913,house,residential,
way,804602914,house,residential,
way,804602915,house,residential,
way,804602916,house,residential,
way,804602917,house,residential,
way,804602918,house,residential,
way,804602919,house,residential,
way,804602920,house,residential,
way,804602921,house,residential,
way,804602922,house,residential,
way,804602923,house,residential,
way,804602924,house,residential,
way,804602925,house,residential,
way,804602926,house,residential,
way,804661689,house,residential,
way,804788647,house,residential,
way,804788648,house,residential,
way,804788649,house,residential,
way,804788650,house,residential,
way,804788651,house,residential,
way,804788652,house,residential,
way,804788653,house,residential,
way,804788654,house,residential,
way,804788655,residential,residential,
way,804788656,residential,residential,
way,804788657,house,residential,
way,804788658,yes,other,
way,804788660,house,residential,
way,804788661,yes,other,
way,804788662,yes,other,
way,804788663,industrial,economic,
way,804788664,house,residential,
way,804788665,house,residential,
way,804788666,residential,residential,
way,804788668,yes,other,
way,804788669,residential,residential,
way,804788670,yes,other,
way,804788671,yes,other,
way,804788672,house,residential,
way,804812412,yes,other,Lions Clubs International
way,804812426,residential,residential,sakthi retreat
way,804813320,apartments,residential,
way,804813321,industrial,economic,
way,804813323,apartments,residential,
way,804813325,apartments,residential,
way,804813327,yes,other,
way,804813330,industrial,economic,
way,804813331,apartments,residential,
way,804905414,house,residential,
way,804905415,house,residential,
way,804905416,house,residential,
way,804905417,house,residential,
way,804905418,house,residential,
way,804905419,house,residential,
way,804905420,house,residential,
way,804905421,house,residential,
way,804905422,house,residential,
way,804905423,house,residential,
way,805230172,yes,other,
way,805230173,yes,other,
way,805230174,yes,other,
way,805257640,house,residential,
way,805257641,house,residential,
way,805257646,school,critical,SKMJ HSS (HSS SEC)
way,805285513,yes,other,
way,805285516,yes,other,
way,805285517,yes,other,
way,805285518,yes,other,
way,805285969,yes,other,
way,805831321,house,residential,
way,805831322,house,residential,
way,805831323,house,residential,
way,805831324,house,residential,
way,805831325,house,residential,
way,805831326,house,residential,
way,805831327,house,residential,
way,805831328,house,residential,
way,805831329,house,residential,
way,805831330,house,residential,
way,805971471,yes,other,
way,805971472,yes,other,
way,805971473,yes,other,
way,805971476,yes,other,
way,805971477,yes,other,
way,805974744,yes,other,
way,805974753,yes,other,
way,805982296,yes,other,"Veterinary Hospital, Panamaram"
way,805982298,yes,other,
way,805982300,yes,other,
way,805982301,yes,other,SERVICE STATION
way,805982304,yes,other,
way,805982305,yes,other,
way,805982306,mosque,other,mosque panamaram
way,805982307,library,critical,"Chethana Library, Panamaram"
way,805982311,yes,other,
way,805982313,yes,other,
way,805982314,yes,other,
way,805982317,yes,other,
way,805982318,yes,other,"Panchayath Office, Panamaram"
way,805982321,yes,other,"Community Hall, Panamaram"
way,805982323,yes,other,
way,805982324,yes,other,
way,805982325,yes,other,
way,805982326,yes,other,
way,805982327,yes,other,
way,805982330,yes,other,
way,805982331,yes,other,
way,805982333,yes,other,
way,805982336,yes,other,
way,805982337,yes,other,
way,805982338,yes,other,
way,805982340,yes,other,
way,805982341,yes,other,
way,805982342,house,residential,
way,805982344,yes,other,
way,805982345,yes,other,
way,805982346,yes,other,
way,805982347,yes,other,
way,805982349,yes,other,
way,805982350,yes,other,
way,805982351,yes,other,
way,805982356,yes,other,
way,805982357,yes,other,
way,806698016,yes,other,
way,806698017,house,residential,
way,806698018,yes,other,
way,806698019,yes,other,
way,806698020,yes,other,
way,806698021,house,residential,
way,806698022,house,residential,
way,806698023,house,residential,
way,806698024,house,residential,
way,806698025,house,residential,
way,806699857,house,residential,
way,806699859,house,residential,
way,806699863,house,residential,
way,806699864,yes,other,
way,806699865,house,residential,
way,806699866,house,residential,
way,806699868,house,residential,
way,806700870,house,residential,
way,806700871,yes,other,
way,806700872,yes,other,
way,806700873,house,residential,
way,806700874,house,residential,
way,806700875,house,residential,
way,806700876,house,residential,
way,806701855,yes,other,
way,806701856,yes,other,
way,806701858,yes,other,
way,806701859,house,residential,
way,806701860,yes,other,"Government Premetric Boys Hostel, Kakkavayal"
way,806701861,house,residential,
way,806701862,house,residential,
way,806701863,house,residential,
way,806701864,house,residential,
way,806701865,house,residential,
way,806701866,yes,other,
way,806701867,house,residential,
way,806701868,house,residential,
way,806701869,house,residential,
way,806703672,house,residential,
way,806703673,house,residential,
way,806703674,house,residential,
way,806703675,yes,other,
way,806703676,yes,other,
way,806703677,yes,other,
way,806703679,yes,other,
way,806703680,yes,other,
way,806703681,house,residential,
way,806703682,house,residential,
way,806726528,house,residential,
way,806729251,yes,other,
way,806729252,house,residential,
way,806729253,yes,other,
way,806729254,house,residential,
way,806729255,yes,other,
way,806789770,yes,other,
way,806789772,yes,other,
way,806789774,yes,other,
way,806789775,yes,other,
way,806789776,yes,other,
way,806789777,yes,other,
way,806789778,yes,other,
way,806789779,yes,other,
way,806789780,yes,other,
way,806789781,yes,other,
way,806790989,yes,other,
way,806793867,yes,other,
way,806793868,house,residential,
way,806793869,yes,other,
way,806793870,yes,other,
way,806793872,yes,other,
way,806793873,yes,other,
way,806793876,yes,other,"Community Hall, Theneri"
way,806793877,house,residential,
way,806793878,yes,other,
way,806793879,yes,other,
way,809972207,yes,other,AutoCare
way,809972891,yes,other,Ananthaveera
way,809972893,retail,economic,
way,810212106,yes,other,
way,819161544,house,residential,sangamam house
way,820206753,retail,economic,Madras automobile
way,824661936,yes,other,
way,824661937,yes,other,
way,824661938,yes,other,
way,824661939,yes,other,
way,824661940,yes,other,
way,824661941,yes,other,
way,824661942,yes,other,
way,824661943,yes,other,
way,824661944,yes,other,
way,824661945,yes,other,
way,824661946,yes,other,
way,824661947,yes,other,
way,824661948,yes,other,
way,824661949,yes,other,
way,824661950,yes,other,
way,824661951,yes,other,
way,824661952,yes,other,
way,824661953,yes,other,
way,824661954,yes,other,
way,824661955,yes,other,
way,824661956,yes,other,
way,824661957,yes,other,
way,824661958,yes,other,
way,824661959,yes,other,
way,824661960,yes,other,
way,824661961,yes,other,
way,824661962,yes,other,
way,824661963,yes,other,
way,824661964,yes,other,
way,824661965,yes,other,
way,824661966,yes,other,
way,824661967,yes,other,
way,824661968,yes,other,
way,824661969,yes,other,
way,824661970,yes,other,
way,824661971,yes,other,
way,824661972,yes,other,
way,824661973,yes,other,
way,824661974,yes,other,
way,824661975,yes,other,
way,824661976,yes,other,
way,824661977,yes,other,
way,824661978,yes,other,
way,824661979,yes,other,
way,824661980,yes,other,
way,824661981,yes,other,
way,824661982,yes,other,
way,824661983,yes,other,
way,824661984,yes,other,
way,824661985,yes,other,
way,824661986,yes,other,
way,824661987,yes,other,
way,824661988,yes,other,
way,824661989,yes,other,
way,824661990,yes,other,
way,824661991,yes,other,
way,824661992,yes,other,
way,824661993,yes,other,
way,824661994,yes,other,
way,824661995,yes,other,
way,824661996,yes,other,
way,824661997,yes,other,
way,824661998,yes,other,
way,824661999,yes,other,
way,824662000,yes,other,
way,824662001,yes,other,
way,824662002,yes,other,
way,824662003,yes,other,
way,824662004,yes,other,
way,824662005,yes,other,
way,824662006,yes,other,
way,824662007,yes,other,
way,824662008,yes,other,
way,824662009,yes,other,
way,824662010,yes,other,
way,824662011,yes,other,
way,827554950,yes,other,
way,827554959,yes,other,
way,827554960,yes,other,
way,827554965,yes,other,
way,827554969,yes,other,"Government Homeo Dispensary, Mandad"
way,827554971,yes,other,
way,827554979,yes,other,
way,827554981,yes,other,
way,827554982,hospital,critical,Amrita Kripa Charitable Hospital
way,827554983,yes,other,
way,827554984,yes,other,
way,827554985,hospital,critical,"N.S Hospital, Chundale"
way,827554995,yes,other,
way,827554997,yes,other,
way,827555002,yes,other,
way,831296460,yes,other,
way,837929786,yes,other,government tribal hostel for girls
way,839428999,school,critical,"ST. Thomas Marthoma School, Chundale"
way,839463751,school,critical,"De Paul Public School, Kalpetta"
way,839464050,yes,other,De Paul Church
way,839464051,yes,other,De Paul Working Womens Hostel
way,839464171,yes,other,Bank of India
way,839466344,school,critical,"MCF Public School, Kalpetta"
way,839468866,school,critical,"HIM Upper Primary School, Kalpetta"
way,839473131,school,critical,"Azar Lower Primary School, Pulpara"
way,839474166,school,critical,"Apjsa Lower Primary School Kottapadi, Wayanad"
way,839475629,school,critical,"Government U P School, Cottanad"
way,839481205,school,critical,"Government Upper Primary School, Erumakkoly"
way,839722615,school,critical,"St. Sebastian's Lower Primary School, Vazhavatta"
way,839723355,school,critical,"Government High School, Nellarchal"
way,839742129,school,critical,"Government Lower Primary School, Kadalmad"
way,839749157,school,critical,"Auxilium School, Vaduvanchal"
way,839753904,school,critical,"Aiswarya Vidyamandiram, Karadippara"
way,839754371,school,critical,"Government Lower Primary School, Andoor"
way,839755913,school,critical,Isma Crescent Public School
way,839858296,school,critical,"Govrnment Lower Primary School, Malika"
way,839859787,school,critical,"Government Lower Primary School, Ambukuthy"
way,839861530,school,critical,Mercy Home Special School For Mentally Challenged
way,840086365,school,critical,Ideal English School Bathery
way,840086366,school,critical,Ideal English School Bathery
way,840095655,school,critical,St rossellos School HSS
way,840411613,school,critical,Government High School Beenachi
way,840411614,school,critical,Government High School Beenachi
way,841583657,school,critical,GLPS Edakkal
way,841585374,school,critical,glps ambalavayal
way,841585375,school,critical,
way,841585376,school,critical,
way,841585377,school,critical,
way,841585378,school,critical,
way,841585379,school,critical,
way,841585380,school,critical,
way,841588782,school,critical,
way,841591438,school,critical,Office Building
way,841591439,school,critical,
way,841603233,school,critical,
way,841604263,school,critical,
way,841606169,school,critical,
way,841606170,school,critical,
way,841606171,school,critical,
way,841609186,school,critical,
way,841613968,church,other,
way,841613969,school,critical,
way,841613970,school,critical,
way,841678473,school,critical,
way,841678474,school,critical,
way,841678475,school,critical,
way,841678476,school,critical,Govt Higher econdary School Meenangadi
way,841682196,school,critical,
way,841682197,school,critical,
way,841682198,school,critical,
way,841682199,school,critical,
way,841682200,school,critical,
way,841682201,school,critical,
way,841684931,school,critical,Govt Lower Primary School Kallupady
way,841799574,school,critical,
way,841799575,school,critical,
way,841802092,school,critical,
way,841802093,school,critical,
way,841803539,school,critical,
way,841803540,school,critical,
way,841803541,school,critical,
way,841803542,school,critical,
way,841803543,school,critical,
way,841807206,school,critical,
way,841807207,school,critical,
way,841807208,school,critical,
way,841807209,school,critical,
way,841809171,school,critical,
way,841951352,school,critical,
way,841958852,school,critical,
way,841960861,school,critical,
way,841960862,school,critical,
way,841960863,school,critical,
way,841960864,school,critical,
way,841961719,school,critical,
way,841963050,school,critical,
way,841963051,school,critical,
way,841964719,school,critical,SKMJ UP
way,841964720,school,critical,SDMLP School Kalpatta
way,841968172,school,critical,
way,841971457,school,critical,
way,841971458,school,critical,
way,841971459,school,critical,
way,841971460,school,critical,G u p s kambalakkad
way,842948263,school,critical,
way,842948264,school,critical,
way,842948265,school,critical,
way,842948266,school,critical,
way,842948267,school,critical,
way,842948268,school,critical,
way,842949884,school,critical,
way,842950736,school,critical,
way,842950737,school,critical,
way,842952329,school,critical,
way,842952330,school,critical,
way,842952331,school,critical,
way,842953055,school,critical,
way,842953056,school,critical,
way,842953057,school,critical,
way,842953058,school,critical,
way,842953059,school,critical,
way,842955670,school,critical,
way,842955671,school,critical,
way,842955672,school,critical,
way,842955673,school,critical,
way,842955674,school,critical,
way,842955675,school,critical,
way,842955676,school,critical,
way,842955677,school,critical,
way,842955678,school,critical,
way,842955679,school,critical,
way,842955680,school,critical,
way,842960055,school,critical,
way,842960056,school,critical,
way,842960057,school,critical,
way,842960058,school,critical,
way,842965203,school,critical,
way,842965213,school,critical,"Government Higher Secondary School, Panamaram"
way,842965222,school,critical,"Government Higher Secondary School, Panamaram"
way,842965223,school,critical,
way,842965224,school,critical,
way,842965227,school,critical,"Government Higher Secondary School, Panamaram"
way,842965229,school,critical,
way,842970450,school,critical,
way,842970451,school,critical,"GLPS, Panamaram"
way,842970452,school,critical,
way,842970453,school,critical,
way,842975134,school,critical,
way,842975135,school,critical,
way,842975136,school,critical,
way,842975137,school,critical,
way,842975138,school,critical,
way,842975139,school,critical,
way,842975140,school,critical,
way,842975141,school,critical,
way,842975142,school,critical,
way,842982208,school,critical,
way,842982209,school,critical,
way,842982210,school,critical,
way,842982211,school,critical,
way,842982212,school,critical,
way,842984108,school,critical,
way,842984110,school,critical,
way,843559154,school,critical,
way,843559155,school,critical,
way,843559156,school,critical,
way,843559157,school,critical,
way,843559158,school,critical,
way,843559159,school,critical,
way,843559160,school,critical,
way,843560776,school,critical,
way,843564101,school,critical,
way,843564102,school,critical,
way,843564103,school,critical,
way,843564104,school,critical,
way,843564105,school,critical,
way,843564106,school,critical,
way,843567795,school,critical,
way,843567796,school,critical,
way,843567797,school,critical,
way,843570448,school,critical,
way,843570449,school,critical,
way,843570450,school,critical,
way,843570451,school,critical,
way,843570452,school,critical,
way,843570453,school,critical,
way,843571239,school,critical,
way,843571240,school,critical,
way,843571241,school,critical,
way,843571242,school,critical,
way,843573422,school,critical,
way,843573423,school,critical,
way,843573424,school,critical,
way,843573425,school,critical,
way,843745034,school,critical,
way,843745035,school,critical,
way,843745036,school,critical,
way,843745037,school,critical,
way,843745038,school,critical,
way,843745039,school,critical,
way,843745040,school,critical,
way,843748475,school,critical,
way,843748476,school,critical,
way,843748477,school,critical,
way,843748478,school,critical,
way,843748479,school,critical,
way,843748480,school,critical,
way,843748481,school,critical,
way,843748482,school,critical,
way,843755048,school,critical,
way,843755049,school,critical,
way,843755050,school,critical,
way,843755051,school,critical,
way,843755052,school,critical,
way,843775771,school,critical,
way,843782489,school,critical,
way,843782490,school,critical,
way,843782492,school,critical,
way,843799165,school,critical,
way,843799166,school,critical,
way,843799167,school,critical,
way,843799168,school,critical,
way,843800787,school,critical,
way,843800788,school,critical,
way,843800789,school,critical,
way,843800790,school,critical,
way,843800791,school,critical,
way,843800792,school,critical,
way,843802855,school,critical,
way,843802856,school,critical,
way,843802857,school,critical,
way,843802858,school,critical,
way,843802859,school,critical,
way,843802860,school,critical,
way,843802861,school,critical,
way,843802862,school,critical,
way,843802863,school,critical,
way,843802864,school,critical,
way,843802865,school,critical,
way,843802866,school,critical,
way,843805450,school,critical,
way,843805451,school,critical,
way,843807257,school,critical,
way,843807258,school,critical,
way,843807259,school,critical,
way,843807260,school,critical,
way,843807261,school,critical,
way,843807262,school,critical,
way,843807263,school,critical,
way,843807264,school,critical,
way,844156343,house,residential,
way,845750582,apartments,residential,
way,845755036,yes,other,Channali Stores
way,845756742,yes,other,Calicut Bakery
way,845758100,yes,other,Madakkimala Service cooperative bank
way,845760469,yes,other,
way,845762329,house,residential,
way,845764816,mosque,other,
way,845767235,yes,other,
way,845768431,house,residential,
way,846618521,school,critical,
way,846618522,school,critical,
way,846618523,school,critical,
way,846618524,school,critical,
way,846618525,school,critical,
way,847920168,yes,other,Kallayi
way,847926010,house,residential,
way,847926870,apartments,residential,
way,847928111,yes,other,
way,847929244,yes,other,
way,847930240,yes,other,
way,847932776,yes,other,Union Bank of India
way,847933170,yes,other,
way,847934318,yes,other,Mayo
way,847937143,yes,other,
way,847939026,yes,other,
way,847939652,yes,other,Legal Metrology
way,847940750,yes,other,
way,847941068,yes,other,Canara Bank
way,847941811,yes,other,
way,847942858,yes,other,
way,847943236,yes,other,Lucky
way,847943615,house,residential,
way,847944005,yes,other,Thoufeeque
way,847944399,yes,other,
way,847944719,yes,other,
way,847945365,yes,other,Smile Dental clinic
way,847945780,yes,other,
way,847946745,yes,other,Surabhi
way,847950146,yes,other,Thriveni
way,847950616,yes,other,
way,847952144,yes,other,
way,847952380,yes,other,Wayanad District Co-operative Bank
way,847952817,yes,other,
way,847955972,yes,other,Krishi bhavan
way,847956302,industrial,economic,Milma
way,847957019,yes,other,Milk Society
way,847962621,yes,other,
way,847963637,yes,other,
way,847964299,house,residential,
way,847964702,house,residential,
way,847964753,house,residential,
way,847964898,house,residential,
way,847965140,house,residential,
way,847965285,house,residential,
way,847965383,house,residential,
way,847965590,yes,other,
way,847968977,yes,other,
way,847969202,yes,other,
way,847969512,yes,other,State Bank of India
way,847970049,yes,other,Vanarani
way,847979988,house,residential,
way,847980048,house,residential,
way,847980174,house,residential,
way,847980191,house,residential,
way,847980290,house,residential,
way,847980482,house,residential,
way,847980528,house,residential,
way,847981172,house,residential,
way,848410699,yes,other,
way,848411561,yes,other,
way,848412368,yes,other,
way,848412954,house,residential,
way,848413020,house,residential,
way,848413100,house,residential,
way,848413189,house,residential,
way,848413254,house,residential,
way,848413445,house,residential,
way,848413512,house,residential,
way,848413541,house,residential,
way,848414447,yes,other,
way,848428377,yes,other,DTPC  Dormitory
way,848429015,yes,other,Department of mining and geology
way,848433097,yes,other,
way,848433361,yes,other,"Canteen, CHC Meenangadi"
way,848435251,yes,other,Purnayoo Arogya Nikethanam
way,848435765,yes,other,Office of the circle inspector excise
way,848443148,yes,other,Kerala state backward classes development corporation
way,849406417,retail,economic,
way,857075127,yes,other,Court
way,857075887,yes,other,District Police Chief office
way,857543471,school,critical,Govt Upper Primary School Perumthatta
way,857543472,yes,other,Block C
way,857543474,yes,other,block B
way,857611804,school,critical,Govt Upper Primary School Puliyarmala
way,857775619,school,critical,Block 1
way,857775767,school,critical,Office block
way,858032410,commercial,economic,District Fire Office Wayanad
way,858051516,yes,other,"Police Station ,Ambalavayal"
way,858052753,yes,other,
way,858053219,yes,other,RR Office Ambalavayal
way,858085685,school,critical,ജി.എൽ.പി.എസ്.പഴുപ്പത്തൂർ
way,858088932,school,critical,ജി.എൽ.പി.എസ്.പഴുപ്പത്തൂർ
way,858092148,yes,other,DdeWayanad
way,858092605,yes,other,"ICDS Office, Panamaram"
way,858092930,school,critical,Government Lower Primary School Poomala
way,858095754,school,critical,Government Lower Primary School Poomala
way,858120259,yes,other,"Village Office, Purakkadi"
way,858130117,house,residential,Paruvummel House
way,858218302,yes,other,"C.No:14,Mathothupoyil"
way,858218632,yes,other,K K Junction Anganvady
way,858219306,yes,other,"C.No:15, Keemjukadavu"
way,858219879,yes,other,"C.No:26,Parakkuni"
way,858235038,school,critical,GHS Athirattukunnu
way,858245194,school,critical,"W.O Lower Primary School, Paralikkunnu"
way,858353839,yes,other,"C.No:16,Ariyannoor"
way,858356717,school,critical,ഗവഃഹൈസ്കൂൾ വാളവയൽ
way,858359426,school,critical,ഗവഃഹൈസ്കൂൾ വാളവയൽ
way,858361328,school,critical,GHS Valavayal Jubilee Building
way,858361580,school,critical,GHS Valavyal UP Building
way,858361872,school,critical,Kitchen(Ghs valavayal)
way,858361957,school,critical,HM Room(Ghs valavayal)
way,858366672,school,critical,Govt Upper Primary School Karachal
way,858374607,school,critical,
way,858376703,yes,other,
way,858377096,yes,other,Kuodothummal Anganavadi
way,858377676,yes,other,Erutthilottekunnu
way,858378349,yes,other,"Edathil Anganavadi , Cheekkalloor"
way,858378980,yes,other,Pachilakkad Second Anganavadi
way,858380905,yes,other,KOLLIVAYAL ANGANWADI
way,858381978,yes,other,Kolipoetta Anganavadi
way,858381992,yes,other,FWC pathiripalam
way,858388911,yes,other,KALARIKUNNU ANGANWADI
way,858390150,yes,other,Edakkombam Anganvady
way,858391363,yes,other,Anganwadi
way,858394011,yes,other,Assistant Director of Agriculture
way,858397329,yes,other,"Sub Center, Pakkom"
way,858399991,yes,other,kambalakkad anganwadi
way,858401000,yes,other,Pariyaram Sub Center
way,858402810,yes,other,Pralikunnu Anganwadi
way,858403803,yes,other,ICDS SULTHANBATHERY ADDIOTIONAL
way,858405043,yes,other,kavadam second anganwadi
way,858414223,yes,other,Appad Sub Center
way,858416659,yes,other,Choothupara Sub Center
way,858440572,yes,other,Subcenter Cheerankunnu
way,858570097,yes,other,"District Social Justice Office, Wayanad"
way,858572681,yes,other,"District Probation Office, Wayanad"
way,858577865,yes,other,"anganvady,idinjakolly"
way,858583869,yes,other,"veterinary subcentre,thrikkaipetta"
way,858588503,yes,other,"village office,thrikkaipetta"
way,858588735,yes,other,"postoffice,thrikkaipatta"
way,858651304,yes,other,"Village Office, Kidanganad"
way,860287183,yes,other,"Chelode Anganwadi, Chelode"
way,860563640,yes,other,"Village Office, Irulam"
way,860946845,yes,other,"Village Office, Krishnagiri"
way,860977971,yes,other,"Village Office, Kaniyambetta"
way,860981129,yes,other,"Village Office, Ambalavayal"
way,862675030,yes,other,"Village Office, Muttil South"
way,862718613,yes,other,"Village Office, Panamaram"
way,863230480,yes,other,"GramaPanchayath Office, Meenangadi"
way,863231909,yes,other,"Jilla Panchayath Office, Vayanad"
way,863232173,yes,other,THRIVENY PANAMARAM
way,863252963,yes,other,"Village Office, Kottappady"
way,863253282,yes,other,"Village Office, Muttil North"
way,866556087,house,residential,
way,866556088,house,residential,
way,866556089,house,residential,
way,866556090,house,residential,
way,866556091,house,residential,
way,866556092,house,residential,
way,866556093,house,residential,
way,866556094,house,residential,
way,866888712,yes,other,"Grama Panchayat Office, Muppainad"
way,866988503,yes,other,"Grama Panchayath Office,Ambhalavayal"
way,868236317,yes,other,Primary Helth Center
way,884100699,house,residential,
way,884111686,house,residential,
way,884111688,house,residential,
way,884111689,house,residential,
way,884118282,yes,other,
way,884118283,house,residential,
way,884118284,house,residential,
way,890156945,yes,other,Ananthanatha Swami Jain Temple
way,890156950,yes,other,M K Timber Saw Mill
way,890970089,house,residential,
way,890970090,house,residential,
way,890970091,house,residential,
way,890970092,house,residential,
way,890970098,house,residential,
way,890970099,house,residential,
way,890970101,house,residential,
way,890970102,house,residential,
way,890970103,house,residential,
way,890970105,yes,other,
way,890970106,yes,other,
way,890970108,house,residential,
way,890970109,house,residential,
way,890970110,house,residential,
way,890970111,house,residential,
way,890970113,yes,other,
way,890970114,house,residential,
way,890970115,house,residential,
way,890970116,house,residential,
way,890970117,house,residential,
way,890970118,house,residential,
way,890970119,house,residential,
way,890970120,house,residential,
way,890970121,house,residential,
way,890970122,house,residential,
way,890970123,house,residential,
way,890970124,house,residential,
way,890970125,house,residential,
way,890970126,house,residential,
way,890970127,house,residential,
way,890970128,house,residential,
way,890970131,house,residential,
way,890970133,house,residential,
way,890970134,house,residential,
way,890970135,house,residential,
way,890970136,house,residential,
way,890970137,house,residential,
way,890970138,house,residential,
way,890970139,house,residential,
way,890970140,house,residential,
way,890970141,house,residential,
way,890970142,house,residential,
way,890970143,house,residential,
way,890970144,house,residential,
way,890970145,yes,other,
way,890970146,yes,other,
way,890970147,house,residential,
way,890970148,house,residential,
way,890970149,house,residential,
way,890970153,house,residential,
way,890970154,house,residential,
way,890970155,house,residential,
way,890970156,house,residential,
way,890970157,house,residential,
way,891015968,yes,other,
way,891015969,yes,other,
way,891015970,yes,other,
way,891015971,yes,other,Kaniyambetta Temple
way,891015972,yes,other,
way,891015979,yes,other,
way,891015980,industrial,economic,FRESH FOOD
way,891016331,yes,other,
way,891016332,yes,other,
way,891019051,yes,other,
way,891020660,yes,other,Grand Tiles Center Panamaram
way,891020661,yes,other,Shree Lakshmi Narasimha Swamy Temple
way,891020663,yes,other,Smoke Testing Center
way,891129624,house,residential,
way,891129625,house,residential,
way,891129626,house,residential,
way,891129627,house,residential,
way,891129628,house,residential,
way,891129629,house,residential,
way,891129631,house,residential,
way,891129633,house,residential,
way,891129634,house,residential,
way,891129635,house,residential,
way,891129636,house,residential,
way,891129637,house,residential,
way,891129638,house,residential,
way,891252225,yes,other,
way,891252226,yes,other,
way,891252227,yes,other,
way,891252228,yes,other,
way,891252229,yes,other,
way,891252230,house,residential,
way,891252231,house,residential,
way,891252232,house,residential,
way,891252234,yes,other,
way,891252235,house,residential,
way,891252237,house,residential,
way,891252238,house,residential,
way,891252239,house,residential,
way,891252240,house,residential,
way,891252242,yes,other,
way,891252243,yes,other,
way,891252244,house,residential,
way,891252245,house,residential,
way,891252246,house,residential,
way,891252247,house,residential,
way,891252248,house,residential,
way,891252249,house,residential,
way,891252250,house,residential,
way,891252251,house,residential,
way,891252252,house,residential,
way,891252253,house,residential,
way,891252254,house,residential,
way,891252255,house,residential,
way,891252256,house,residential,
way,891252257,house,residential,
way,891252258,house,residential,
way,891252259,house,residential,
way,891252260,house,residential,
way,891252261,house,residential,
way,891252262,house,residential,
way,891252263,house,residential,
way,891252264,house,residential,
way,891252265,house,residential,
way,891252266,house,residential,
way,891252267,yes,other,
way,891252273,house,residential,
way,891252274,house,residential,
way,891252275,house,residential,
way,891252276,house,residential,
way,891252277,yes,other,
way,891252278,yes,other,
way,891252279,yes,other,
way,891252280,house,residential,
way,891252281,house,residential,
way,891252282,house,residential,
way,891252283,house,residential,
way,891252285,house,residential,
way,891252286,house,residential,
way,891252287,house,residential,
way,891252288,yes,other,
way,891252289,house,residential,
way,891252290,house,residential,
way,891252291,house,residential,
way,891252292,house,residential,
way,891252293,house,residential,
way,891252294,house,residential,
way,891252295,house,residential,
way,891252296,house,residential,
way,891252297,house,residential,
way,891252298,house,residential,
way,891252299,house,residential,
way,891252300,house,residential,
way,891252301,house,residential,
way,891252302,house,residential,
way,891252303,house,residential,
way,891252304,house,residential,
way,891252305,house,residential,
way,891252306,house,residential,
way,891252309,house,residential,
way,891252310,yes,other,
way,891252314,yes,other,
way,891252317,house,residential,
way,891252318,house,residential,
way,891252319,house,residential,
way,891252320,house,residential,
way,891252321,house,residential,
way,891252322,house,residential,
way,891252323,house,residential,
way,891252324,house,residential,
way,891252325,house,residential,
way,891252326,house,residential,
way,891252327,house,residential,
way,891252328,house,residential,
way,891252329,house,residential,
way,891252330,house,residential,
way,891252331,house,residential,
way,891252332,house,residential,
way,891252333,house,residential,
way,891252334,house,residential,
way,891252335,yes,other,
way,891252336,house,residential,
way,891252337,house,residential,
way,891252339,house,residential,
way,891252340,house,residential,
way,891252341,house,residential,
way,891252342,house,residential,
way,891252343,house,residential,
way,891252344,house,residential,
way,891252345,house,residential,
way,891252346,house,residential,
way,891252347,house,residential,
way,891252348,house,residential,
way,891252349,house,residential,
way,891252350,house,residential,
way,891252351,house,residential,
way,891252352,house,residential,
way,891252353,house,residential,
way,891252354,house,residential,
way,891551888,house,residential,
way,891551889,house,residential,
way,891551893,house,residential,
way,891551894,house,residential,
way,891551895,house,residential,
way,891551896,house,residential,
way,891551897,house,residential,
way,891551898,house,residential,
way,891551899,house,residential,
way,891551900,house,residential,
way,891551901,house,residential,
way,891551902,house,residential,
way,891551903,house,residential,
way,891551904,house,residential,
way,891551905,house,residential,
way,891551906,house,residential,
way,891551907,house,residential,
way,891551908,house,residential,
way,891551909,house,residential,
way,891551910,house,residential,
way,891551911,house,residential,
way,891551912,house,residential,
way,891551913,house,residential,
way,891551914,house,residential,
way,891551915,house,residential,
way,891551916,house,residential,
way,891551917,house,residential,
way,891551918,house,residential,
way,891963928,house,residential,
way,891963929,house,residential,
way,891963930,house,residential,
way,891963931,house,residential,
way,891963934,house,residential,
way,891963935,house,residential,
way,891963936,house,residential,
way,891963940,house,residential,
way,891963941,house,residential,
way,891963942,house,residential,
way,891963943,house,residential,
way,891963944,house,residential,
way,891963946,house,residential,
way,891963947,house,residential,
way,891963948,yes,other,
way,891963950,house,residential,
way,891963951,house,residential,
way,891963952,house,residential,
way,891963953,house,residential,
way,891963954,house,residential,
way,891963957,house,residential,
way,891963958,house,residential,
way,891963959,house,residential,
way,891963960,house,residential,
way,891963961,yes,other,
way,891963962,house,residential,
way,891963963,house,residential,
way,891963964,house,residential,
way,891963965,house,residential,
way,891963966,house,residential,
way,891963970,house,residential,
way,891963971,house,residential,
way,891963972,house,residential,
way,891963973,house,residential,
way,891963974,house,residential,
way,891963975,house,residential,
way,891963976,house,residential,
way,891963977,house,residential,
way,891963978,house,residential,
way,891963979,house,residential,
way,891963980,yes,other,
way,891963981,yes,other,
way,891963982,yes,other,
way,891963983,yes,other,
way,891963984,house,residential,
way,891963986,house,residential,
way,891963987,house,residential,
way,891963988,house,residential,
way,891963989,yes,other,
way,891963990,yes,other,
way,891963991,yes,other,
way,891963992,house,residential,
way,891963995,house,residential,
way,891963996,house,residential,
way,891963997,house,residential,
way,891963999,house,residential,
way,891964005,house,residential,
way,891964006,yes,other,
way,891964008,house,residential,
way,891964009,house,residential,
way,891964010,house,residential,
way,891964011,house,residential,
way,891964012,house,residential,
way,892152363,house,residential,
way,892152365,house,residential,
way,892152366,house,residential,
way,892152367,house,residential,
way,892152371,house,residential,
way,892152372,house,residential,
way,892152373,house,residential,
way,892152374,house,residential,
way,892152375,house,residential,
way,892152376,house,residential,
way,892152377,house,residential,
way,892152378,house,residential,
way,892183844,house,residential,
way,892183845,house,residential,
way,892183846,yes,other,Dharshana Library
way,892183847,house,residential,
way,892183848,house,residential,
way,892183849,house,residential,
way,892183850,house,residential,
way,892183851,yes,other,
way,892183852,yes,other,
way,892183853,yes,other,
way,892183854,house,residential,
way,892183855,house,residential,
way,892183856,house,residential,
way,892183857,house,residential,
way,892183858,house,residential,
way,892183859,house,residential,
way,892183860,house,residential,
way,892183862,house,residential,
way,892183867,house,residential,
way,892183868,house,residential,
way,892183869,house,residential,
way,892183870,house,residential,
way,892183872,yes,other,
way,892183874,yes,other,
way,892183875,yes,other,
way,892183876,house,residential,
way,892183877,house,residential,
way,892183878,house,residential,
way,892183880,house,residential,
way,892183881,house,residential,
way,892183882,house,residential,
way,892183883,house,residential,
way,892183884,house,residential,
way,892183886,house,residential,
way,892183887,house,residential,
way,892183888,house,residential,
way,892183889,house,residential,
way,892183890,yes,other,
way,892183892,house,residential,
way,892197093,yes,other,
way,892197094,yes,other,
way,892197095,house,residential,
way,892197096,yes,other,
way,892197097,yes,other,
way,892197098,hospital,critical,
way,892197099,yes,other,
way,892197100,yes,other,
way,892197101,house,residential,
way,892197102,house,residential,
way,892197104,yes,other,
way,892197114,house,residential,
way,892197115,house,residential,
way,892197116,house,residential,
way,892197117,house,residential,
way,892197118,yes,other,
way,892197120,yes,other,
way,892197121,yes,other,
way,892197122,yes,other,
way,892197123,yes,other,
way,892197124,yes,other,
way,892197125,yes,other,
way,892197127,yes,other,
way,892197128,yes,other,
way,892197129,yes,other,
way,892197130,yes,other,
way,892197133,yes,other,
way,892197134,yes,other,
way,892197135,yes,other,
way,892197136,yes,other,
way,892197137,yes,other,
way,892197138,house,residential,
way,892197139,house,residential,
way,892197144,house,residential,
way,892197145,house,residential,
way,892197146,house,residential,
way,892197147,yes,other,
way,892197148,yes,other,
way,892197149,yes,other,
way,892197150,house,residential,
way,892197152,yes,other,
way,892197153,house,residential,
way,892197154,yes,other,
way,892197155,yes,other,
way,892197156,yes,other,
way,892197157,yes,other,
way,892197158,yes,other,
way,892197159,yes,other,
way,892197162,yes,other,
way,892197163,yes,other,
way,892197164,yes,other,
way,892197165,yes,other,
way,892197167,yes,other,
way,892197168,yes,other,
way,892197169,yes,other,
way,892197170,yes,other,
way,892197171,yes,other,
way,892197172,yes,other,
way,892197173,yes,other,
way,892197174,yes,other,
way,892197175,yes,other,
way,892197176,yes,other,
way,892197177,yes,other,
way,892197178,yes,other,
way,892197179,yes,other,
way,892197180,yes,other,
way,892197181,house,residential,
way,892197183,house,residential,
way,892197184,house,residential,
way,892197185,house,residential,
way,892197187,house,residential,
way,892197188,house,residential,
way,892197189,house,residential,
way,892197190,house,residential,
way,892197191,house,residential,
way,892197192,house,residential,
way,892197193,house,residential,
way,892197194,house,residential,
way,892546570,house,residential,
way,892546571,house,residential,
way,892546572,house,residential,
way,892546573,house,residential,
way,892546574,house,residential,
way,892546575,house,residential,
way,892546576,house,residential,
way,892546577,house,residential,
way,892546582,house,residential,
way,892546583,house,residential,
way,892546584,house,residential,
way,892546585,house,residential,
way,892546586,house,residential,
way,892546587,house,residential,
way,892546588,house,residential,
way,892546589,house,residential,
way,892546590,house,residential,
way,892546591,house,residential,
way,892546592,house,residential,
way,892546593,house,residential,
way,892546604,house,residential,
way,892546605,house,residential,
way,892546606,house,residential,
way,892546607,house,residential,
way,892546608,house,residential,
way,892546609,house,residential,
way,892546610,house,residential,
way,892546611,house,residential,
way,892546613,house,residential,
way,892546614,house,residential,
way,892546615,house,residential,
way,892546616,house,residential,
way,892546617,house,residential,
way,892546618,house,residential,
way,892546619,house,residential,
way,892546621,yes,other,
way,892546622,house,residential,
way,892546623,house,residential,
way,892546624,yes,other,
way,892546625,yes,other,
way,892546626,yes,other,
way,892546627,yes,other,
way,892546628,yes,other,
way,892546629,house,residential,
way,892546632,house,residential,
way,892546633,house,residential,
way,892546634,house,residential,
way,892546635,house,residential,
way,892546639,yes,other,
way,892546643,house,residential,
way,892546649,house,residential,
way,892546650,house,residential,
way,892546651,house,residential,
way,892560325,house,residential,
way,892560326,house,residential,
way,892560327,house,residential,
way,892560328,house,residential,
way,892560332,house,residential,
way,892560333,house,residential,
way,892560334,house,residential,
way,892560335,house,residential,
way,892560337,house,residential,
way,892560338,house,residential,
way,892560339,house,residential,
way,892560342,house,residential,
way,892560343,house,residential,
way,892560345,house,residential,
way,892560346,house,residential,
way,892560347,house,residential,
way,892560351,house,residential,
way,892560352,house,residential,
way,892560354,house,residential,
way,892560355,house,residential,
way,892560356,house,residential,
way,892560357,house,residential,
way,892560358,house,residential,
way,892560359,house,residential,
way,892560360,house,residential,
way,892560362,house,residential,
way,892560363,house,residential,
way,892560366,house,residential,
way,892560367,house,residential,
way,892560368,house,residential,
way,892560369,house,residential,
way,892560370,house,residential,
way,892560372,house,residential,
way,892560373,house,residential,
way,892560374,house,residential,
way,892560375,house,residential,
way,892560376,house,residential,
way,892560377,yes,other,
way,892560382,house,residential,
way,892560383,house,residential,
way,892560384,house,residential,
way,892560385,house,residential,
way,892560386,house,residential,
way,892560387,house,residential,
way,892560388,yes,other,
way,892560389,yes,other,
way,892560390,yes,other,
way,892560391,house,residential,
way,892560392,house,residential,
way,892560393,house,residential,
way,892560394,house,residential,
way,892560395,house,residential,
way,892560396,house,residential,
way,892560397,house,residential,
way,892560398,house,residential,
way,892560399,house,residential,
way,892560403,house,residential,
way,892560404,house,residential,
way,892560406,yes,other,
way,892560408,yes,other,
way,892560412,house,residential,
way,892560413,house,residential,
way,892560414,house,residential,
way,892560416,house,residential,
way,892560417,house,residential,
way,892560418,house,residential,
way,892560419,house,residential,
way,892560420,house,residential,
way,892688346,house,residential,
way,892688347,house,residential,
way,892688350,house,residential,
way,892688351,house,residential,
way,892688352,house,residential,
way,892688354,house,residential,
way,892688355,house,residential,
way,892688356,house,residential,
way,892688374,house,residential,
way,892688375,house,residential,
way,892688376,house,residential,
way,892688381,house,residential,
way,892688382,house,residential,
way,892688383,house,residential,
way,892688384,house,residential,
way,892688387,yes,other,
way,892688388,house,residential,
way,892688389,house,residential,
way,892688391,house,residential,
way,892688403,house,residential,
way,892688404,house,residential,
way,892688405,house,residential,
way,892688408,yes,other,
way,892688410,house,residential,
way,892688414,house,residential,
way,892688415,house,residential,
way,892688416,house,residential,
way,892688417,yes,other,
way,892688418,yes,other,
way,892688419,yes,other,
way,892688421,house,residential,
way,892688422,house,residential,
way,892688423,house,residential,
way,892688424,house,residential,
way,892688425,house,residential,
way,892688426,house,residential,
way,892688427,yes,other,
way,892688428,yes,other,
way,892688429,yes,other,
way,892688430,yes,other,
way,892688431,house,residential,
way,892688432,house,residential,
way,892688433,house,residential,
way,892688434,house,residential,
way,892688435,yes,other,
way,892688436,yes,other,
way,892688437,yes,other,
way,892688438,yes,other,
way,892688439,yes,other,
way,892688440,yes,other,
way,892688441,yes,other,
way,892697693,house,residential,
way,892697694,house,residential,
way,892697695,house,residential,
way,892697696,house,residential,
way,892697698,house,residential,
way,892697699,house,residential,
way,892697700,house,residential,
way,892697701,yes,other,
way,892697708,house,residential,
way,892697709,house,residential,
way,892697710,house,residential,
way,892697711,house,residential,
way,892697712,house,residential,
way,892697714,house,residential,
way,892697715,yes,other,
way,892697716,yes,other,
way,892697717,house,residential,
way,892697718,house,residential,
way,892697719,house,residential,
way,892697720,house,residential,
way,892697721,house,residential,
way,892697722,yes,other,
way,892697723,house,residential,
way,892697724,house,residential,
way,892697726,house,residential,
way,892697727,house,residential,
way,892697730,house,residential,
way,892697731,house,residential,
way,892697732,house,residential,
way,892697733,house,residential,
way,892697734,house,residential,
way,892697735,yes,other,
way,892697736,yes,other,
way,892697737,yes,other,
way,892697738,house,residential,
way,892697740,house,residential,
way,892697741,yes,other,
way,892697742,yes,other,
way,892697743,yes,other,
way,892697744,yes,other,
way,892697747,house,residential,
way,892697748,house,residential,
way,892697749,yes,other,
way,892697750,yes,other,
way,892697751,yes,other,
way,892697752,yes,other,
way,892697753,yes,other,
way,892697754,yes,other,
way,892697755,yes,other,
way,892697756,yes,other,
way,892697757,yes,other,
way,892697759,yes,other,
way,892697760,yes,other,
way,892697762,yes,other,
way,892697763,yes,other,
way,892697764,house,residential,
way,892697765,house,residential,
way,892697769,house,residential,
way,892697771,yes,other,
way,892697772,yes,other,
way,892697773,yes,other,
way,892697774,yes,other,
way,892697775,yes,other,
way,892697776,yes,other,
way,892697777,yes,other,
way,892697778,yes,other,
way,892697783,yes,other,
way,892697784,house,residential,
way,892697786,yes,other,
way,892711504,yes,other,
way,892711521,yes,other,
way,892711522,yes,other,
way,892711523,yes,other,
way,892711525,yes,other,
way,892711526,yes,other,
way,892711528,yes,other,
way,892711529,yes,other,
way,892711530,yes,other,
way,892711533,yes,other,
way,892711534,yes,other,
way,892711535,yes,other,
way,892711536,yes,other,
way,892711537,yes,other,
way,892711538,yes,other,
way,892711539,yes,other,
way,892711540,yes,other,
way,892711541,yes,other,
way,892711545,yes,other,
way,892711546,yes,other,
way,892711547,yes,other,
way,892711548,house,residential,
way,892711549,house,residential,
way,892711550,house,residential,
way,892711551,house,residential,
way,892711552,house,residential,
way,892711553,house,residential,
way,892711554,yes,other,
way,892711568,yes,other,
way,892711569,yes,other,
way,892711575,house,residential,
way,892711582,house,residential,
way,892711583,house,residential,
way,892711584,house,residential,
way,892711585,house,residential,
way,892711588,yes,other,
way,892711589,house,residential,
way,892711590,house,residential,
way,892711591,yes,other,
way,892711592,yes,other,
way,892711595,yes,other,
way,892711596,yes,other,
way,892711597,yes,other,
way,892711598,yes,other,
way,892711601,yes,other,
way,892711602,yes,other,
way,892711603,yes,other,
way,894949364,house,residential,
way,894952617,house,residential,
way,894952620,house,residential,
way,894952621,house,residential,
way,894952622,house,residential,
way,894952623,house,residential,
way,894952624,house,residential,
way,894952625,house,residential,
way,894952626,house,residential,
way,894952627,house,residential,
way,894952628,house,residential,
way,895450775,yes,other,"Government Vetenary Hospital, Varadoor"
way,895795497,school,critical,
way,895795498,school,critical,"Government Higher Secondary School, Panamaram"
way,895795499,school,critical,
way,895795500,school,critical,"Government Higher Secondary School, Panamaram"
way,895795501,school,critical,"Government Higher Secondary School, Panamaram"
way,895795502,school,critical,
way,895795503,school,critical,"Government Higher Secondary School, Panamaram"
way,895795504,school,critical,
way,895795505,school,critical,
way,895795506,school,critical,
way,895795507,school,critical,
way,895795508,school,critical,"Government Higher Secondary School, Panamaram"
way,895795509,school,critical,"Government Higher Secondary  School, Panamaram"
way,895795510,school,critical,
way,895795511,school,critical,
way,895795512,school,critical,"Government Higher Secondary School, Panamaram"
way,899166655,yes,other,
way,899166656,yes,other,
way,904913966,yes,other,Fathima tower
way,904940511,hotel,economic,moon toon residence
way,904947036,yes,other,Meppadi fish market
way,904948234,yes,other,White mart
way,905010505,yes,other,St. joseph building
way,905019578,church,other,Arrapetta juma masjid
way,905128859,yes,other,HML estate bunglow
way,905133115,yes,other,Meppadi Convention center
way,905448564,residential,residential,bunglow
way,905451349,yes,other,Meppadi mosque
way,905452585,yes,other,Malabar Hotel and tourist home
way,913700848,house,residential,
way,913702188,residential,residential,Gokulam plasa
way,913703240,house,residential,
way,913704160,house,residential,
way,913704282,house,residential,
way,913704330,house,residential,
way,913704383,house,residential,
way,913704720,house,residential,
way,913704754,house,residential,
way,917881095,house,residential,Kochanikkal
way,921778764,yes,other,Malakkad Sree Mahadeva Temple
way,921781111,house,residential,
way,921782662,house,residential,
way,921783687,house,residential,
way,921784049,house,residential,
way,921785771,yes,other,
way,921786260,yes,other,
way,921786673,yes,other,
way,921786909,yes,other,
way,921790469,yes,other,
way,921791134,yes,other,
way,921792704,yes,other,
way,933790893,yes,other,Police Station
way,933793635,school,critical,GLPS Channali
way,934288509,yes,other,"Anganavadi, Srambippadi"
way,934305237,yes,other,"Jetha Muslim Orphanage Girls Hostel, Mandad"
way,934308402,yes,other,"Ration Shop, Kuttamangalam"
way,934308663,commercial,economic,
way,934312333,yes,other,"St Thomas Church, Olivumala"
way,934315029,yes,other,"St. Thomas Church Parish Hall, Olivumala"
way,934322260,apartments,residential,"Ghazal Patria Apartment, Vellamkolly"
way,934324157,yes,other,"Chundale Village Office, Chundale"
way,934338370,yes,other,
way,934369188,yes,other,"Jeevan Jyothi Care Home, Edapetty"
way,934390578,residential,residential,"Kumbaladkolli Tribal Colony, kumbalad"
way,934412068,yes,other,"Anganavadi, Kariyambadi"
way,934416972,yes,other,"Anganavadi, Chelanjichal"
way,934421400,yes,other,"District Industries Centre, Muttil"
way,934424339,residential,residential,"Mangalath Tribal Colony, Panangandi"
way,934530101,college,critical,"Neelakandy Moideen Sahib Memorial Government College, Vellarmkunnu"
way,934532073,yes,other,"Kristu Raja Convent, Vellarmkunnu"
way,934951506,yes,other,Kumbalad Anganavadi
way,934960782,yes,other,"Navodaya Library And Arts And Sports Club, Malakkad"
way,934962715,yes,other,"Anganavadi, Mandad"
way,934976010,yes,other,"ICDP Sub Centre, Mandad"
way,934977425,yes,other,"Anganavadi, Mandad"
way,934979299,yes,other,"Anganavadi, Kallupadi"
way,934994070,yes,other,"ICDP Sub Centre, Kolavayal"
way,935008195,yes,other,"Anganavady, Thondupali"
way,935066725,yes,other,"Grace Library, Vazhavatta"
way,935067312,yes,other,
way,935069623,yes,other,"Anganavadi, Aduvadi"
way,935084671,yes,other,"Citizens Library, Theneri"
way,935094724,yes,other,"Anganavadi, Thottamkolli"
way,935102279,yes,other,"Youngmens Club And Library, Kolavayal"
way,935103537,yes,other,"Anganavadi, Manikkuni"
way,935104706,yes,other,"Anganavadi, Aalamdhatta"
way,935105561,yes,other,"Anganavadi, Muranikkara"
way,935112106,yes,other,"Mahatma Library And Arts And Sports Club, Kallupadi"
way,935112701,yes,other,"Ration Shop, Kallupadi"
way,935273365,yes,other,"Sadhbhavana Library, Panangandi"
way,935448555,yes,other,Bistro Resaturant
way,935453234,yes,other,
way,935505606,yes,other,"Anganavadi, Pakkam"
way,935507107,yes,other,"Venus Library, Pakkam"
way,935520887,yes,other,"Sub Centre, Pakkam"
way,935528572,yes,other,"Jyothi Nivas Charitable Society, Psycho Social Rehabilitation centre, Vazhavatta"
way,935530574,yes,other,"Anganavadi, Karingannikunn"
way,935543722,hospital,critical,"Ayur Nikhethan Ayurvedic Hospital, Mandad"
way,935686052,yes,other,"Anganavadi, Ambukuthi"
way,935686870,yes,other,"Veterinary Sub Centre, Ambukuthi"
way,935687619,yes,other,"Sub Centre, Ambukuthi"
way,936301308,yes,other,"Morning Mist, Vellarmkunnu"
way,936611174,school,critical,
way,936611751,school,critical,
way,936629234,school,critical,
way,936629299,school,critical,
way,936986616,school,critical,GLPS Channali
way,939336770,school,critical,
way,939336771,school,critical,
way,939336772,school,critical,
way,940034322,yes,other,ST Library Kottamkolly
way,940464553,house,residential,
way,940467426,house,residential,
way,940469743,house,residential,
way,940470405,house,residential,
way,940470406,house,residential,
way,940752525,house,residential,
way,940986206,house,residential,
way,941419204,house,residential,
way,941870684,house,residential,
way,942301912,house,residential,
way,942633904,house,residential,
way,943307798,house,residential,
way,943572693,house,residential,
way,944756754,house,residential,
way,950139925,commercial,economic,
way,950143763,yes,other,
way,950144060,yes,other,Mithuna Bakery
way,950145039,commercial,economic,
way,950146863,yes,other,Yuvaprathibha Arts and Sports Club
way,950150012,yes,other,Dr. Ajith's Homeo Dispensary
way,950151227,house,residential,
way,950152276,hospital,critical,Sneha Hospital Kenichira
way,950154705,yes,other,BSNL Telephone Exchage Kenichira
way,950162351,yes,other,Ration Shop
way,950162916,house,residential,
way,950163572,yes,other,Workshop
way,950165421,yes,other,Kenichira Juma Masjid
way,950166373,yes,other,Aryakhandhi Silks and Readymades
way,950167743,house,residential,
way,950170401,yes,other,
way,950171122,commercial,economic,
way,950171615,yes,other,
way,950172158,yes,other,
way,950172362,commercial,economic,
way,950172988,yes,other,
way,950173445,house,residential,
way,952076151,yes,other,Hill Top Auditorium
way,952076991,yes,other,"Grama Panchayath Office, Poothadi"
way,952082468,yes,other,
way,952082825,yes,other,
way,952085345,yes,other,
way,952085485,yes,other,
way,952085610,yes,other,
way,952088490,yes,other,
way,952088851,yes,other,
way,952093741,commercial,economic,
way,952094000,commercial,economic,
way,952095338,house,residential,
way,952095493,house,residential,
way,952096052,house,residential,
way,952097117,yes,other,
way,952102248,school,critical,Infant Jesus Malayalam Medium School
way,952215215,yes,other,The Wayanad District Co-operative Bank
way,952216747,commercial,economic,
way,952217918,yes,other,"Governent Veterinary Hospital , Kenichira"
way,952218211,commercial,economic,
way,952218769,commercial,economic,
way,952219723,yes,other,"Police Station, Kenichira"
way,952219886,yes,other,"Coperative Bank, Poothadi Service"
way,952222875,yes,other,
way,952225449,yes,other,Vrindhavan Auditorium
way,952226014,yes,other,ESAF Small Finance Bank
way,952226561,yes,other,"Sree Durga Paradhevatha Kshethram, Panappadikavala"
way,952229225,yes,other,Gurumandhiram
way,954181240,house,residential,
way,954657029,school,critical,"Infant Jesus English Medium School,Kenichira"
way,958223323,yes,other,
way,958223813,yes,other,
way,958224213,yes,other,
way,958224848,yes,other,
way,958225624,yes,other,
way,958227406,yes,other,
way,958237248,yes,other,Eram Motors
way,958363383,yes,other,St.George Malankara Church
way,958364020,yes,other,kuppakkolly mosque
way,958366551,yes,other,"St.George Orthdox Church ,Ayiramkolly"
way,958370204,yes,other,Sacred Heart Church Ambalavayal
way,958370206,church,other,parish hall
way,958373329,yes,other,"St. Martin De Pores Church, Ambalavayal"
way,958373918,church,other,parish hall
way,958373919,church,other,open stage
way,958442527,house,residential,arackal house
way,958445642,yes,other,"anganvadi,balavadikkavala"
way,958446065,house,residential,kumaran's house
way,958565470,industrial,economic,AKR Group
way,958566755,house,residential,
way,958567159,industrial,economic,AKR Group
way,958567374,yes,other,Sree Mariyamman Temple
way,958568625,retail,economic,Visio Honda Car dealer
way,958569428,yes,other,Kallupadi Sree Subhramanya Temple
way,959148252,yes,other,"Kappamkunnu Anganavady,  Kunjamkode"
way,959162949,yes,other,"Chundale Anganavady, Chundale"
way,959165393,hospital,critical,Community Health Centre Ambalavayal
way,959165394,hospital,critical,Family Health Centre Ambalavayal
way,959165395,hospital,critical,Family Health Centre Ambalavayal
way,959165396,hospital,critical,Family Health Centre Ambalavayal
way,959170659,yes,other,"Olivumala Anganavadi, Olivumala"
way,960676510,school,critical,NSS Higher Secondary School Q
way,960676511,school,critical,NSS Higher Secondary School
way,960676512,school,critical,NSS Higher Secondary School
way,961644146,yes,other,
way,962987803,yes,other,
way,962988127,school,critical,
way,962988707,residential,residential,
way,962989427,yes,other,
way,962989735,yes,other,
way,962989962,yes,other,
way,962990866,yes,other,
way,962991364,residential,residential,
way,962991632,yes,other,
way,963191232,school,critical,
way,963191233,school,critical,
way,963191234,school,critical,
way,963197757,school,critical,
way,963197758,school,critical,
way,963197759,school,critical,
way,963197760,school,critical,
way,963197761,school,critical,
way,963197762,school,critical,
way,963197763,school,critical,
way,963343492,yes,other,"Post Office , Karinkutty"
way,963444474,yes,other,"Pre-metric Girls Hostel , Karinkutty"
way,963687667,yes,other,
way,963688323,yes,other,
way,963688432,yes,other,
way,963688480,residential,residential,
way,963689046,residential,residential,
way,963689314,residential,residential,
way,963689378,residential,residential,
way,963689406,residential,residential,
way,963689528,residential,residential,
way,963689605,residential,residential,
way,963690107,yes,other,
way,963941294,hospital,critical,
way,964008193,yes,other,"Sahridhaya , Pallikkunnu"
way,966762210,house,residential,
way,966762324,house,residential,
way,966762524,house,residential,
way,966762619,yes,other,
way,966762751,yes,other,
way,966763276,house,residential,
way,966763819,house,residential,
way,966763984,yes,other,
way,966764152,yes,other,
way,966764375,yes,other,
way,966764462,yes,other,
way,966764727,yes,other,
way,966764838,yes,other,
way,968459273,yes,other,Pallikkunnu
way,968498763,yes,other,Kappukolly Scheduled Tribe Community Center
way,969593374,yes,other,"Anganavadi ,Thettuvadi"
way,972882735,yes,other,
way,974199988,yes,other,Rest House Anganwadi
way,974207693,yes,other,Karadippara Anganwadi
way,974359283,yes,other,Mankombu Anganwadi
way,974374361,yes,other,Padiparambu Anganwadi
way,974593024,college,critical,St Gregorios College Meenangadi
way,974594703,yes,other,Government veterinary Hospital Meenangadi
way,974882926,yes,other,
way,974883823,yes,other,
way,974886211,retail,economic,SHRI BALAJI GRANITES
way,974887273,retail,economic,INDOOR PLANTS
way,974889303,yes,other,
way,974999231,yes,other,Government Tribal Hostal
way,976212231,yes,other,
way,976212232,yes,other,Mundanadappu
way,976216731,yes,other,
way,976572060,yes,other,Veettipura Anganwady
way,976574135,yes,other,Palakkamoola Anganvadi
way,976911217,yes,other,Sisu Mandir Meenangadi
way,976920159,yes,other,District Stationary Office
way,979199293,yes,other,Meenangadi Anganwadi
way,979199294,yes,other,"Government Ayurveda Dispensary,  Meenangadi"
way,979207302,yes,other,Kolambetta Anganwadi
way,979551970,yes,other,Thachambath Anganawadi
way,979577919,yes,other,Valiya Kolly Anganwadi
way,979748664,yes,other,Kottoor sudhikavala Anganwadi
way,979949928,yes,other,CC Moonnanakkuzhi Anganwadi
way,979977874,yes,other,Mothirottukunnu Anganwadi
way,979997478,college,critical,Government Commercial Institute Meenangadi
way,980405115,yes,other,The Sultan Bathery Co Operative Urban Bank
way,980405116,yes,other,Federal Bank Meenangadi
way,980405117,yes,other,South Indian Bank Meenangadi
way,980407011,yes,other,Wayanadia Resort Hotel
way,980407012,yes,other,Clippy My Sand
way,980407014,yes,other,Co Operative Offset Press
way,980408557,yes,other,Brahmagiri Development Society
way,981151457,yes,other,Real Drive Used Vehicles
way,981181318,yes,other,Poomala Paradevatha Temple
way,981183023,yes,other,Wayanad Royal Grand
way,981184180,commercial,economic,Milma
way,981184955,yes,other,Talent
way,981185646,yes,other,Maxvalue Credits and Investment
way,981187199,retail,economic,Karapuzha Craft and Spices Shop
way,981189155,yes,other,Saint sebastian's Convent
way,981325379,yes,other,haseena mill
way,981325380,house,residential,KOLIYIL HOUSE
way,981325381,yes,other,courters
way,981325382,house,residential,
way,981325383,yes,other,Indoor stadium
way,982240819,yes,other,Block panchayat office panamaram
way,982240820,yes,other,NEW POLICE STATION BUILDING
way,982240821,yes,other,NIRMATHI PANAMARAM
way,982383952,yes,other,Kappumkolly Padanamuri
way,982865794,yes,other,Aneri Community Center
way,982865795,yes,other,Aneri First
way,984426516,yes,other,Kerala Gramin Bank
way,984426517,yes,other,
way,984426518,yes,other,MAJI TILE SHOP
way,984426519,yes,other,PANAMARAM PANCHAYAT SHOPPING COMPLEX
way,984426520,yes,other,OLD MOSQUE PANAMARAM
way,984426522,madrasa,other,madrasa
way,984426525,yes,other,VADACHAL MOSQUE
way,984426526,yes,other,MILK SOCIETY BUILDING
way,984426528,yes,other,
way,984426529,yes,other,Padre Pio Church
way,984826600,yes,other,CH COMPLEX
way,984826601,yes,other,ZCO COMPLEX
way,984826602,yes,other,PK CITY CENTER
way,984826603,yes,other,KAPPIES BAKERY
way,984826604,yes,other,JOMSONS DOORS
way,984831192,yes,other,AKSA HARDWARES
way,984831197,yes,other,GIFT HOUSE
way,984833992,yes,other,MA BAKERY
way,984833993,yes,other,CH VEGETABLES
way,984833994,yes,other,JAMATH MOSQUE
way,984833995,house,residential,MY HOME
way,984833996,house,residential,THOTINGAL HOUSE
way,984849006,yes,other,ISL HARDWARE
way,984849007,yes,other,Suzuki Showroom
way,984849008,yes,other,SHOPPING COMPLEX
way,984849009,yes,other,N AGENCIES
way,984849010,yes,other,BILADI BROAST
way,984849011,yes,other,RAMCO CEMENTS
way,984849012,yes,other,BOSCH BATTERY
way,984849013,yes,other,
way,984849014,yes,other,MANI WORKSHOP
way,984849015,yes,other,SHABNAM
way,984849016,yes,other,
way,984849017,yes,other,
way,984849832,yes,other,KT ELECTRICALS
way,984849833,yes,other,ORCHID DRESS SHOP
way,984849834,yes,other,MA FOOTWEARS
way,984849835,yes,other,
way,984849836,yes,other,PASHITA
way,985916496,house,residential,
way,991910020,school,critical,Crescent Public High School
way,991910021,school,critical,
way,991910022,school,critical,
way,991911852,yes,other,
way,995471174,yes,other,"Government Ayurveda Dispensary, Poothadi"
way,995495766,yes,other,"Government Ayurveda Dispensary, Kaniyambetta"
way,995812041,yes,other,"Government Ayurveda Mobile Dispensary, Meppadi"
way,995817803,yes,other,"Government Ayurveda Dispensary, Ambalavayal"
way,1005960095,yes,other,"Anganavadi, Chazhivayal"
way,1006263011,yes,other,"Anganavadi, Chullimoola"
way,1009305866,house,residential,
way,1009307231,house,residential,
way,1009307232,yes,other,
way,1009307233,house,residential,
way,1014976900,school,critical,HIM Oxford English School
way,1014979810,college,critical,DM WIMS Pharmacy College
way,1014980181,college,critical,DM WIMS Nursing College
way,1014980990,yes,other,DM WIMS Men's Hostel
way,1015067737,hospital,critical,Sreedhar Memorial Hospital
way,1015068296,hospital,critical,Ayurvalley Ayurvedic Hospital - Meppady
way,1015069834,hospital,critical,Vaduvanchal Health Centre
way,1015166845,yes,other,Unni Mathu Samsarika Nilayam
way,1017363174,yes,other,Mukkilpeedika Anganavadi
way,1017366010,yes,other,Ration Shop
way,1017366439,yes,other,Ration Shop
way,1017366611,yes,other,Ration Shop
way,1017367636,hospital,critical,Homio Clinic Vaduvanchl
way,1017368263,hospital,critical,Ayurvedha Uzhichilkendram
way,1020254118,yes,other,
way,1020759015,house,residential,
way,1020759663,house,residential,
way,1020761963,house,residential,
way,1020762211,house,residential,
way,1020762212,house,residential,
way,1020762213,house,residential,
way,1020762739,house,residential,
way,1020762740,house,residential,
way,1020762741,house,residential,
way,1020762742,house,residential,
way,1020762743,house,residential,
way,1026096081,yes,other,
way,1026098243,yes,other,
way,1027065359,hospital,critical,Laiba Mediical Center
way,1038260338,yes,other,"District Ground Water Department, Wayanad"
way,1039055467,house,residential,
way,1039056101,house,residential,
way,1039056880,yes,other,Minha Supermarket
way,1039057194,yes,other,Mariyamman Kovil
way,1039058309,house,residential,Dhevinivas
way,1039058852,yes,other,Madrassa
way,1039059034,yes,other,Hot N Cool
way,1039060557,house,residential,
way,1039060670,house,residential,
way,1039060762,house,residential,
way,1039062021,yes,other,Pachilakkad
way,1039063245,house,residential,
way,1039063246,house,residential,
way,1039063247,house,residential,
way,1039063656,yes,other,
way,1039063657,yes,other,
way,1039063658,yes,other,
way,1039241408,yes,other,
way,1039241409,yes,other,Upper Primary Block
way,1039241410,yes,other,Lower Primary Block
way,1062846776,yes,other,Government Ayurveda Dispensary Muttil
way,1062852646,yes,other,Government Ayurveda Dispensary Moopainadu
way,1066656080,yes,other,"Police Station ,Kambalakkad"
way,1067883146,yes,other,"Police Station, Kalpetta"
way,1078959757,school,critical,
way,1079001516,yes,other,Arivaram Anganavadi
way,1079001517,yes,other,Thamarakolly Anganavadi
way,1079001520,yes,other,Pulikkalkunnu Anganavadi
way,1080270966,yes,other,Ambalachal Angunvadi
way,1080270967,yes,other,Mandakkamoola Anganavadi
way,1080270968,yes,other,Millumukk Anganavadi
way,1080270969,yes,other,Ambalakunnu Anganavadi
way,1080327769,yes,other,Onivayal Anganvady
way,1080327770,yes,other,Pulachikkuni Anganwadi
way,1083002649,yes,other,"Government Vetenary dispensary,pallikunnu"
way,1083002654,yes,other,Chundakkara Community Center
way,1083002655,yes,other,Ambalakkunnu
way,1083002659,yes,other,Chundakkara
way,1083002660,yes,other,"Bhavana Library ,Vellachimoola"
way,1083002665,yes,other,Ration Shop
way,1083002666,yes,other,Kanal Pradhesham Anganavadi
way,1083002667,yes,other,Cinemallkunnu Anganavadi
way,1083002668,yes,other,
way,1083002669,yes,other,"Telephone Exchange,Pallikkunnu"
way,1083002670,yes,other,"Crime Branch CID Office, kambalakkad"
way,1083004903,hospital,critical,"Minsha Clinic,Kambalakkad"
way,1083004904,hospital,critical,Arogya Health Care Center
way,1083280487,yes,other,Neru Nadakavedhi
way,1083280493,yes,other,Pulikkalkunnu
way,1083280499,yes,other,Ration Shop
way,1083280500,yes,other,"Sub Center, Chekkumukk"
way,1083280501,yes,other,Paralikkunnu
way,1083280502,yes,other,Thervadikunnu anganvdadi
way,1083550598,yes,other,Ration Shop
way,1083785947,yes,other,Chitramoola
way,1083785952,school,critical,
way,1083785955,school,critical,
way,1083785956,school,critical,
way,1083785957,school,critical,
way,1083785959,yes,other,Kollivayal
way,1083785968,yes,other,"Pazhassiraja Library, Kolippeta"
way,1083812942,yes,other,Moolavayal Anganavadi
way,1083978520,yes,other,Ration Shop
way,1084062613,yes,other,"Navajeevan Library, Varadhoor"
way,1084062614,yes,other,Varadhoor Community Center
way,1084062620,yes,other,Thazhekarani Anganvadi
way,1085004800,yes,other,Padaarikkunn Boys Hostel
way,1085004804,yes,other,Padaarikkunn
way,1085004808,yes,other,Ration Shop
way,1085004809,yes,other,Janatha Library
way,1085004810,yes,other,Co.operative training center
way,1085335076,yes,other,Arimula 01 Community Center
way,1085335077,yes,other,Arimula 02 Community Center
way,1085335078,yes,other,Arimula Vetenary Subcenter
way,1085335080,yes,other,Chundakkolly
way,1085335087,yes,other,Ration Shop
way,1085335088,yes,other,Puthoor Community Center
way,1085335089,yes,other,"Pulari Library,Arimula"
way,1085335092,yes,other,"Vetenary Subcenter, Karani"
way,1085335093,yes,other,Kalluvayal
way,1085335094,yes,other,Chomadi
way,1085358311,yes,other,Kavumuttam Community Center
way,1085525657,yes,other,Ration Shop
way,1085525660,yes,other,Krishibhavan
way,1085527356,yes,other,Pachilakkad First Anganawadi
way,1085527357,yes,other,Vazhayil kunjabdulla haji memorial
way,1085527358,yes,other,Ration Shop
way,1085548121,yes,other,Kavadam First
way,1085548122,yes,other,Mathoor
way,1085548123,yes,other,Nelliyambam
way,1085548124,yes,other,Ration Shop
way,1085548127,yes,other,Kavadam Second
way,1085548129,yes,other,KJS Auditorium
way,1085548130,yes,other,Sub Treachury Nadavayal
way,1085548132,yes,other,"VIllage office,Nadavayal"
way,1085548133,yes,other,Vetenary Sub Centre
way,1085767213,yes,other,District Ayurveda Hospital Kalpetta
way,1094454126,university,critical,University of Tribal Studies and Research
way,1095554442,yes,other,Father kudakkachira ARTS CLUB
way,1097542709,yes,other,
way,1097542710,yes,other,
way,1097542711,yes,other,
way,1097542712,yes,other,
way,1097542713,yes,other,
way,1097542714,yes,other,
way,1097542715,yes,other,
way,1097542716,yes,other,
way,1097542717,yes,other,
way,1097542718,yes,other,
way,1097542719,yes,other,
way,1097542720,yes,other,
way,1097542721,yes,other,
way,1097542722,yes,other,
way,1097542723,yes,other,
way,1097542724,yes,other,
way,1097542725,yes,other,
way,1097542726,yes,other,
way,1097542727,yes,other,
way,1097542728,yes,other,
way,1097542729,yes,other,
way,1097542730,yes,other,
way,1097542731,yes,other,
way,1097542732,yes,other,
way,1097542733,yes,other,
way,1097542734,yes,other,
way,1097542735,yes,other,
way,1097542736,yes,other,
way,1097542737,yes,other,
way,1097542738,yes,other,
way,1097542739,yes,other,
way,1097542740,yes,other,
way,1097542741,yes,other,
way,1097542742,yes,other,
way,1097542743,yes,other,
way,1097542744,yes,other,
way,1097542745,yes,other,
way,1097544336,yes,other,
way,1097544339,yes,other,
way,1097544340,yes,other,
way,1097544341,yes,other,
way,1097544342,yes,other,
way,1097544343,yes,other,
way,1097544344,yes,other,
way,1097544345,yes,other,
way,1097544346,yes,other,
way,1097544347,yes,other,
way,1097544348,yes,other,
way,1097544349,yes,other,
way,1097544350,yes,other,
way,1097544351,yes,other,
way,1097544352,yes,other,
way,1097544353,yes,other,
way,1097544354,yes,other,
way,1097544355,yes,other,
way,1097544356,yes,other,
way,1097544357,yes,other,
way,1097544358,yes,other,
way,1097544359,yes,other,
way,1097544360,yes,other,
way,1097544361,yes,other,
way,1097544362,yes,other,
way,1097626411,yes,other,
way,1097626412,yes,other,
way,1097626413,yes,other,
way,1097626414,yes,other,
way,1097626415,yes,other,
way,1097626416,yes,other,
way,1097626417,yes,other,
way,1097626418,yes,other,
way,1097626419,yes,other,
way,1097626420,yes,other,
way,1097626421,yes,other,
way,1097626422,yes,other,
way,1097626423,yes,other,
way,1097626424,yes,other,
way,1097626425,yes,other,
way,1097626426,yes,other,
way,1097626427,yes,other,
way,1097626428,yes,other,
way,1097626429,yes,other,
way,1097626430,yes,other,
way,1097626431,yes,other,
way,1097626432,yes,other,
way,1097626433,yes,other,
way,1097626434,yes,other,
way,1097626435,yes,other,shop
way,1097626436,yes,other,
way,1097631224,yes,other,
way,1097631225,yes,other,
way,1097631290,yes,other,
way,1097634860,yes,other,
way,1097638120,yes,other,thalakkal chandhu smarakam
way,1097641198,yes,other,
way,1097641305,yes,other,
way,1097641798,yes,other,
way,1097642035,yes,other,
way,1097643051,yes,other,
way,1097643052,yes,other,
way,1097643053,yes,other,
way,1097643054,yes,other,
way,1097643055,yes,other,
way,1097643056,yes,other,
way,1097643057,yes,other,
way,1097643058,yes,other,
way,1097643059,yes,other,
way,1097643060,yes,other,
way,1097643061,yes,other,
way,1097643062,yes,other,
way,1097643063,yes,other,
way,1097643064,yes,other,
way,1097643065,yes,other,
way,1097643066,yes,other,
way,1097643067,yes,other,
way,1097643376,yes,other,
way,1097643575,yes,other,
way,1097643620,yes,other,
way,1097643827,yes,other,
way,1097671294,mosque,other,salma masjid
way,1097675233,yes,other,5star hotel
way,1097675234,yes,other,
way,1097675235,yes,other,
way,1097675236,yes,other,
way,1097675237,yes,other,
way,1097675648,yes,other,
way,1097675649,yes,other,
way,1097677429,yes,other,crackes
way,1097736706,house,residential,
way,1097737868,house,residential,
way,1097747356,yes,other,
way,1097758136,yes,other,
way,1097863045,yes,other,
way,1097863046,yes,other,
way,1097863047,yes,other,
way,1097863048,yes,other,
way,1097863049,yes,other,
way,1097863050,yes,other,
way,1097863051,yes,other,
way,1097863052,yes,other,
way,1097863053,yes,other,
way,1097863054,yes,other,
way,1097863055,yes,other,
way,1097863056,yes,other,
way,1097863057,yes,other,
way,1097863058,yes,other,
way,1097863059,yes,other,
way,1097863060,yes,other,
way,1097863061,yes,other,
way,1097863062,yes,other,
way,1097863063,yes,other,
way,1097863064,yes,other,
way,1097863065,yes,other,
way,1097863066,yes,other,
way,1097863067,yes,other,
way,1097863068,yes,other,
way,1097863069,yes,other,
way,1097863070,yes,other,
way,1097863071,yes,other,
way,1097863072,yes,other,
way,1097863073,yes,other,
way,1097863074,yes,other,
way,1097863075,yes,other,
way,1097863452,yes,other,
way,1097863453,yes,other,
way,1097864857,yes,other,
way,1097864858,yes,other,
way,1097864859,yes,other,
way,1097864860,yes,other,
way,1097864861,yes,other,
way,1097864862,yes,other,
way,1097864863,yes,other,
way,1097864864,yes,other,
way,1097864865,yes,other,
way,1097864866,yes,other,
way,1097864867,yes,other,
way,1097864868,yes,other,
way,1097864869,yes,other,
way,1097864870,yes,other,
way,1097864871,yes,other,
way,1097864872,yes,other,
way,1097864873,yes,other,
way,1097864874,yes,other,
way,1097867805,yes,other,
way,1097867806,yes,other,
way,1097867807,yes,other,
way,1097867808,yes,other,
way,1097867809,yes,other,
way,1097867810,yes,other,
way,1097867811,yes,other,
way,1097867812,yes,other,
way,1097867813,yes,other,
way,1097867814,yes,other,
way,1097867815,yes,other,
way,1097867816,yes,other,
way,1098028793,yes,other,
way,1100839277,house,residential,
way,1103185117,yes,other,
way,1103185118,yes,other,
way,1103185119,yes,other,
way,1103185120,yes,other,
way,1103185121,yes,other,
way,1103185122,yes,other,
way,1103185123,yes,other,
way,1103185124,yes,other,
way,1103349763,yes,other,
way,1103349764,yes,other,
way,1103349765,yes,other,
way,1103349766,yes,other,
way,1103349767,yes,other,
way,1103349768,yes,other,
way,1103349769,yes,other,
way,1103349770,yes,other,
way,1103349771,yes,other,
way,1103349772,yes,other,
way,1103349773,yes,other,
way,1103349774,yes,other,
way,1103349775,yes,other,
way,1103349776,yes,other,
way,1103349777,yes,other,
way,1103349778,yes,other,
way,1103349779,yes,other,
way,1103349780,yes,other,
way,1103349781,yes,other,
way,1103349782,yes,other,
way,1103349783,yes,other,
way,1103349784,yes,other,
way,1103349785,yes,other,
way,1103349786,yes,other,
way,1103349787,yes,other,
way,1103349788,yes,other,
way,1103349789,yes,other,
way,1103349790,yes,other,
way,1103349791,yes,other,
way,1103349792,yes,other,
way,1103349793,yes,other,
way,1103349794,yes,other,
way,1103349795,yes,other,
way,1103349796,yes,other,
way,1103349797,yes,other,
way,1103349798,yes,other,
way,1103349799,yes,other,
way,1103349800,yes,other,
way,1103349801,yes,other,
way,1103349802,yes,other,
way,1103349803,yes,other,
way,1103349804,yes,other,
way,1103349805,yes,other,
way,1103349806,yes,other,
way,1103349807,yes,other,
way,1103349808,yes,other,
way,1103349809,yes,other,
way,1103349810,yes,other,
way,1103349811,yes,other,
way,1103349812,yes,other,
way,1103349813,yes,other,
way,1103349814,yes,other,
way,1103349815,yes,other,
way,1103349816,yes,other,
way,1103349817,yes,other,
way,1103349818,yes,other,
way,1103349819,yes,other,
way,1103349820,yes,other,
way,1103349821,yes,other,
way,1103349822,yes,other,
way,1103349823,yes,other,
way,1103349824,yes,other,
way,1103349825,yes,other,
way,1103349826,yes,other,
way,1103349827,yes,other,
way,1103349828,yes,other,
way,1103349829,yes,other,
way,1103349830,yes,other,
way,1103349831,yes,other,
way,1103349832,yes,other,
way,1103349833,yes,other,
way,1103349834,yes,other,
way,1103349835,yes,other,
way,1103349836,yes,other,
way,1103349837,yes,other,
way,1103349838,yes,other,
way,1103349839,yes,other,
way,1103349840,yes,other,
way,1103349841,yes,other,
way,1103349842,yes,other,
way,1103349843,yes,other,
way,1103349844,yes,other,
way,1103349845,yes,other,
way,1103349846,yes,other,
way,1103349847,yes,other,
way,1103349848,yes,other,
way,1103349849,yes,other,
way,1103349850,yes,other,
way,1103349851,yes,other,
way,1103349852,yes,other,
way,1103349853,yes,other,
way,1103349854,yes,other,
way,1103349855,yes,other,
way,1103349856,yes,other,
way,1103349857,yes,other,
way,1103349858,yes,other,
way,1103727742,school,critical,Mc Leod's English Medium School
way,1103728298,yes,other,Teacher Education Center
way,1104920510,warehouse,economic,Kalpetta Warehouse
way,1105134786,yes,other,Krishna Gowder Hall
way,1105153573,yes,other,District Veterinary Centre
way,1105194203,yes,other,Vimal Jyothi Working Women's Hostel
way,1107452304,yes,other,Nandan kavala samskarika nilayam
way,1107453092,yes,other,
way,1107453845,yes,other,Ambalavayal Public Library
way,1107455223,yes,other,villlage office thottumchal
way,1107456360,yes,other,"AKG Memorial Library, Kumbaleri"
way,1107456843,yes,other,Anganwadi
way,1107457481,hospital,critical,SAHYA AYURVEDIC HOSPITAL Manjappara
way,1107459653,yes,other,Ration Shop
way,1107463902,yes,other,Ration Shop
way,1107464755,yes,other,Ration Shop
way,1107626455,yes,other,
way,1107633852,yes,other,Thomattuchaal Tribal Men's Hotel
way,1107636669,yes,other,Kulakappaara Library
way,1107637216,yes,other,PAMBALA library
way,1107637568,yes,other,National Arts & Sports Club Library
way,1107638017,yes,other,Perumbadikunnu Public Library
way,1109219160,yes,other,
way,1149205199,yes,other,
way,1149205200,yes,other,
way,1149205201,yes,other,
way,1149205202,yes,other,
way,1149205203,yes,other,
way,1149205204,yes,other,
way,1149213708,yes,other,
way,1149884593,yes,other,
way,1184383636,yes,other,
way,1184383693,yes,other,
way,1184383864,house,residential,
way,1184383865,house,residential,
way,1184383887,yes,other,
way,1184383909,yes,other,
way,1184383926,yes,other,
way,1184383927,yes,other,
way,1184383952,house,residential,
way,1184383953,house,residential,
way,1184383974,house,residential,
way,1184384029,yes,other,
way,1184384060,house,residential,
way,1184384061,yes,other,
way,1184384062,house,residential,
way,1184384063,house,residential,
way,1184384064,house,residential,
way,1184384078,yes,other,
way,1184384098,yes,other,
way,1184384100,yes,other,
way,1184384117,yes,other,
way,1184384118,yes,other,
way,1184384119,yes,other,
way,1184384120,yes,other,
way,1184384121,yes,other,
way,1184384137,yes,other,
way,1184384144,yes,other,
way,1184384163,yes,other,
way,1184384164,yes,other,
way,1184384171,yes,other,
way,1184384241,yes,other,
way,1184384242,yes,other,
way,1184384314,yes,other,buliding
way,1184384324,yes,other,
way,1184384418,yes,other,
way,1184384419,yes,other,
way,1184384420,yes,other,
way,1184384421,yes,other,
way,1184384422,house,residential,
way,1184384423,house,residential,
way,1184384424,house,residential,
way,1184384425,yes,other,
way,1184384426,house,residential,
way,1184384427,yes,other,
way,1184384428,yes,other,
way,1184384429,house,residential,
way,1184384430,house,residential,
way,1184384431,house,residential,
way,1184384432,house,residential,
way,1184384433,yes,other,
way,1184384434,yes,other,
way,1184384435,yes,other,
way,1184384436,house,residential,
way,1184384437,house,residential,
way,1184384438,house,residential,
way,1184384439,house,residential,
way,1184384466,yes,other,
way,1184384467,yes,other,
way,1184384468,yes,other,
way,1184384469,yes,other,
way,1184384470,yes,other,
way,1184384471,yes,other,
way,1184384472,yes,other,
way,1184384473,yes,other,
way,1184384474,yes,other,
way,1184384475,yes,other,
way,1184384476,yes,other,
way,1184384477,yes,other,
way,1184384478,yes,other,
way,1184384479,yes,other,
way,1184384569,yes,other,
way,1184384847,yes,other,
way,1184384848,yes,other,
way,1184384849,yes,other,
way,1184384850,yes,other,
way,1184384851,yes,other,
way,1184384852,yes,other,
way,1184384853,house,residential,
way,1184384854,house,residential,
way,1184384855,house,residential,
way,1184384856,yes,other,
way,1184384857,yes,other,
way,1184384858,yes,other,
way,1184384859,yes,other,
way,1184384860,house,residential,
way,1184384861,house,residential,
way,1184384862,house,residential,
way,1184384863,house,residential,
way,1184384864,house,residential,
way,1184384865,yes,other,
way,1184384866,yes,other,
way,1184384867,yes,other,
way,1184384868,yes,other,
way,1184384869,yes,other,
way,1184384870,yes,other,
way,1184384871,yes,other,
way,1184384872,yes,other,
way,1184384873,yes,other,
way,1184384874,yes,other,
way,1184385226,yes,other,
way,1184385231,yes,other,
way,1184385232,yes,other,
way,1184385233,yes,other,
way,1184385234,yes,other,
way,1184385243,yes,other,
way,1184385246,yes,other,
way,1184385257,yes,other,
way,1184385258,yes,other,
way,1184385337,yes,other,
way,1184385339,yes,other,
way,1184385340,yes,other,
way,1184385341,yes,other,
way,1184385342,yes,other,
way,1184385343,yes,other,
way,1184385442,yes,other,
way,1184385498,yes,other,
way,1184385499,yes,other,
way,1184385500,yes,other,
way,1184385501,yes,other,
way,1184385502,yes,other,
way,1184385503,yes,other,
way,1184385504,yes,other,
way,1184385505,yes,other,
way,1184385506,yes,other,
way,1184385507,yes,other,
way,1184385508,yes,other,
way,1184385509,yes,other,
way,1184385510,yes,other,
way,1184385511,yes,other,
way,1184385512,yes,other,
way,1184385513,yes,other,
way,1184385514,yes,other,
way,1184385518,yes,other,
way,1184385519,yes,other,
way,1184385521,yes,other,
way,1184385522,yes,other,
way,1184385524,yes,other,
way,1184385525,yes,other,
way,1184385526,yes,other,
way,1184385527,yes,other,
way,1184385528,yes,other,
way,1184385529,yes,other,
way,1184385537,yes,other,
way,1184385538,yes,other,
way,1184385539,yes,other,
way,1184385540,yes,other,
way,1184385541,yes,other,
way,1184385542,yes,other,
way,1184385543,yes,other,
way,1184385544,yes,other,
way,1184385545,yes,other,
way,1184385546,yes,other,
way,1184385547,yes,other,
way,1184385548,yes,other,
way,1184385549,yes,other,
way,1184385556,yes,other,
way,1184385753,yes,other,
way,1184385846,yes,other,
way,1184385847,yes,other,
way,1184385848,yes,other,
way,1184385849,yes,other,
way,1184385850,yes,other,
way,1184385851,yes,other,
way,1184385852,yes,other,
way,1184385853,yes,other,
way,1184385854,yes,other,
way,1184385855,yes,other,
way,1184385856,yes,other,
way,1184385857,yes,other,
way,1184385858,yes,other,
way,1184385859,yes,other,
way,1184385860,yes,other,
way,1184385861,yes,other,
way,1184385862,yes,other,
way,1184385863,yes,other,
way,1184385864,yes,other,
way,1184385865,yes,other,
way,1184385874,yes,other,
way,1184385892,yes,other,
way,1184385894,yes,other,
way,1184385961,yes,other,
way,1184385988,yes,other,
way,1184385989,yes,other,
way,1184385992,yes,other,
way,1184386024,yes,other,
way,1184386026,yes,other,
way,1184386027,yes,other,
way,1184386033,yes,other,
way,1184386041,yes,other,
way,1184386051,yes,other,
way,1184386123,yes,other,
way,1184386124,yes,other,
way,1184386217,yes,other,
way,1184386238,yes,other,
way,1184386307,yes,other,
way,1184386310,yes,other,
way,1184386502,house,residential,
way,1184386512,yes,other,
way,1184386513,yes,other,
way,1184386516,yes,other,
way,1184386517,yes,other,
way,1184386525,yes,other,
way,1184386527,yes,other,
way,1184386533,house,residential,
way,1184386552,yes,other,
way,1184386590,yes,other,
way,1184386635,yes,other,
way,1184386649,yes,other,
way,1184386658,yes,other,
way,1184386659,house,residential,
way,1184386666,yes,other,
way,1184386685,yes,other,
way,1184386688,yes,other,
way,1184386736,yes,other,
way,1184386806,yes,other,
way,1184386807,yes,other,
way,1184386808,yes,other,
way,1184386809,yes,other,
way,1184386810,yes,other,
way,1184386811,yes,other,
way,1184386812,yes,other,
way,1184386813,yes,other,
way,1184386814,yes,other,
way,1184386815,yes,other,
way,1184386816,yes,other,
way,1184386817,yes,other,
way,1184386818,yes,other,
way,1184386819,yes,other,
way,1184386820,yes,other,
way,1184386821,yes,other,
way,1184386822,yes,other,
way,1184386823,yes,other,
way,1184386824,yes,other,
way,1184386825,yes,other,
way,1184386826,yes,other,
way,1184386827,yes,other,
way,1184386828,yes,other,
way,1184386829,yes,other,
way,1184386830,yes,other,
way,1184386831,yes,other,
way,1184386832,yes,other,
way,1184386833,yes,other,
way,1184386834,yes,other,
way,1184386835,yes,other,
way,1184386836,yes,other,
way,1184386837,yes,other,
way,1184386838,yes,other,
way,1184386839,yes,other,
way,1184386844,yes,other,
way,1184386853,yes,other,
way,1184386871,yes,other,
way,1184386918,yes,other,
way,1184386935,yes,other,
way,1184386962,yes,other,
way,1184386966,yes,other,
way,1184386967,yes,other,
way,1184387001,yes,other,
way,1184387002,yes,other,
way,1184387003,yes,other,
way,1184387004,yes,other,
way,1184387005,yes,other,
way,1184387006,yes,other,
way,1184387018,yes,other,
way,1184387043,yes,other,
way,1184387082,yes,other,
way,1184387083,yes,other,
way,1184387239,yes,other,
way,1184387296,yes,other,
way,1184387335,yes,other,
way,1184387336,yes,other,
way,1184387388,yes,other,
way,1184387390,yes,other,
way,1184387391,yes,other,
way,1184387392,yes,other,
way,1184387393,yes,other,
way,1184387394,yes,other,
way,1184387395,yes,other,
way,1184387396,yes,other,
way,1184387399,yes,other,
way,1184387400,yes,other,
way,1184387401,yes,other,
way,1184387402,yes,other,
way,1184387428,yes,other,
way,1184387689,yes,other,
way,1184387766,yes,other,
way,1184387789,yes,other,
way,1184387798,yes,other,
way,1184387799,yes,other,
way,1184387800,yes,other,
way,1184387813,yes,other,
way,1184387814,yes,other,
way,1184387815,yes,other,
way,1184387816,yes,other,
way,1184387817,yes,other,
way,1184387850,yes,other,
way,1184387851,house,residential,
way,1184388009,yes,other,
way,1184388015,yes,other,
way,1184388020,yes,other,
way,1184388021,yes,other,
way,1184388022,yes,other,
way,1184388023,yes,other,
way,1184388108,yes,other,
way,1184388237,yes,other,
way,1184388238,yes,other,
way,1184388239,yes,other,
way,1184388380,yes,other,
way,1184388448,yes,other,
way,1184388449,yes,other,
way,1184388450,yes,other,
way,1184388456,yes,other,
way,1184388457,yes,other,
way,1184388471,yes,other,
way,1184388480,yes,other,
way,1184388481,yes,other,
way,1184388483,yes,other,
way,1184388484,yes,other,
way,1184388486,yes,other,
way,1184388489,yes,other,
way,1184388494,yes,other,
way,1184388495,yes,other,
way,1184388496,yes,other,
way,1184388497,yes,other,
way,1184388498,yes,other,
way,1184388499,yes,other,
way,1184388500,yes,other,
way,1184388514,yes,other,
way,1184388515,yes,other,
way,1184388521,yes,other,
way,1184388548,yes,other,
way,1184388549,yes,other,
way,1184388550,yes,other,
way,1184388551,yes,other,
way,1184388552,yes,other,
way,1184388553,yes,other,
way,1184388554,yes,other,
way,1184388555,yes,other,
way,1184388556,yes,other,
way,1184388557,yes,other,
way,1184388558,yes,other,
way,1184388559,yes,other,
way,1184388560,yes,other,
way,1184388561,yes,other,
way,1184388562,yes,other,
way,1184388563,yes,other,
way,1184388564,yes,other,
way,1184388565,yes,other,
way,1184388566,yes,other,
way,1184388567,yes,other,
way,1184388568,yes,other,
way,1184388569,yes,other,
way,1184388570,yes,other,
way,1184388571,yes,other,
way,1184388574,yes,other,
way,1184388580,yes,other,
way,1184388581,yes,other,
way,1184388712,yes,other,
way,1184388820,yes,other,
way,1184388821,yes,other,
way,1184388842,yes,other,
way,1184388843,yes,other,
way,1184388844,yes,other,
way,1184388845,yes,other,
way,1184388846,yes,other,
way,1184388847,yes,other,Lourde Matha Church
way,1184388848,yes,other,
way,1184388850,yes,other,
way,1184388851,yes,other,
way,1184388852,yes,other,
way,1184388853,yes,other,
way,1184388854,yes,other,
way,1184388855,yes,other,
way,1184388856,school,critical,Lourde Matha Higher Secondary School Pallikkunu
way,1184389374,yes,other,
way,1184389380,yes,other,
way,1184389381,yes,other,
way,1184389382,yes,other,
way,1184389383,yes,other,
way,1184389413,yes,other,
way,1184389414,yes,other,
way,1184389415,yes,other,
way,1184389416,yes,other,
way,1184389417,yes,other,
way,1184389418,yes,other,
way,1184389419,yes,other,
way,1184389420,yes,other,
way,1184389421,yes,other,
way,1184389422,yes,other,
way,1184389423,yes,other,
way,1184389424,yes,other,
way,1184389425,yes,other,
way,1184389426,chapel,other,
way,1184389427,yes,other,
way,1184389428,yes,other,
way,1184389429,yes,other,
way,1184389430,yes,other,
way,1184389431,yes,other,
way,1184389432,yes,other,
way,1184389433,yes,other,
way,1184389434,yes,other,
way,1184389435,yes,other,
way,1184389436,yes,other,
way,1184389437,yes,other,
way,1184389438,yes,other,
way,1184389439,yes,other,
way,1184389440,yes,other,
way,1184389441,yes,other,
way,1184389442,yes,other,
way,1184389443,yes,other,
way,1184389444,yes,other,
way,1184389445,yes,other,
way,1184389446,yes,other,
way,1184389447,yes,other,
way,1184389448,yes,other,
way,1184389449,yes,other,
way,1184389450,yes,other,
way,1184389451,yes,other,
way,1184389452,yes,other,
way,1184389453,yes,other,
way,1184389454,yes,other,
way,1184389455,yes,other,
way,1184389456,yes,other,
way,1184389457,yes,other,
way,1184389458,yes,other,
way,1184389459,yes,other,
way,1184389460,yes,other,
way,1184389461,yes,other,
way,1184389462,yes,other,
way,1184389463,yes,other,
way,1184389464,yes,other,
way,1184389465,yes,other,
way,1184389466,yes,other,
way,1184389467,yes,other,
way,1184389468,yes,other,
way,1184389469,yes,other,
way,1184389470,yes,other,
way,1184398086,yes,other,
way,1184398087,yes,other,
way,1184398088,yes,other,
way,1184398089,yes,other,
way,1184398090,yes,other,
way,1184398091,yes,other,
way,1184398092,yes,other,
way,1184398093,yes,other,
way,1184398094,yes,other,
way,1184398095,yes,other,
way,1184398096,yes,other,
way,1184401013,yes,other,
way,1184401092,yes,other,
way,1184401369,yes,other,
way,1184401370,yes,other,
way,1184401371,yes,other,
way,1184401372,yes,other,
way,1184402226,yes,other,
way,1184402227,yes,other,
way,1184402228,yes,other,
way,1184402229,yes,other,
way,1184402230,yes,other,
way,1184402250,yes,other,
way,1184402966,yes,other,
way,1184402983,yes,other,
way,1184402984,yes,other,
way,1184403051,yes,other,
way,1184403056,yes,other,
way,1184403171,yes,other,
way,1184403292,yes,other,
way,1184403293,yes,other,
way,1184403301,yes,other,
way,1184403302,yes,other,
way,1184403522,house,residential,
way,1184403523,house,residential,
way,1184403524,yes,other,
way,1184403653,yes,other,
way,1184403656,yes,other,
way,1184403657,yes,other,
way,1184403658,yes,other,
way,1184403661,yes,other,
way,1184403681,yes,other,
way,1184403691,yes,other,
way,1184403735,yes,other,
way,1184403759,yes,other,
way,1184403780,yes,other,
way,1184403781,yes,other,
way,1184403794,yes,other,
way,1184403800,yes,other,
way,1184403815,yes,other,
way,1184404033,yes,other,
way,1184404034,yes,other,
way,1184404035,yes,other,
way,1184404036,yes,other,
way,1184404037,yes,other,
way,1184404038,yes,other,
way,1184404039,yes,other,
way,1184404040,yes,other,
way,1184404041,yes,other,
way,1184404042,yes,other,
way,1184404043,yes,other,
way,1184404044,yes,other,
way,1184404045,yes,other,
way,1184404046,yes,other,
way,1184404047,yes,other,
way,1184404048,yes,other,
way,1184404049,yes,other,
way,1184404050,yes,other,
way,1184404051,yes,other,
way,1184404052,yes,other,
way,1184404053,yes,other,
way,1184404054,yes,other,
way,1184404055,yes,other,
way,1184404056,yes,other,
way,1184404057,yes,other,
way,1184404058,yes,other,
way,1184404059,yes,other,
way,1184404060,yes,other,
way,1184404061,yes,other,
way,1184404062,yes,other,
way,1184404063,yes,other,
way,1184404064,yes,other,
way,1184404065,yes,other,
way,1184404066,yes,other,
way,1184404067,yes,other,
way,1184404068,yes,other,
way,1184404069,yes,other,
way,1184404070,yes,other,
way,1184404071,yes,other,
way,1184404073,yes,other,
way,1184404075,yes,other,
way,1184404108,yes,other,
way,1184404109,yes,other,
way,1184404144,yes,other,
way,1184404145,yes,other,
way,1184404146,yes,other,
way,1184404147,yes,other,
way,1184404148,yes,other,
way,1184404149,yes,other,
way,1184404150,yes,other,
way,1184404151,yes,other,
way,1184404152,yes,other,
way,1184404153,yes,other,
way,1184404154,yes,other,
way,1184404155,yes,other,
way,1184404159,yes,other,
way,1184404338,yes,other,
way,1184404344,yes,other,
way,1184404390,yes,other,
way,1184404395,yes,other,
way,1184404472,yes,other,
way,1184404522,yes,other,
way,1184404548,yes,other,
way,1184404549,yes,other,
way,1184404568,yes,other,
way,1184404583,yes,other,
way,1184404753,yes,other,St. Joseph's Church
way,1184404861,yes,other,
way,1184404882,yes,other,
way,1184404883,yes,other,
way,1184404891,yes,other,
way,1184404892,yes,other,
way,1184404893,yes,other,
way,1184404894,yes,other,
way,1184404895,yes,other,
way,1184404896,yes,other,
way,1184404897,yes,other,
way,1184404898,yes,other,
way,1184404899,yes,other,
way,1184404900,yes,other,
way,1184404901,yes,other,
way,1184404902,yes,other,
way,1184404903,yes,other,
way,1184404904,yes,other,
way,1184404905,yes,other,
way,1184404906,yes,other,
way,1184404907,yes,other,
way,1184404908,yes,other,
way,1184404909,yes,other,
way,1184404910,yes,other,
way,1184405018,yes,other,
way,1184405019,yes,other,
way,1184405022,yes,other,
way,1184405023,yes,other,
way,1184405030,yes,other,
way,1184405031,yes,other,
way,1184405048,yes,other,
way,1184405063,yes,other,
way,1184405126,yes,other,
way,1184405127,yes,other,
way,1184405128,yes,other,
way,1184405129,yes,other,
way,1184405130,yes,other,
way,1184405131,yes,other,
way,1184405132,yes,other,
way,1184405133,yes,other,
way,1184405134,yes,other,
way,1184405135,yes,other,
way,1184405136,yes,other,
way,1184405137,yes,other,
way,1184405138,yes,other,
way,1184405139,yes,other,
way,1184405140,yes,other,
way,1184405141,yes,other,
way,1184405142,yes,other,
way,1184405143,yes,other,
way,1184405144,yes,other,
way,1184405219,yes,other,
way,1184405220,yes,other,
way,1184405247,yes,other,
way,1184405257,yes,other,
way,1184405260,yes,other,
way,1184405281,yes,other,
way,1184405326,yes,other,
way,1184405329,yes,other,
way,1184405330,yes,other,
way,1184405331,yes,other,
way,1184405333,yes,other,
way,1184405364,yes,other,
way,1184405379,yes,other,
way,1184405451,yes,other,
way,1184405479,yes,other,
way,1184405522,yes,other,
way,1184405536,yes,other,
way,1184405538,yes,other,
way,1184405541,yes,other,
way,1184405543,yes,other,
way,1184405607,yes,other,
way,1184405617,yes,other,
way,1184405744,yes,other,
way,1184405844,yes,other,
way,1184405847,yes,other,
way,1184405849,yes,other,
way,1184405850,yes,other,
way,1184405851,yes,other,
way,1184405852,yes,other,
way,1184405853,yes,other,
way,1184405854,yes,other,
way,1184405855,yes,other,
way,1184405856,yes,other,
way,1184405935,yes,other,
way,1184405974,yes,other,
way,1184405975,yes,other,
way,1184405976,yes,other,
way,1184405977,yes,other,
way,1184406030,yes,other,
way,1184406041,yes,other,
way,1184406155,yes,other,
way,1184406215,yes,other,
way,1184406301,yes,other,
way,1184406319,yes,other,
way,1184407229,yes,other,
way,1184407270,yes,other,
way,1184407349,yes,other,
way,1184407350,yes,other,
way,1184407351,yes,other,
way,1184407352,yes,other,
way,1184407353,yes,other,
way,1184407354,yes,other,
way,1184407355,yes,other,
way,1184407356,yes,other,
way,1184407357,yes,other,
way,1184407358,yes,other,
way,1184407359,yes,other,
way,1184407360,yes,other,
way,1184407361,yes,other,
way,1184407362,yes,other,
way,1184407363,yes,other,
way,1184407364,yes,other,
way,1184407365,yes,other,
way,1184407366,yes,other,
way,1184407414,yes,other,
way,1184407426,yes,other,
way,1184407512,yes,other,
way,1184407603,yes,other,
way,1184407604,yes,other,
way,1184407605,yes,other,
way,1184407606,yes,other,
way,1184407607,yes,other,
way,1184407608,yes,other,
way,1184407609,yes,other,
way,1184407610,yes,other,
way,1184407611,yes,other,
way,1184407612,yes,other,
way,1184407613,yes,other,
way,1184407614,yes,other,
way,1184407615,yes,other,
way,1184407616,yes,other,
way,1184407617,yes,other,
way,1184407618,yes,other,
way,1184407619,yes,other,
way,1184407620,yes,other,
way,1184407621,yes,other,
way,1184407622,yes,other,
way,1184407623,yes,other,
way,1184407624,yes,other,
way,1184407625,yes,other,
way,1184407626,yes,other,
way,1184407627,yes,other,
way,1184407628,yes,other,
way,1184407629,yes,other,
way,1184407630,yes,other,
way,1184407631,yes,other,
way,1184407632,yes,other,
way,1184407633,yes,other,
way,1184407683,yes,other,
way,1184407687,yes,other,
way,1184407728,yes,other,
way,1184407729,yes,other,
way,1184407730,yes,other,
way,1184407731,yes,other,
way,1184407732,yes,other,
way,1184407733,yes,other,
way,1184407734,yes,other,
way,1184407735,yes,other,
way,1184407736,yes,other,
way,1184407742,yes,other,
way,1184407764,yes,other,
way,1184407766,yes,other,
way,1184407792,yes,other,
way,1184407793,yes,other,
way,1184407794,yes,other,
way,1184407795,yes,other,
way,1184407796,yes,other,
way,1184407797,yes,other,
way,1184407825,yes,other,
way,1184407939,yes,other,
way,1184407987,yes,other,
way,1184408076,yes,other,
way,1184408211,yes,other,
way,1184408212,yes,other,
way,1184408213,yes,other,
way,1184408236,yes,other,
way,1184408237,yes,other,
way,1184408238,yes,other,
way,1184408451,yes,other,
way,1184408452,yes,other,
way,1184408453,yes,other,
way,1184408454,yes,other,
way,1184408714,yes,other,
way,1184408715,yes,other,
way,1184408716,yes,other,
way,1184408717,yes,other,
way,1184408718,yes,other,
way,1184408719,yes,other,
way,1184408720,yes,other,
way,1184408721,yes,other,
way,1184408722,yes,other,
way,1184408723,yes,other,
way,1184408724,yes,other,
way,1184408725,yes,other,
way,1184408726,yes,other,
way,1184408727,yes,other,
way,1184408728,yes,other,
way,1184408729,yes,other,
way,1184408730,yes,other,
way,1184408731,yes,other,
way,1184408732,yes,other,
way,1184408733,yes,other,
way,1184408734,yes,other,
way,1184408735,yes,other,
way,1184408736,yes,other,
way,1184408737,yes,other,
way,1184408739,yes,other,
way,1184408741,yes,other,
way,1184408742,yes,other,
way,1184408743,yes,other,
way,1184408744,yes,other,
way,1184408745,yes,other,
way,1184408769,yes,other,
way,1184408770,yes,other,
way,1184408771,yes,other,
way,1184408776,yes,other,
way,1184408777,yes,other,
way,1184408778,yes,other,
way,1184408779,yes,other,
way,1184408780,yes,other,
way,1184408781,yes,other,
way,1184408782,yes,other,
way,1184408783,yes,other,
way,1184408797,yes,other,
way,1184408900,yes,other,
way,1184409027,yes,other,
way,1184409471,yes,other,
way,1184409472,yes,other,
way,1184409473,yes,other,
way,1184409474,yes,other,
way,1184409475,yes,other,
way,1184409476,yes,other,
way,1184409477,yes,other,
way,1184409478,yes,other,
way,1184409479,yes,other,
way,1184409480,yes,other,
way,1184409481,yes,other,
way,1184409482,yes,other,
way,1184409483,yes,other,
way,1184409484,yes,other,
way,1184409485,yes,other,
way,1184409486,yes,other,
way,1184409487,yes,other,
way,1184409693,yes,other,
way,1184409696,yes,other,
way,1184409697,yes,other,
way,1184409698,yes,other,
way,1184409762,yes,other,
way,1184409782,yes,other,
way,1184409955,yes,other,
way,1184409956,yes,other,
way,1184409957,yes,other,
way,1184409958,yes,other,
way,1184409959,yes,other,
way,1184409960,yes,other,
way,1184409961,yes,other,
way,1184409962,yes,other,
way,1184409963,yes,other,
way,1184409964,yes,other,
way,1184409965,yes,other,
way,1184409966,yes,other,
way,1184409967,yes,other,
way,1184409968,yes,other,
way,1184409969,yes,other,
way,1184409970,yes,other,
way,1184409971,yes,other,
way,1184409972,yes,other,
way,1184409973,yes,other,
way,1184409974,yes,other,
way,1184409975,yes,other,
way,1184409976,yes,other,
way,1184409977,yes,other,
way,1184409978,yes,other,
way,1184410046,yes,other,
way,1184410047,yes,other,
way,1184410048,yes,other,
way,1184410049,yes,other,
way,1184410050,yes,other,
way,1184410051,yes,other,
way,1184410052,yes,other,
way,1184410053,yes,other,
way,1184410054,yes,other,
way,1184410055,yes,other,
way,1184410095,yes,other,
way,1184410096,yes,other,
way,1184410307,yes,other,
way,1184410308,yes,other,
way,1184410309,yes,other,
way,1184410310,yes,other,
way,1184410311,yes,other,
way,1184410312,yes,other,
way,1184410313,yes,other,
way,1184410314,yes,other,
way,1184410315,yes,other,
way,1184410316,yes,other,
way,1184410317,yes,other,
way,1184410318,yes,other,
way,1184410385,yes,other,
way,1184410386,yes,other,
way,1184410387,yes,other,
way,1184410388,yes,other,
way,1184410389,yes,other,
way,1184410390,yes,other,
way,1184410391,yes,other,
way,1184410392,yes,other,
way,1184410393,yes,other,
way,1184410394,yes,other,
way,1184410395,yes,other,
way,1184410396,yes,other,
way,1184410397,yes,other,
way,1184410398,yes,other,
way,1184410399,yes,other,
way,1184410400,yes,other,
way,1184410401,yes,other,
way,1184410402,yes,other,
way,1184410403,yes,other,
way,1184410404,yes,other,
way,1184410405,yes,other,
way,1184410406,yes,other,
way,1184410407,yes,other,
way,1184410408,yes,other,
way,1184410409,yes,other,
way,1184410410,yes,other,
way,1184410411,yes,other,
way,1184410412,yes,other,
way,1184410413,yes,other,
way,1184410414,yes,other,
way,1184410415,yes,other,
way,1184410416,yes,other,
way,1184410417,yes,other,
way,1184410749,yes,other,
way,1184410750,yes,other,
way,1184410751,yes,other,
way,1184410752,yes,other,
way,1184410753,yes,other,
way,1184410754,yes,other,
way,1184410755,yes,other,
way,1184410756,yes,other,
way,1184410757,yes,other,
way,1184410758,yes,other,
way,1184410759,yes,other,
way,1184410760,yes,other,
way,1184410761,yes,other,
way,1184410762,yes,other,
way,1184410763,yes,other,
way,1184410764,yes,other,
way,1184410765,yes,other,
way,1184410766,yes,other,
way,1184410767,yes,other,
way,1184410768,yes,other,
way,1184410769,yes,other,
way,1184410770,yes,other,
way,1184410771,yes,other,
way,1184410772,yes,other,
way,1184410773,yes,other,
way,1184410774,yes,other,
way,1184410775,yes,other,
way,1184410776,yes,other,
way,1184410777,yes,other,
way,1184410778,yes,other,
way,1184410779,yes,other,
way,1184410780,yes,other,
way,1184410781,yes,other,
way,1184410782,yes,other,
way,1184410783,yes,other,
way,1184410784,yes,other,
way,1184410785,yes,other,
way,1184410786,yes,other,
way,1184410787,yes,other,
way,1184410788,yes,other,
way,1184410789,yes,other,
way,1184410790,yes,other,
way,1184410791,yes,other,
way,1184410792,yes,other,
way,1184410793,yes,other,
way,1184410796,yes,other,
way,1184410797,yes,other,
way,1184410798,yes,other,
way,1184410799,yes,other,
way,1184410800,yes,other,
way,1184410801,yes,other,
way,1184410802,yes,other,
way,1184410803,yes,other,
way,1184410804,yes,other,
way,1184410805,yes,other,
way,1184410806,yes,other,
way,1184410807,yes,other,
way,1184410808,yes,other,
way,1184410809,yes,other,
way,1184410810,yes,other,
way,1184410811,yes,other,
way,1184410812,yes,other,
way,1184410813,yes,other,
way,1184410814,yes,other,
way,1184410815,yes,other,
way,1184410816,yes,other,
way,1184410817,yes,other,
way,1184410818,yes,other,
way,1184410819,yes,other,
way,1184410820,yes,other,
way,1184410821,yes,other,
way,1184410822,yes,other,
way,1184410823,yes,other,
way,1184410824,yes,other,
way,1184410825,yes,other,
way,1184410826,yes,other,
way,1184410827,yes,other,
way,1184410828,yes,other,
way,1184410829,yes,other,
way,1184410830,yes,other,
way,1184410831,yes,other,
way,1184410832,yes,other,
way,1184410833,yes,other,
way,1184411274,yes,other,
way,1184411275,yes,other,
way,1184411276,yes,other,
way,1184411277,yes,other,
way,1184411278,yes,other,
way,1184411328,yes,other,
way,1184411483,yes,other,
way,1184411494,yes,other,
way,1184411495,yes,other,
way,1184411496,yes,other,
way,1184411497,yes,other,
way,1184411498,yes,other,
way,1184411499,yes,other,
way,1184411500,yes,other,
way,1184411501,yes,other,
way,1184411502,yes,other,
way,1184411503,yes,other,
way,1184411504,yes,other,
way,1184411505,yes,other,
way,1184411506,yes,other,
way,1184411507,yes,other,
way,1184411508,yes,other,
way,1184411509,yes,other,
way,1184411510,yes,other,
way,1184411511,yes,other,
way,1184411512,yes,other,
way,1184411513,yes,other,
way,1184411514,yes,other,
way,1184411515,yes,other,
way,1184411516,yes,other,
way,1184411517,yes,other,
way,1184411518,yes,other,
way,1184411519,yes,other,
way,1184411520,yes,other,
way,1184411521,yes,other,
way,1184411522,yes,other,
way,1184411523,yes,other,
way,1184411524,yes,other,
way,1184411525,yes,other,
way,1184411526,yes,other,
way,1184411527,yes,other,
way,1184411528,yes,other,
way,1184411563,yes,other,
way,1184411674,yes,other,
way,1184411675,yes,other,
way,1184411676,yes,other,
way,1184411677,yes,other,
way,1184411678,yes,other,
way,1184411679,yes,other,
way,1184411680,yes,other,
way,1184411681,yes,other,
way,1184411682,yes,other,
way,1184411683,yes,other,
way,1184411684,yes,other,
way,1184411685,yes,other,
way,1184411686,yes,other,
way,1184411687,yes,other,
way,1184411688,yes,other,
way,1184411689,yes,other,
way,1184411690,yes,other,
way,1184411691,yes,other,
way,1184411692,yes,other,
way,1184411693,yes,other,
way,1184411694,yes,other,
way,1184411695,yes,other,
way,1184411696,yes,other,
way,1184411697,yes,other,
way,1184411698,yes,other,
way,1184411699,yes,other,
way,1184411700,yes,other,
way,1184411701,yes,other,
way,1184411702,yes,other,
way,1184411703,yes,other,
way,1184411704,yes,other,
way,1184411705,yes,other,
way,1184411706,yes,other,
way,1184411707,yes,other,
way,1184411708,yes,other,
way,1184411709,yes,other,
way,1184411710,yes,other,
way,1184411711,yes,other,
way,1184411766,yes,other,
way,1184411767,yes,other,
way,1184411768,yes,other,
way,1184411770,yes,other,
way,1184411771,yes,other,
way,1184411772,yes,other,
way,1184411773,yes,other,
way,1184411774,yes,other,
way,1184411775,yes,other,
way,1184411776,yes,other,
way,1184411777,yes,other,
way,1184411778,yes,other,
way,1184411779,yes,other,
way,1184411780,yes,other,
way,1184411781,yes,other,
way,1184411782,yes,other,
way,1184411783,yes,other,
way,1184411784,yes,other,
way,1184411785,yes,other,
way,1184411787,yes,other,
way,1184411788,yes,other,
way,1184411789,yes,other,
way,1184411790,yes,other,
way,1184411793,yes,other,
way,1184411794,yes,other,
way,1184411865,yes,other,
way,1184411866,yes,other,
way,1184411867,yes,other,
way,1184411967,yes,other,
way,1184411968,yes,other,
way,1184411969,yes,other,
way,1184411970,yes,other,
way,1184411971,yes,other,
way,1184411972,yes,other,
way,1184411973,yes,other,
way,1184411974,yes,other,
way,1184411975,yes,other,
way,1184411976,yes,other,
way,1184411977,yes,other,
way,1184411978,yes,other,
way,1184411979,yes,other,
way,1184411980,yes,other,
way,1184411981,yes,other,
way,1184411982,yes,other,
way,1184411983,yes,other,
way,1184411984,yes,other,
way,1184411985,yes,other,
way,1184411986,yes,other,
way,1184411987,yes,other,
way,1184411988,yes,other,
way,1184411989,yes,other,
way,1184411990,yes,other,
way,1184411991,yes,other,
way,1184411992,yes,other,
way,1184411993,yes,other,
way,1184411994,yes,other,
way,1184411995,yes,other,
way,1184411996,yes,other,
way,1184411997,yes,other,
way,1184411998,yes,other,
way,1184411999,yes,other,
way,1184412000,yes,other,
way,1184412001,yes,other,
way,1184412002,yes,other,
way,1184412004,yes,other,
way,1184412005,yes,other,
way,1184412041,yes,other,
way,1184412082,yes,other,
way,1184412184,yes,other,
way,1184412185,yes,other,
way,1184412211,yes,other,
way,1184412604,yes,other,
way,1184412608,yes,other,
way,1184412609,yes,other,
way,1184412610,yes,other,
way,1184412611,yes,other,
way,1184412612,yes,other,
way,1184412613,yes,other,
way,1184412614,yes,other,
way,1184412615,yes,other,
way,1184412616,yes,other,
way,1184412617,yes,other,
way,1184412618,yes,other,
way,1184412619,yes,other,
way,1184412620,yes,other,
way,1184412621,yes,other,
way,1184412622,yes,other,
way,1184412623,yes,other,
way,1184412624,yes,other,
way,1184412625,yes,other,
way,1184412626,yes,other,
way,1184412627,yes,other,
way,1184412681,yes,other,
way,1184412682,yes,other,
way,1184412683,yes,other,
way,1184412684,yes,other,
way,1184412685,yes,other,
way,1184412686,yes,other,
way,1184412687,yes,other,
way,1184412688,yes,other,
way,1184412689,yes,other,
way,1184412814,yes,other,
way,1184412815,yes,other,
way,1184413192,yes,other,
way,1184413193,yes,other,
way,1184413194,yes,other,
way,1184413195,yes,other,Thungadi Mahavishnu Temple
way,1184413196,yes,other,
way,1184413197,yes,other,
way,1184413198,yes,other,
way,1184413199,yes,other,
way,1184413200,yes,other,
way,1184413201,yes,other,
way,1184413202,yes,other,
way,1184413203,yes,other,
way,1184413204,yes,other,
way,1184413205,yes,other,
way,1184413206,yes,other,
way,1184413207,yes,other,
way,1184413208,yes,other,
way,1184413209,yes,other,
way,1184413210,yes,other,
way,1184413211,yes,other,
way,1184413212,yes,other,
way,1184413213,yes,other,
way,1184413214,yes,other,
way,1184413215,yes,other,
way,1184413216,yes,other,
way,1184413217,yes,other,
way,1184413218,yes,other,
way,1184413219,yes,other,
way,1184413220,yes,other,
way,1184413221,yes,other,
way,1184413222,yes,other,
way,1184413223,yes,other,
way,1184413224,yes,other,
way,1184413501,yes,other,
way,1184413502,yes,other,
way,1184413503,yes,other,
way,1184413504,yes,other,
way,1184413505,yes,other,
way,1184413506,yes,other,
way,1184413507,yes,other,
way,1184413508,yes,other,
way,1184413509,yes,other,
way,1184414014,yes,other,
way,1184415216,yes,other,
way,1184415217,yes,other,
way,1184415218,yes,other,
way,1184415219,yes,other,
way,1184415220,yes,other,
way,1184415270,yes,other,
way,1184415529,yes,other,
way,1184415530,yes,other,
way,1184415531,yes,other,
way,1184415532,yes,other,
way,1184415533,yes,other,
way,1184415534,yes,other,
way,1184415535,yes,other,
way,1184415536,yes,other,
way,1184415537,yes,other,
way,1184415538,yes,other,
way,1184415911,yes,other,
way,1184415912,yes,other,
way,1184415913,yes,other,
way,1184415914,yes,other,
way,1184415915,yes,other,
way,1184415916,yes,other,
way,1184415917,yes,other,
way,1184415918,yes,other,
way,1184415919,yes,other,
way,1184415920,yes,other,
way,1184415921,yes,other,
way,1184415922,yes,other,
way,1184415923,yes,other,
way,1184415924,yes,other,
way,1184415925,yes,other,
way,1184415926,yes,other,
way,1184415927,yes,other,
way,1184415928,yes,other,
way,1184415929,yes,other,
way,1184415930,yes,other,
way,1184415931,yes,other,
way,1184415932,yes,other,
way,1184415933,yes,other,
way,1184415934,yes,other,
way,1184415935,yes,other,
way,1184415936,yes,other,
way,1184415937,yes,other,
way,1184415938,yes,other,
way,1184415939,yes,other,
way,1184415940,yes,other,
way,1184415941,yes,other,
way,1184415942,yes,other,
way,1184415943,yes,other,
way,1184415944,yes,other,
way,1184415945,yes,other,
way,1184415946,yes,other,
way,1184415947,yes,other,
way,1184415948,yes,other,
way,1184415949,yes,other,
way,1184415950,yes,other,
way,1184415951,yes,other,
way,1184415952,yes,other,
way,1184415953,yes,other,
way,1184415954,yes,other,
way,1184415955,yes,other,
way,1184415956,yes,other,
way,1184415957,yes,other,
way,1184415958,yes,other,
way,1184415959,yes,other,
way,1184415960,yes,other,
way,1184415961,yes,other,
way,1184415962,yes,other,
way,1184415963,yes,other,
way,1184415964,yes,other,
way,1184415965,yes,other,
way,1184415966,yes,other,
way,1184415967,yes,other,
way,1184415968,yes,other,
way,1184415969,yes,other,
way,1184415970,yes,other,
way,1184415971,yes,other,
way,1184415972,yes,other,
way,1184415973,yes,other,
way,1184415974,yes,other,
way,1184415975,yes,other,
way,1184415976,yes,other,
way,1184415977,yes,other,
way,1184415978,yes,other,
way,1184415979,yes,other,
way,1184415980,yes,other,
way,1184415981,yes,other,
way,1184415982,yes,other,
way,1184415983,yes,other,
way,1184415984,yes,other,
way,1184415985,yes,other,
way,1184415986,yes,other,
way,1184415987,yes,other,
way,1184415988,yes,other,
way,1184415989,yes,other,
way,1184415990,yes,other,
way,1184416225,yes,other,
way,1184416258,yes,other,
way,1184416259,yes,other,
way,1184416260,yes,other,
way,1184416261,yes,other,
way,1184416262,yes,other,
way,1184416263,yes,other,
way,1184416264,yes,other,
way,1184416265,yes,other,
way,1184416266,yes,other,
way,1184416267,yes,other,
way,1184416268,yes,other,
way,1184416269,yes,other,
way,1184416270,yes,other,
way,1184416271,yes,other,
way,1184416272,yes,other,
way,1184416273,yes,other,
way,1184416274,yes,other,
way,1184416275,yes,other,
way,1184416279,yes,other,
way,1184416294,yes,other,
way,1184416340,yes,other,
way,1184416411,yes,other,
way,1184417411,yes,other,
way,1184417412,yes,other,
way,1184417413,yes,other,
way,1184417414,yes,other,
way,1184417415,yes,other,
way,1184417416,yes,other,
way,1184417417,yes,other,
way,1184417418,yes,other,
way,1184417419,yes,other,
way,1184417420,yes,other,
way,1184417421,yes,other,
way,1184417424,yes,other,
way,1184417425,yes,other,
way,1184417426,yes,other,
way,1184417427,yes,other,
way,1184417428,yes,other,
way,1184417429,yes,other,
way,1184417430,yes,other,
way,1184417431,yes,other,
way,1184417432,yes,other,
way,1184417433,yes,other,
way,1184417779,yes,other,
way,1184417893,yes,other,
way,1184417894,yes,other,
way,1184417895,yes,other,
way,1184417896,yes,other,
way,1184417897,yes,other,
way,1184417898,yes,other,
way,1184417899,yes,other,
way,1184417900,yes,other,
way,1184417901,yes,other,
way,1184417902,yes,other,
way,1184417903,yes,other,
way,1184417904,yes,other,
way,1184417905,yes,other,
way,1184417906,yes,other,
way,1184417907,yes,other,
way,1184417908,yes,other,
way,1184417909,yes,other,
way,1184417910,yes,other,
way,1184417911,yes,other,
way,1184417912,yes,other,
way,1184417913,yes,other,
way,1184417914,yes,other,
way,1184417915,yes,other,
way,1184417916,yes,other,
way,1184417917,yes,other,
way,1184417918,yes,other,
way,1184417919,yes,other,
way,1184417920,yes,other,
way,1184417921,yes,other,
way,1184417922,yes,other,
way,1184417923,yes,other,
way,1184417924,yes,other,
way,1184417925,yes,other,
way,1184417926,yes,other,
way,1184417927,yes,other,
way,1184417928,yes,other,
way,1184417929,yes,other,
way,1184417930,yes,other,
way,1184417931,yes,other,
way,1184417932,yes,other,
way,1184417933,yes,other,
way,1184417934,yes,other,
way,1184417935,yes,other,
way,1184417936,yes,other,
way,1184417937,yes,other,
way,1184417938,yes,other,
way,1184417939,yes,other,
way,1184417940,yes,other,
way,1184417941,yes,other,
way,1184417942,yes,other,
way,1184417943,yes,other,
way,1184417944,yes,other,
way,1184417945,yes,other,
way,1184417946,yes,other,
way,1184417947,yes,other,
way,1184417948,yes,other,
way,1184417949,yes,other,
way,1184417955,yes,other,
way,1184418109,yes,other,
way,1184418110,yes,other,
way,1184418111,yes,other,
way,1184418112,yes,other,
way,1184418113,yes,other,
way,1184418114,yes,other,
way,1184418115,yes,other,
way,1184418116,yes,other,
way,1184418117,yes,other,
way,1184418118,yes,other,
way,1184418119,yes,other,
way,1184418120,yes,other,
way,1184418121,yes,other,
way,1184418122,yes,other,
way,1184418548,yes,other,
way,1184418549,yes,other,
way,1184418550,yes,other,
way,1184418551,yes,other,
way,1184418552,yes,other,
way,1184418790,yes,other,
way,1184418791,yes,other,
way,1184418792,yes,other,
way,1184418793,yes,other,
way,1184418794,yes,other,
way,1184418795,yes,other,
way,1184418796,yes,other,
way,1184418797,yes,other,
way,1184418798,yes,other,
way,1184418799,yes,other,
way,1184418800,yes,other,
way,1184418801,yes,other,
way,1184418802,yes,other,
way,1184418803,yes,other,
way,1184418804,yes,other,
way,1184418805,yes,other,
way,1184418806,yes,other,
way,1184418807,yes,other,
way,1184418808,yes,other,
way,1184418809,yes,other,
way,1184418810,yes,other,
way,1184418811,yes,other,
way,1184418812,yes,other,
way,1184418813,yes,other,
way,1184418814,yes,other,
way,1184418815,yes,other,
way,1184418816,yes,other,
way,1184418817,yes,other,
way,1184418818,yes,other,
way,1184418819,yes,other,
way,1184418820,yes,other,
way,1184418821,yes,other,
way,1184418919,yes,other,
way,1184419080,yes,other,
way,1184419081,yes,other,
way,1184419082,yes,other,
way,1184419083,yes,other,
way,1184419105,yes,other,
way,1184419106,yes,other,
way,1184419126,yes,other,
way,1184419127,yes,other,
way,1184419128,yes,other,
way,1184419129,yes,other,
way,1184419130,yes,other,
way,1184419131,yes,other,
way,1184419132,yes,other,
way,1184419133,yes,other,
way,1184419134,yes,other,
way,1184419135,yes,other,
way,1184419136,yes,other,
way,1184419137,yes,other,
way,1184419138,yes,other,
way,1184419139,yes,other,
way,1184419140,yes,other,
way,1184419141,yes,other,
way,1184419142,yes,other,
way,1184419143,yes,other,
way,1184419144,yes,other,
way,1184419537,yes,other,
way,1184419538,yes,other,
way,1184419539,yes,other,
way,1184419540,yes,other,
way,1184419541,yes,other,
way,1184419542,yes,other,
way,1184419543,yes,other,
way,1184419544,yes,other,
way,1184419545,yes,other,
way,1184419546,yes,other,
way,1184419547,yes,other,
way,1184419548,yes,other,
way,1184419549,yes,other,
way,1184419550,yes,other,
way,1184419551,yes,other,
way,1184419552,yes,other,
way,1184419553,yes,other,
way,1184419554,yes,other,
way,1184419555,yes,other,
way,1184419556,yes,other,
way,1184419557,yes,other,
way,1184419558,yes,other,
way,1184419559,yes,other,
way,1184419560,yes,other,
way,1184419561,yes,other,
way,1184419562,yes,other,
way,1184419563,yes,other,
way,1184419564,yes,other,
way,1184419565,yes,other,
way,1184419566,yes,other,
way,1184419574,yes,other,
way,1184419575,yes,other,
way,1184419576,yes,other,
way,1184419577,yes,other,
way,1184419578,yes,other,
way,1184419579,yes,other,
way,1184419789,yes,other,
way,1184419790,yes,other,
way,1184419791,yes,other,
way,1184419792,yes,other,
way,1184420037,yes,other,
way,1184420038,yes,other,
way,1184420039,yes,other,
way,1184420040,yes,other,
way,1184420041,yes,other,
way,1184420127,yes,other,
way,1184420128,yes,other,
way,1184420129,yes,other,
way,1184420130,yes,other,
way,1184420131,yes,other,
way,1184420132,yes,other,
way,1184420133,yes,other,
way,1184420134,yes,other,
way,1184420135,yes,other,
way,1184420136,yes,other,
way,1184420137,yes,other,
way,1184420138,yes,other,
way,1184420139,yes,other,
way,1184420140,yes,other,
way,1184420141,yes,other,
way,1184420142,yes,other,
way,1184420143,yes,other,
way,1184420144,yes,other,
way,1184420145,yes,other,
way,1184420146,yes,other,
way,1184420147,yes,other,
way,1184420148,yes,other,
way,1184420149,yes,other,
way,1184420150,yes,other,
way,1184420151,yes,other,
way,1184420152,yes,other,
way,1184420153,yes,other,
way,1184420154,yes,other,
way,1184420155,yes,other,
way,1184420156,yes,other,
way,1184420157,yes,other,
way,1184420158,yes,other,
way,1184420159,yes,other,
way,1184420160,yes,other,
way,1184420161,yes,other,
way,1184420162,yes,other,
way,1184420163,yes,other,
way,1184420164,yes,other,
way,1184420165,yes,other,
way,1184420166,yes,other,
way,1184420167,yes,other,
way,1184420168,yes,other,
way,1184420169,yes,other,
way,1184420170,yes,other,
way,1184420171,yes,other,
way,1184420172,yes,other,
way,1184420173,yes,other,
way,1184420174,yes,other,
way,1184420175,yes,other,
way,1184420176,yes,other,
way,1184420246,yes,other,
way,1184420247,yes,other,
way,1184420248,yes,other,
way,1184420249,yes,other,
way,1184420323,yes,other,
way,1184420324,yes,other,
way,1184420325,yes,other,
way,1184420326,yes,other,
way,1184420327,yes,other,
way,1184420328,yes,other,
way,1184420329,yes,other,
way,1184420330,yes,other,
way,1184420331,yes,other,
way,1184420332,yes,other,
way,1184420333,yes,other,
way,1184420334,yes,other,
way,1184420335,yes,other,
way,1184420336,yes,other,
way,1184420337,yes,other,
way,1184420338,yes,other,
way,1184420339,yes,other,
way,1184420340,yes,other,
way,1184420341,yes,other,
way,1184420342,yes,other,
way,1184420343,yes,other,
way,1184420344,yes,other,
way,1184420345,yes,other,
way,1184420346,yes,other,
way,1184420347,yes,other,
way,1184420348,yes,other,
way,1184420355,yes,other,
way,1184420356,yes,other,
way,1184420357,yes,other,
way,1184420358,yes,other,
way,1184420359,yes,other,
way,1184420360,yes,other,
way,1184420361,yes,other,
way,1184420362,yes,other,
way,1184420363,yes,other,
way,1184420364,yes,other,
way,1184420365,yes,other,
way,1184420366,yes,other,
way,1184420367,yes,other,
way,1184420368,yes,other,
way,1184420369,yes,other,
way,1184420370,yes,other,
way,1184420371,yes,other,
way,1184420372,yes,other,
way,1184420373,yes,other,
way,1184420374,yes,other,
way,1184420375,yes,other,
way,1184421460,yes,other,
way,1184421461,yes,other,
way,1184421462,yes,other,
way,1184421463,yes,other,
way,1184421464,yes,other,
way,1184421724,yes,other,
way,1184421725,yes,other,
way,1184421726,yes,other,
way,1184421727,yes,other,
way,1184421728,yes,other,
way,1184421729,yes,other,
way,1184421730,yes,other,
way,1184421731,yes,other,
way,1184421732,yes,other,
way,1184421975,yes,other,
way,1184421978,yes,other,
way,1184421979,yes,other,
way,1184421980,yes,other,
way,1184421981,yes,other,
way,1184421982,yes,other,
way,1184421983,yes,other,
way,1184421984,yes,other,
way,1184421985,yes,other,
way,1184421986,yes,other,
way,1184421987,yes,other,
way,1184421988,yes,other,
way,1184421989,yes,other,
way,1184421990,yes,other,
way,1184421991,yes,other,
way,1184421992,yes,other,
way,1184421993,yes,other,
way,1184421994,yes,other,
way,1184421995,yes,other,
way,1184421996,yes,other,
way,1184421997,yes,other,
way,1184421998,yes,other,
way,1184421999,yes,other,
way,1184422000,yes,other,
way,1184422001,yes,other,
way,1184422002,yes,other,
way,1184422003,yes,other,
way,1184422004,yes,other,
way,1184422005,yes,other,
way,1184422006,yes,other,
way,1184422007,yes,other,
way,1184422008,yes,other,
way,1184422009,yes,other,
way,1184422010,yes,other,
way,1184422347,yes,other,
way,1184422348,yes,other,
way,1184422349,yes,other,
way,1184422350,yes,other,
way,1184422351,yes,other,
way,1184422352,yes,other,
way,1184422353,yes,other,
way,1184422354,yes,other,
way,1184422355,yes,other,
way,1184422356,yes,other,
way,1184422357,yes,other,
way,1184422358,yes,other,
way,1184422359,yes,other,
way,1184422360,yes,other,
way,1184422373,yes,other,
way,1184422374,yes,other,
way,1184422375,yes,other,
way,1184422376,yes,other,
way,1184422377,yes,other,
way,1184422378,yes,other,
way,1184422379,yes,other,
way,1184422380,yes,other,
way,1184422381,yes,other,
way,1184422382,yes,other,
way,1184422383,yes,other,
way,1184422506,yes,other,
way,1184422511,yes,other,
way,1184422512,yes,other,
way,1184422513,yes,other,
way,1184422523,yes,other,
way,1184422524,yes,other,
way,1184422525,yes,other,
way,1184422526,yes,other,
way,1184422527,yes,other,
way,1184422663,yes,other,
way,1184422664,yes,other,
way,1184422666,yes,other,
way,1184422667,yes,other,
way,1184422668,yes,other,
way,1184422669,yes,other,
way,1184422670,yes,other,
way,1184422671,yes,other,
way,1184422672,yes,other,
way,1184422679,yes,other,
way,1184422680,yes,other,
way,1184422681,yes,other,
way,1184422682,yes,other,
way,1184422972,yes,other,
way,1184422973,yes,other,
way,1184422974,yes,other,
way,1184422975,yes,other,
way,1184422976,yes,other,
way,1184422977,yes,other,
way,1184422978,yes,other,
way,1184422979,yes,other,
way,1184422980,yes,other,
way,1184422981,yes,other,
way,1184422982,yes,other,
way,1184422983,yes,other,
way,1184422984,yes,other,
way,1184422985,yes,other,
way,1184422986,yes,other,
way,1184422987,yes,other,
way,1184423000,yes,other,
way,1184423001,yes,other,
way,1184423002,yes,other,
way,1184423003,yes,other,
way,1184423004,yes,other,
way,1184423006,yes,other,
way,1184423007,yes,other,
way,1184423008,yes,other,
way,1184423009,yes,other,
way,1184423010,yes,other,
way,1184423013,yes,other,
way,1184423374,yes,other,
way,1184423504,yes,other,
way,1184423505,yes,other,
way,1184423506,yes,other,
way,1184423507,yes,other,
way,1184423508,yes,other,
way,1184423509,yes,other,
way,1184423510,yes,other,
way,1184423511,yes,other,
way,1184423512,yes,other,
way,1184423513,yes,other,
way,1184423514,yes,other,
way,1184423515,yes,other,
way,1184423516,yes,other,
way,1184423517,yes,other,
way,1184423518,yes,other,
way,1184423519,yes,other,
way,1184423520,yes,other,
way,1184423521,yes,other,
way,1184423522,yes,other,
way,1184423523,yes,other,
way,1184423524,yes,other,
way,1184423525,yes,other,
way,1184423526,yes,other,
way,1184423527,yes,other,
way,1184423528,yes,other,
way,1184423529,yes,other,
way,1184423530,yes,other,
way,1184423531,yes,other,
way,1184423532,yes,other,
way,1184423533,yes,other,
way,1184423534,yes,other,
way,1184423535,yes,other,
way,1184423536,yes,other,
way,1184423537,yes,other,
way,1184423538,yes,other,
way,1184423539,yes,other,
way,1184423540,yes,other,
way,1184423541,yes,other,
way,1184423542,yes,other,
way,1184423543,yes,other,
way,1184423544,yes,other,
way,1184423545,yes,other,
way,1184423546,yes,other,
way,1184423547,yes,other,
way,1184423548,yes,other,
way,1184423549,yes,other,
way,1184423550,yes,other,
way,1184423551,yes,other,
way,1184423552,yes,other,
way,1184423553,yes,other,
way,1184423563,yes,other,
way,1184423564,yes,other,
way,1184423565,yes,other,
way,1184423566,yes,other,
way,1184423567,yes,other,
way,1184423568,yes,other,
way,1184423569,yes,other,
way,1184423570,yes,other,
way,1184423571,yes,other,
way,1184423854,yes,other,
way,1184423855,yes,other,
way,1184423942,yes,other,
way,1184423943,yes,other,
way,1184423944,yes,other,
way,1184423945,yes,other,
way,1184423946,yes,other,
way,1184423947,yes,other,
way,1184423948,yes,other,
way,1184423949,yes,other,
way,1184423950,yes,other,
way,1184423951,yes,other,
way,1184423952,yes,other,
way,1184423953,yes,other,
way,1184423954,yes,other,
way,1184424080,yes,other,
way,1184424081,yes,other,
way,1184424082,yes,other,
way,1184424083,yes,other,
way,1184424084,yes,other,
way,1184424085,yes,other,
way,1184424086,yes,other,
way,1184424087,yes,other,
way,1184424088,yes,other,
way,1184424089,yes,other,
way,1184424090,yes,other,
way,1184424091,yes,other,
way,1184424092,yes,other,
way,1184424093,yes,other,
way,1184424094,yes,other,
way,1184424095,yes,other,
way,1184424096,yes,other,
way,1184424097,yes,other,
way,1184424098,yes,other,
way,1184424220,yes,other,
way,1184424221,yes,other,
way,1184424222,yes,other,
way,1184424223,yes,other,
way,1184424224,yes,other,
way,1184424225,yes,other,
way,1184424226,yes,other,
way,1184424227,yes,other,
way,1184424228,yes,other,
way,1184424229,yes,other,
way,1184424230,yes,other,
way,1184424231,yes,other,
way,1184424232,yes,other,
way,1184424233,yes,other,
way,1184424234,yes,other,
way,1184424281,yes,other,
way,1184424282,yes,other,
way,1184424283,yes,other,
way,1184424284,yes,other,
way,1184424285,yes,other,
way,1184424286,yes,other,
way,1184424287,yes,other,
way,1184424288,yes,other,
way,1184424289,yes,other,
way,1184424290,yes,other,
way,1184424291,yes,other,
way,1184424292,yes,other,
way,1184424300,yes,other,
way,1184424301,yes,other,
way,1184424302,yes,other,
way,1184424303,yes,other,
way,1184424304,yes,other,
way,1184424305,yes,other,
way,1184424306,yes,other,
way,1184424307,yes,other,
way,1184424308,yes,other,
way,1184424309,yes,other,
way,1184424310,yes,other,
way,1184424512,yes,other,
way,1184424513,yes,other,
way,1184424514,yes,other,
way,1184424515,yes,other,
way,1184424516,yes,other,
way,1184424517,yes,other,
way,1184424518,yes,other,
way,1184424569,yes,other,
way,1184424570,yes,other,
way,1184424571,yes,other,
way,1184424572,yes,other,
way,1184424573,yes,other,
way,1184424574,yes,other,
way,1184424575,yes,other,
way,1184424576,yes,other,
way,1184424577,yes,other,
way,1184424578,yes,other,
way,1184424579,yes,other,
way,1184424580,yes,other,
way,1184424581,yes,other,
way,1184424582,yes,other,
way,1184424583,yes,other,
way,1184424584,yes,other,
way,1184424585,yes,other,
way,1184424586,yes,other,
way,1184424587,yes,other,
way,1184424588,yes,other,
way,1184424589,yes,other,
way,1184424590,yes,other,
way,1184424598,yes,other,
way,1184424599,yes,other,
way,1184424600,yes,other,
way,1184424601,yes,other,
way,1184424602,yes,other,
way,1184424603,yes,other,
way,1184424604,yes,other,
way,1184424605,yes,other,
way,1184424606,yes,other,
way,1184424607,yes,other,
way,1184424608,yes,other,
way,1184424612,yes,other,
way,1184424613,yes,other,
way,1184424614,yes,other,
way,1184424615,yes,other,
way,1184424616,yes,other,
way,1184424617,yes,other,
way,1184424618,yes,other,
way,1184424619,yes,other,
way,1184424620,yes,other,
way,1184424621,yes,other,
way,1184424622,yes,other,
way,1184424623,yes,other,
way,1184424624,yes,other,
way,1184424625,yes,other,
way,1184424626,yes,other,
way,1184424627,yes,other,
way,1184424628,yes,other,
way,1184424629,yes,other,
way,1184424630,yes,other,
way,1184424631,yes,other,
way,1184424632,yes,other,
way,1184424633,yes,other,
way,1184424634,yes,other,
way,1184424635,yes,other,
way,1184424636,yes,other,
way,1184424637,yes,other,
way,1184424638,yes,other,
way,1184424673,yes,other,
way,1184424674,yes,other,
way,1184424789,yes,other,
way,1184424790,yes,other,
way,1184424791,yes,other,
way,1184424792,yes,other,
way,1184424793,yes,other,
way,1184424794,yes,other,
way,1184424795,yes,other,
way,1184424796,yes,other,
way,1184424797,yes,other,
way,1184424798,yes,other,
way,1184424799,yes,other,
way,1184424800,yes,other,
way,1184424801,yes,other,
way,1184424802,yes,other,
way,1184424803,yes,other,
way,1184424804,yes,other,
way,1184424805,yes,other,
way,1184424806,yes,other,
way,1184424807,yes,other,
way,1184424808,yes,other,
way,1184424809,yes,other,
way,1184424876,yes,other,
way,1184424877,yes,other,
way,1184424878,yes,other,
way,1184424879,yes,other,
way,1184424880,yes,other,
way,1184424881,yes,other,
way,1184424882,yes,other,
way,1184424883,yes,other,
way,1184424884,yes,other,
way,1184424885,yes,other,
way,1184424886,yes,other,
way,1184424887,yes,other,
way,1184424899,yes,other,
way,1184424900,yes,other,
way,1184424901,yes,other,
way,1184424902,yes,other,
way,1184424903,yes,other,
way,1184424904,yes,other,
way,1184424905,yes,other,
way,1184424906,yes,other,
way,1184424907,yes,other,
way,1184424908,yes,other,
way,1184424909,yes,other,
way,1184424910,yes,other,
way,1184424911,yes,other,
way,1184424912,yes,other,
way,1184424913,yes,other,
way,1184424914,yes,other,
way,1184424915,yes,other,
way,1184424916,yes,other,
way,1184424917,yes,other,
way,1184424918,yes,other,
way,1184424919,yes,other,
way,1184424920,yes,other,
way,1184424921,yes,other,
way,1184424922,yes,other,
way,1184424923,yes,other,
way,1184424924,yes,other,
way,1184424925,yes,other,
way,1184424926,yes,other,
way,1184424927,yes,other,
way,1184424928,yes,other,
way,1184424929,yes,other,
way,1184424930,yes,other,
way,1184424931,yes,other,
way,1184424932,yes,other,
way,1184424933,yes,other,
way,1184424934,yes,other,
way,1184424935,yes,other,
way,1184424936,yes,other,
way,1184425178,yes,other,
way,1184425179,yes,other,
way,1184425180,yes,other,
way,1184425181,yes,other,
way,1184425182,yes,other,
way,1184425183,yes,other,
way,1184425184,yes,other,
way,1184425185,yes,other,
way,1184425186,yes,other,
way,1184425187,yes,other,
way,1184425188,yes,other,
way,1184425190,yes,other,
way,1184425191,yes,other,
way,1184425192,yes,other,
way,1184425193,yes,other,
way,1184425194,yes,other,
way,1184425195,yes,other,
way,1184425196,yes,other,
way,1184425232,yes,other,
way,1184425388,yes,other,
way,1184425389,yes,other,
way,1184425390,yes,other,
way,1184425400,yes,other,
way,1184425401,yes,other,
way,1184425402,yes,other,
way,1184425403,yes,other,
way,1184425404,yes,other,
way,1184425405,yes,other,
way,1184425566,yes,other,
way,1184425567,yes,other,
way,1184425568,yes,other,
way,1184425569,yes,other,
way,1184425570,yes,other,
way,1184425571,yes,other,
way,1184425725,yes,other,
way,1184425726,yes,other,
way,1184425727,yes,other,
way,1184425728,yes,other,
way,1184425729,yes,other,
way,1184425730,yes,other,
way,1184425731,yes,other,
way,1184425732,yes,other,
way,1184425733,yes,other,
way,1184425734,yes,other,
way,1184425735,yes,other,
way,1184425736,yes,other,
way,1184425737,yes,other,
way,1184425738,yes,other,
way,1184425739,yes,other,
way,1184425740,yes,other,
way,1184425741,yes,other,
way,1184425742,yes,other,
way,1184425743,yes,other,
way,1184425744,yes,other,
way,1184425745,yes,other,
way,1184425746,yes,other,
way,1184425747,yes,other,
way,1184425748,yes,other,
way,1184425749,yes,other,
way,1184425750,yes,other,
way,1184425751,yes,other,
way,1184425752,yes,other,
way,1184425753,yes,other,
way,1184425754,yes,other,
way,1184425755,yes,other,
way,1184425756,yes,other,
way,1184425757,yes,other,
way,1184425758,yes,other,
way,1184425759,yes,other,
way,1184425760,yes,other,
way,1184425761,yes,other,
way,1184425762,yes,other,
way,1184425763,yes,other,
way,1184425764,yes,other,
way,1184425765,yes,other,
way,1184425766,yes,other,
way,1184425767,yes,other,
way,1184425768,yes,other,
way,1184425769,yes,other,
way,1184425770,yes,other,
way,1184425771,yes,other,
way,1184425772,yes,other,
way,1184425773,yes,other,
way,1184425774,yes,other,
way,1184425775,yes,other,
way,1184425776,yes,other,
way,1184425777,yes,other,
way,1184425778,yes,other,
way,1184425779,yes,other,
way,1184425780,yes,other,
way,1184425781,yes,other,
way,1184425782,yes,other,
way,1184425783,yes,other,
way,1184425784,yes,other,
way,1184425785,yes,other,
way,1184425786,yes,other,
way,1184425787,yes,other,
way,1184425788,yes,other,
way,1184425789,yes,other,
way,1184425790,yes,other,
way,1184425791,yes,other,
way,1184425792,yes,other,
way,1184425793,yes,other,
way,1184425794,yes,other,
way,1184425795,yes,other,
way,1184425796,yes,other,
way,1184425797,yes,other,
way,1184425798,yes,other,
way,1184425799,yes,other,
way,1184425800,yes,other,
way,1184425801,yes,other,
way,1184425802,yes,other,
way,1184425803,yes,other,
way,1184425804,yes,other,
way,1184426201,yes,other,
way,1184426202,yes,other,
way,1184426425,yes,other,
way,1184426426,yes,other,
way,1184426427,yes,other,
way,1184426428,yes,other,
way,1184426429,yes,other,
way,1184426430,yes,other,
way,1184426431,yes,other,
way,1184426432,yes,other,
way,1184426433,yes,other,
way,1184426434,yes,other,
way,1184426435,yes,other,
way,1184426436,yes,other,
way,1184426437,yes,other,
way,1184426438,yes,other,
way,1184427385,yes,other,
way,1184427386,yes,other,
way,1184427387,yes,other,
way,1184427388,yes,other,
way,1184427389,yes,other,
way,1184427390,yes,other,
way,1184568613,yes,other,
way,1184568614,yes,other,
way,1184568615,yes,other,
way,1184568616,yes,other,
way,1184568617,yes,other,
way,1184568618,yes,other,
way,1184568619,yes,other,
way,1184568620,yes,other,
way,1184568621,yes,other,
way,1184568622,yes,other,
way,1184568623,yes,other,
way,1184568624,yes,other,
way,1184568625,yes,other,
way,1184568626,yes,other,
way,1184568627,yes,other,
way,1184568628,yes,other,
way,1184568629,yes,other,
way,1184568630,yes,other,
way,1184568631,yes,other,
way,1184568632,yes,other,
way,1184568633,yes,other,
way,1184568634,yes,other,
way,1184568635,yes,other,
way,1184568636,yes,other,
way,1184568637,yes,other,
way,1184568638,yes,other,
way,1184568639,yes,other,
way,1184568640,yes,other,
way,1184568641,yes,other,
way,1184568642,yes,other,
way,1184568643,yes,other,
way,1184568644,yes,other,
way,1184568645,yes,other,
way,1184568646,yes,other,
way,1184568647,yes,other,
way,1184568648,yes,other,
way,1184568649,yes,other,
way,1184568650,yes,other,
way,1184568651,yes,other,
way,1184568652,yes,other,
way,1184568653,yes,other,
way,1184568654,yes,other,
way,1184568655,yes,other,
way,1184568656,yes,other,
way,1184568657,yes,other,
way,1184568658,yes,other,
way,1184568659,yes,other,
way,1184568660,yes,other,
way,1184568661,yes,other,
way,1184568662,yes,other,
way,1184568663,yes,other,
way,1184568664,yes,other,
way,1184568665,yes,other,
way,1184568666,yes,other,
way,1184568667,yes,other,
way,1184568668,yes,other,
way,1184568669,yes,other,
way,1184568670,yes,other,
way,1184568671,yes,other,
way,1184568672,yes,other,
way,1184568673,yes,other,
way,1184568674,yes,other,
way,1184568675,yes,other,
way,1184568676,yes,other,
way,1184568677,yes,other,
way,1184568678,yes,other,
way,1184568679,yes,other,
way,1184568680,yes,other,
way,1184568681,yes,other,
way,1184568682,yes,other,
way,1184568683,yes,other,
way,1184568684,yes,other,
way,1184568685,yes,other,
way,1184568686,yes,other,
way,1184568687,yes,other,
way,1184568688,yes,other,
way,1184568689,yes,other,
way,1184568690,yes,other,
way,1184655987,yes,other,
way,1184655988,yes,other,
way,1184655989,yes,other,
way,1184655990,yes,other,
way,1184655991,yes,other,
way,1184655992,yes,other,
way,1184655996,yes,other,
way,1184655997,yes,other,
way,1184655998,yes,other,
way,1184664690,yes,other,
way,1184664691,yes,other,
way,1184664692,yes,other,
way,1184664693,yes,other,
way,1184664694,yes,other,
way,1184664695,yes,other,
way,1184664696,yes,other,
way,1184664697,yes,other,
way,1184664698,yes,other,
way,1184664699,yes,other,
way,1184664700,yes,other,
way,1184664701,yes,other,
way,1184664702,yes,other,
way,1184664703,yes,other,
way,1184664704,yes,other,
way,1184664705,yes,other,
way,1184664706,yes,other,
way,1184664707,yes,other,
way,1184664708,yes,other,
way,1184664709,yes,other,
way,1184664710,yes,other,
way,1184664711,yes,other,
way,1184664712,yes,other,
way,1184664713,yes,other,
way,1184664714,yes,other,
way,1184664715,yes,other,
way,1184664716,yes,other,
way,1184664717,yes,other,
way,1184664718,yes,other,
way,1184664719,yes,other,
way,1184664720,yes,other,
way,1184664721,yes,other,
way,1184664722,yes,other,
way,1184664723,yes,other,
way,1184665658,yes,other,
way,1184665659,yes,other,
way,1184665660,yes,other,
way,1184665661,yes,other,
way,1184665662,yes,other,
way,1184665663,yes,other,
way,1184665664,yes,other,
way,1184665665,yes,other,
way,1184665666,yes,other,
way,1184665667,yes,other,
way,1184665668,yes,other,
way,1184665669,yes,other,
way,1184676433,yes,other,
way,1184676434,yes,other,
way,1184676435,yes,other,
way,1184676436,yes,other,
way,1184676437,yes,other,
way,1184676902,yes,other,
way,1184676903,yes,other,
way,1184676904,yes,other,
way,1184676905,yes,other,
way,1184676906,yes,other,
way,1184676907,yes,other,
way,1184676908,yes,other,
way,1184676909,yes,other,
way,1184765606,yes,other,
way,1184765607,yes,other,
way,1184765608,yes,other,
way,1184765609,yes,other,
way,1184765610,yes,other,
way,1184765611,yes,other,
way,1184765612,yes,other,
way,1184765613,yes,other,
way,1184765614,yes,other,
way,1184765615,yes,other,
way,1184765616,yes,other,
way,1203964577,yes,other,Family wedding centre
way,1203966299,yes,other,Meppadi Post Office
way,1203972732,yes,other,
way,1204153144,yes,other,Mocha
way,1216403370,house,residential,
way,1243094285,detached,residential,
way,1243094999,yes,other,
way,1243123901,yes,other,
way,1243323775,yes,other,
way,1243323783,yes,other,
way,1243323784,yes,other,
way,1243323786,yes,other,
way,1243323787,yes,other,
way,1243324617,yes,other,
way,1243327171,yes,other,
way,1243327172,yes,other,
way,1243327190,yes,other,
way,1243327191,yes,other,
way,1243327192,yes,other,
way,1243327193,yes,other,
way,1243327194,yes,other,
way,1243327195,yes,other,
way,1243327196,yes,other,
way,1243327197,yes,other,
way,1243327198,yes,other,
way,1243327199,yes,other,
way,1243327200,yes,other,
way,1243327201,yes,other,
way,1243327202,yes,other,
way,1243327203,yes,other,
way,1243327204,yes,other,
way,1243327205,yes,other,
way,1243327206,yes,other,
way,1243327207,yes,other,
way,1243327208,yes,other,
way,1243327209,yes,other,
way,1243327210,yes,other,
way,1243327211,yes,other,
way,1243327212,yes,other,
way,1243327219,yes,other,
way,1243327225,yes,other,
way,1243330238,yes,other,
way,1243330239,yes,other,
way,1243330240,yes,other,
way,1243330241,yes,other,
way,1243330242,yes,other,
way,1243330243,yes,other,
way,1243333661,yes,other,
way,1243333662,yes,other,
way,1243333663,yes,other,
way,1243333664,yes,other,
way,1243333665,yes,other,
way,1243333666,yes,other,
way,1243333667,yes,other,
way,1243333668,yes,other,
way,1243333669,yes,other,
way,1243333670,yes,other,
way,1243333671,yes,other,
way,1243333672,yes,other,
way,1243333673,yes,other,
way,1243333674,yes,other,
way,1243333675,yes,other,
way,1243333676,yes,other,
way,1243333678,yes,other,
way,1243333681,yes,other,
way,1243333683,yes,other,
way,1243333684,yes,other,
way,1243333685,yes,other,
way,1243333686,yes,other,
way,1243333687,yes,other,
way,1243333688,yes,other,
way,1243333689,yes,other,
way,1243333690,yes,other,
way,1243333691,yes,other,
way,1243333693,yes,other,
way,1243333694,yes,other,
way,1243333695,yes,other,
way,1243333696,yes,other,
way,1243333697,yes,other,
way,1243335145,yes,other,
way,1243335151,yes,other,
way,1243335152,yes,other,
way,1243335770,yes,other,
way,1243335771,yes,other,
way,1267469585,yes,other,
way,1267469586,yes,other,
way,1267501295,yes,other,Toddy Shop
way,1267501297,yes,other,
way,1267507322,yes,other,
way,1267507323,detached,residential,
way,1267509473,roof,other,
way,1267511020,yes,other,Cherukunnu Temple
way,1267511023,temple,other,
way,1267511024,temple,other,
way,1267513773,yes,other,
way,1267514263,yes,other,St. Mary's Church
way,1267514265,yes,other,
way,1267514266,yes,other,
way,1267514267,yes,other,
way,1267515434,yes,other,St. George Church
way,1267515435,church,other,
way,1267516588,yes,other,
way,1267570523,yes,other,
way,1305338886,yes,other,
way,1305339298,yes,other,
way,1305339299,yes,other,
way,1305778365,yes,other,
way,1308498025,yes,other,
way,1308498026,yes,other,
way,1308498027,yes,other,
way,1308498028,yes,other,
way,1308498029,yes,other,
way,1308498030,yes,other,
way,1308498031,yes,other,
way,1308498032,yes,other,
way,1308498033,yes,other,
way,1308647364,yes,other,
way,1308647365,yes,other,
way,1308647366,yes,other,
way,1308647367,yes,other,
way,1308647368,yes,other,
way,1308647369,yes,other,
way,1308647370,yes,other,
way,1308649312,yes,other,
way,1308649313,yes,other,
way,1308649314,yes,other,
way,1308649315,yes,other,
way,1308649316,yes,other,
way,1308649317,yes,other,
way,1308649318,yes,other,
way,1308649319,yes,other,
way,1308649320,yes,other,
way,1308649321,yes,other,
way,1308649322,yes,other,
way,1308649323,yes,other,
way,1308649324,yes,other,
way,1308649325,yes,other,
way,1308649326,yes,other,
way,1308649327,yes,other,
way,1308649328,yes,other,
way,1308649329,yes,other,
way,1308649330,yes,other,
way,1308649331,yes,other,
way,1315251396,yes,other,kottanchira kariyathan kavu
way,1332641175,yes,other,
way,1332641176,yes,other,
way,1332641177,yes,other,
way,1332641178,yes,other,
way,1332641179,yes,other,
way,1332641180,yes,other,
way,1332641181,yes,other,
way,1332641182,yes,other,
way,1332641188,yes,other,
way,1332641189,yes,other,
way,1332641190,yes,other,
way,1332641191,yes,other,
way,1332641192,yes,other,
way,1332641193,yes,other,
way,1347517207,yes,other,
way,1347517208,yes,other,
way,1347517209,yes,other,
way,1347522914,yes,other,
way,1347522916,yes,other,
way,1347522917,yes,other,
way,1347522918,yes,other,
way,1347579605,yes,other,
way,1347579606,yes,other,
way,1347587318,yes,other,
way,1347591431,yes,other,
way,1347601562,yes,other,
way,1347601563,yes,other,
way,1347601567,yes,other,
way,1347601568,yes,other,
way,1347601569,yes,other,
way,1347601571,yes,other,
way,1347601572,yes,other,
way,1347601573,yes,other,
way,1347601574,yes,other,
way,1347601575,yes,other,
way,1347601576,yes,other,
way,1347602538,yes,other,
way,1347799339,yes,other,
way,1349607469,yes,other,
way,1349607470,yes,other,
way,1350695727,yes,other,
way,1350697032,yes,other,
way,1350699124,yes,other,
way,1350928638,yes,other,
way,1350970405,commercial,economic,
way,1350970408,roof,other,
way,1350970425,yes,other,
way,1352544975,yes,other,
way,1352544976,yes,other,
way,1352544978,yes,other,
way,1352544979,yes,other,
way,1352544981,roof,other,
way,1352544982,yes,other,
way,1352572227,yes,other,
way,1352572228,yes,other,
way,1352572229,yes,other,
way,1352572231,yes,other,
way,1352572233,yes,other,
way,1352572234,yes,other,
way,1352572236,roof,other,
way,1352616293,yes,other,
way,1352616294,yes,other,
way,1352616295,yes,other,
way,1352616307,yes,other,
way,1352616308,yes,other,
way,1352616309,yes,other,
way,1352616310,yes,other,
way,1352616312,yes,other,
way,1352616313,yes,other,
way,1352616315,yes,other,
way,1352616316,yes,other,
way,1352616317,yes,other,
way,1352616318,yes,other,
way,1352616319,yes,other,
way,1352616320,yes,other,
way,1352632484,yes,other,
way,1352632485,yes,other,
way,1352632486,yes,other,
way,1352632487,yes,other,
way,1352632488,yes,other,
way,1352632490,roof,other,
way,1352632492,yes,other,
way,1352632493,yes,other,
way,1352632494,yes,other,
way,1352632495,yes,other,
way,1352632496,yes,other,
way,1352632497,yes,other,
way,1352632500,roof,other,
way,1352632501,yes,other,
way,1352692790,commercial,economic,
way,1352692793,yes,other,
way,1352692795,yes,other,
way,1352692796,yes,other,
way,1352692801,yes,other,
way,1352692802,yes,other,
way,1352692803,yes,other,
way,1352692804,yes,other,
way,1352692806,yes,other,
way,1352692807,yes,other,
way,1352692808,yes,other,
way,1352692809,yes,other,
way,1352692810,yes,other,
way,1352692811,yes,other,
way,1352692814,yes,other,
way,1352692815,yes,other,
way,1352692816,yes,other,
way,1352692817,yes,other,
way,1352716392,yes,other,
way,1352716397,yes,other,
way,1352716399,yes,other,
way,1352716403,yes,other,
way,1352716405,yes,other,
way,1352716411,yes,other,
way,1352716412,yes,other,
way,1352716413,yes,other,
way,1352716415,yes,other,
way,1352716417,yes,other,
way,1352716419,yes,other,
way,1352931319,yes,other,
way,1352931322,yes,other,
way,1352931323,yes,other,
way,1352931324,yes,other,
way,1352931326,yes,other,
way,1352931327,yes,other,
way,1352931328,yes,other,
way,1352931329,yes,other,Kannambadi Chamundeshwari Temple
way,1352931331,yes,other,
way,1352931332,yes,other,
way,1352931333,yes,other,
way,1352931336,yes,other,
way,1352931341,yes,other,
way,1352931342,yes,other,
way,1352931346,yes,other,
way,1352931347,yes,other,
way,1352931351,yes,other,
way,1352948902,yes,other,
way,1352948903,yes,other,
way,1352948906,yes,other,
way,1352948908,yes,other,
way,1352948909,yes,other,
way,1352948910,yes,other,
way,1352948911,yes,other,
way,1352948912,yes,other,
way,1352948913,yes,other,
way,1352948914,yes,other,
way,1352948915,yes,other,
way,1352948916,yes,other,
way,1352948917,yes,other,
way,1352948918,yes,other,
way,1352948920,yes,other,
way,1352948921,yes,other,
way,1352948922,yes,other,
way,1352948924,roof,other,
way,1352948925,yes,other,
way,1352948926,yes,other,
way,1352948928,yes,other,
way,1352965153,yes,other,
way,1352965154,yes,other,
way,1352965155,yes,other,
way,1352965156,yes,other,
way,1352975924,yes,other,
way,1352975925,yes,other,
way,1352975927,yes,other,
way,1352975928,yes,other,
way,1352980296,yes,other,
way,1353168834,yes,other,
way,1353168837,yes,other,
way,1353172032,yes,other,
way,1353172033,yes,other,
way,1353420385,yes,other,
way,1353420386,yes,other,
way,1353429367,yes,other,
way,1353429368,yes,other,
way,1353429369,yes,other,
way,1353429370,yes,other,
way,1353429374,yes,other,
way,1353429375,yes,other,
way,1353429379,yes,other,
way,1353429380,yes,other,
way,1353429382,yes,other,
way,1353429383,yes,other,
way,1353433916,yes,other,
way,1353433917,yes,other,
way,1353433918,yes,other,
way,1353433919,yes,other,
way,1353433920,yes,other,
way,1353433921,yes,other,
way,1353433922,yes,other,
way,1353433923,yes,other,
way,1353446047,yes,other,
way,1353446048,yes,other,
way,1353446049,yes,other,
way,1353446050,yes,other,
way,1353446051,yes,other,
way,1353446052,yes,other,
way,1353446053,yes,other,
way,1353446054,yes,other,
way,1353446055,yes,other,
way,1353446056,yes,other,
way,1353446057,yes,other,Udaya
way,1353446058,yes,other,
way,1353446060,yes,other,
way,1353446061,yes,other,
way,1353446062,yes,other,
way,1353446063,yes,other,
way,1353446064,yes,other,
way,1353446065,yes,other,
way,1353700117,yes,other,
way,1353710362,yes,other,
way,1353710363,yes,other,
way,1353714316,yes,other,
way,1353714317,yes,other,
way,1353714322,yes,other,
way,1353716804,yes,other,
way,1353716809,yes,other,
way,1353716812,yes,other,
way,1353716813,yes,other,
way,1353720021,yes,other,
way,1353720023,yes,other,
way,1353720024,yes,other,
way,1353723723,yes,other,
way,1353723724,yes,other,
way,1353732885,yes,other,
way,1372450479,yes,other,
way,1372586413,yes,other,
way,1372586429,yes,other,Aaneri Mahavishnu Temple
way,1372586436,yes,other,
way,1396018656,yes,other,
way,1396018657,yes,other,
way,1396022984,yes,other,
way,1396025040,yes,other,
way,1396475784,yes,other,
way,1396624065,yes,other,
way,1396626002,yes,other,
way,1396712989,yes,other,
way,1396712990,yes,other,
way,1396712991,yes,other,
way,1396712992,yes,other,
way,1396712993,yes,other,
way,1396712994,yes,other,
way,1396712995,yes,other,
way,1396712996,yes,other,
way,1396712997,yes,other,
way,1396712998,yes,other,
way,1396712999,yes,other,
way,1396713000,yes,other,
way,1396713001,yes,other,
way,1396713002,yes,other,
way,1396713003,yes,other,
way,1396713004,yes,other,
way,1396713005,yes,other,
way,1396713006,yes,other,
way,1396713007,yes,other,
way,1396713008,yes,other,
way,1396713009,yes,other,
way,1396713010,yes,other,
way,1396713011,yes,other,
way,1396713012,yes,other,
way,1396713013,yes,other,
way,1396713014,yes,other,
way,1396713801,yes,other,
way,1396713802,yes,other,
way,1396713803,yes,other,
way,1396713804,yes,other,
way,1396713805,yes,other,
way,1396713806,yes,other,
way,1396713807,yes,other,
way,1396713808,yes,other,
way,1396713809,yes,other,
way,1396713810,yes,other,
way,1396713811,yes,other,
way,1396713812,yes,other,
way,1396713813,yes,other,
way,1396713814,yes,other,
way,1396713815,yes,other,
way,1396713816,yes,other,
way,1396713817,yes,other,
way,1396713818,yes,other,
way,1396713819,yes,other,
way,1402718837,yes,other,
way,1402718838,yes,other,
way,1410398555,yes,other,
way,1410398558,yes,other,Cheengavallam Juma Masjid
way,1410413638,yes,other,
way,1414354866,yes,other,KSFE (Kerala State Financial Enterprises Ltd.)
way,1414354867,yes,other,
way,1414354868,yes,other,
way,1414354869,yes,other,
way,1414373219,retail,economic,
way,1414373220,yes,other,
way,1414373221,yes,other,
way,1414373222,yes,other,
way,1414373223,yes,other,
way,1414373224,yes,other,
way,1414373225,yes,other,
way,1414373226,yes,other,
way,1414373227,yes,other,
way,1414373228,yes,other,
way,1414373229,yes,other,
way,1414373230,yes,other,
way,1414373231,yes,other,
way,1414373232,yes,other,
way,1414373233,retail,economic,
way,1419313351,commercial,economic,Affas
way,1419313352,commercial,economic,
way,1419636459,yes,other,
way,1419636460,yes,other,
way,1419636461,apartments,residential,
