{
"type": "FeatureCollection",
"name": "wayanad_village_boundaries",
"crs": { "type": "name", "properties": { "name": "urn:ogc:def:crs:OGC:1.3:CRS84" } },
"features": [
{ "type": "Feature", "properties": { "village_code": "627330", "village": "Vengappally", "village_name": "Vengappally", "district": "Wayanad", "subdistrict_code": 5637, "households_2011": 2667.0, "population_2011": 11692, "male_population_2011": 5705.0, "female_population_2011": 5987.0 }, "geometry": { "type": "MultiPolygon", "coordinates": [ [ [ [ 76.038475667523684, 11.659897960725932 ], [ 76.038777626777588, 11.659707034653248 ], [ 76.039080732670925, 11.659818960129165 ], [ 76.039311175267002, 11.660121041978543 ], [ 76.039464045217557, 11.660531806788885 ], [ 76.040073531551656, 11.660416581469475 ], [ 76.040646696400728, 11.660378351598187 ], [ 76.041100202621919, 11.660227511031902 ], [ 76.040679598615881, 11.659365564061364 ], [ 76.040563453879514, 11.658950138673845 ], [ 76.040713251737785, 11.65853820472184 ], [ 76.041093877855886, 11.658536752769738 ], [ 76.041396546397479, 11.65853566975562 ], [ 76.041703723246243, 11.658498456798071 ], [ 76.04217814135167, 11.658440172773128 ], [ 76.042464095825864, 11.658269628808346 ], [ 76.042692437990638, 11.658006588109403 ], [ 76.042801565150697, 11.657743943348569 ], [ 76.042841584426981, 11.657407066367513 ], [ 76.042650476421855, 11.657199774068362 ], [ 76.042381992379333, 11.657144275944857 ], [ 76.041849668376599, 11.6570692965095 ], [ 76.04128020619882, 11.656849811490233 ], [ 76.040783630677609, 11.656512587538984 ], [ 76.041305267576291, 11.655368435355081 ], [ 76.041728278273595, 11.655252370056912 ], [ 76.042186844893223, 11.655250730675522 ], [ 76.042641436275403, 11.655398223174831 ], [ 76.043056250687911, 11.654723188854017 ], [ 76.042716025580276, 11.65449833573021 ], [ 76.042485958993382, 11.654273106069844 ], [ 76.042276332995741, 11.654032029324306 ], [ 76.042121525900583, 11.653711625967837 ], [ 76.042101895149443, 11.653374856687549 ], [ 76.042196668487563, 11.652960911428327 ], [ 76.042630483378474, 11.652455219705292 ], [ 76.043146819615615, 11.652564110684748 ], [ 76.043584808207143, 11.652582864061698 ], [ 76.044340941099733, 11.652430925523108 ], [ 76.045178808690707, 11.65205264800443 ], [ 76.045521652117245, 11.651748589168507 ], [ 76.046011373080475, 11.651484576788011 ], [ 76.046584054940354, 11.651333323114491 ], [ 76.04734563718236, 11.651407413340348 ], [ 76.047799618037786, 11.651405718755658 ], [ 76.048221483376992, 11.651404219400151 ], [ 76.048487167257932, 11.651326348999886 ], [ 76.048903663585264, 11.651098807265207 ], [ 76.04907440837016, 11.650761399783251 ], [ 76.049244940039799, 11.650383227503944 ], [ 76.049582646659587, 11.649934470461387 ], [ 76.049925831672297, 11.649743313886434 ], [ 76.050265544861915, 11.649818981741268 ], [ 76.050646427842125, 11.649894434926209 ], [ 76.050686607433292, 11.649591383001669 ], [ 76.050685486723253, 11.649293050414581 ], [ 76.051179990351159, 11.649101386079169 ], [ 76.052581177317592, 11.648535649311242 ], [ 76.05376367661934, 11.648341424349217 ], [ 76.054433032909827, 11.648302822070805 ], [ 76.055424553959156, 11.648561402939274 ], [ 76.055994386046549, 11.648857664291107 ], [ 76.056685426256124, 11.649682448142244 ], [ 76.057181794480144, 11.64997902118891 ], [ 76.057557587982259, 11.649905255643827 ], [ 76.057937735781053, 11.649790849387784 ], [ 76.058625812493034, 11.649824525314957 ], [ 76.059348732312671, 11.650612934698248 ], [ 76.059728683457422, 11.650421688043805 ], [ 76.060337293328772, 11.650080378137949 ], [ 76.061247949225432, 11.649552612976409 ], [ 76.061893529347657, 11.649288063289561 ], [ 76.062575955720575, 11.649059515749641 ], [ 76.062955663637709, 11.648795845136677 ], [ 76.063146956021527, 11.648458360430935 ], [ 76.064059414773752, 11.64841658149909 ], [ 76.06493599086734, 11.648603213523595 ], [ 76.065427197687697, 11.648714397252164 ], [ 76.066612776404128, 11.649347417182103 ], [ 76.067671238740033, 11.64791498938594 ], [ 76.067972728668821, 11.647615428463764 ], [ 76.067474069230769, 11.646717638680988 ], [ 76.06674958527087, 11.645554024449279 ], [ 76.065791091960378, 11.644323372257466 ], [ 76.06522994852925, 11.64349663514691 ], [ 76.065460921206267, 11.643126610578694 ], [ 76.065785330461296, 11.642808935660256 ], [ 76.066072870283378, 11.642468783484324 ], [ 76.06623177716186, 11.642038794449528 ], [ 76.066322165909739, 11.641699345962127 ], [ 76.066449692559488, 11.641450285009027 ], [ 76.066636156823009, 11.641083767494665 ], [ 76.065351995933867, 11.639813285981301 ], [ 76.065497931941835, 11.639595753392962 ], [ 76.065721517830681, 11.639301003633726 ], [ 76.065718014873255, 11.638993646258157 ], [ 76.06523794024028, 11.638760364859063 ], [ 76.064669328410901, 11.638762428216664 ], [ 76.064276849006134, 11.638072221886778 ], [ 76.064830814876728, 11.637816962123321 ], [ 76.065640670953258, 11.63734385820235 ], [ 76.066097605617813, 11.636903597967391 ], [ 76.065522681938035, 11.636471721638175 ], [ 76.065557299741144, 11.635924616661544 ], [ 76.065817050776587, 11.635489657633462 ], [ 76.06610958825803, 11.635230897130372 ], [ 76.066365643223875, 11.635049127055503 ], [ 76.066590366305562, 11.634650461911148 ], [ 76.066290216889129, 11.634506886040306 ], [ 76.065904956882363, 11.634490238916262 ], [ 76.065738417688962, 11.634106622952435 ], [ 76.065440212178771, 11.634071543213787 ], [ 76.065184765037998, 11.634438628106695 ], [ 76.064929675260601, 11.63487361804826 ], [ 76.064470513099621, 11.635329635663851 ], [ 76.064492903028935, 11.635783856269308 ], [ 76.064232415512151, 11.636037998299956 ], [ 76.063883999509301, 11.6360573925993 ], [ 76.063644436193385, 11.635750840444992 ], [ 76.063459558965789, 11.635389845197439 ], [ 76.06308729066761, 11.635169764286109 ], [ 76.06232100033067, 11.635032422040025 ], [ 76.061516003216269, 11.634981114742981 ], [ 76.061247483074794, 11.63492330824668 ], [ 76.060939837696523, 11.634811493875302 ], [ 76.060593957294941, 11.634907640279366 ], [ 76.060364925150523, 11.635573097660838 ], [ 76.060252145430709, 11.636066289365784 ], [ 76.05986818502133, 11.636406739907544 ], [ 76.05968093246851, 11.636597248880411 ], [ 76.059604021109138, 11.636864287780718 ], [ 76.059720200877379, 11.637279754242691 ], [ 76.060027559445203, 11.63731483074065 ], [ 76.060563937841351, 11.637276684818218 ], [ 76.060892263282327, 11.637388484823818 ], [ 76.060837131118021, 11.637958336575212 ], [ 76.060875372888162, 11.638374089620028 ], [ 76.060991490400141, 11.638753397706848 ], [ 76.060976739707584, 11.639110567577111 ], [ 76.060649071277311, 11.639170560597019 ], [ 76.060377811466452, 11.638981747674499 ], [ 76.059995758185806, 11.63860340465696 ], [ 76.059379714695211, 11.638189755411885 ], [ 76.05907235427803, 11.638154680114559 ], [ 76.058765678829033, 11.638305015491561 ], [ 76.058227119405601, 11.639003148411307 ], [ 76.05773442052562, 11.638462505589345 ], [ 76.057366226202703, 11.638102210971736 ], [ 76.057072426217886, 11.638030896113271 ], [ 76.056797095978951, 11.637977672783508 ], [ 76.057070556112194, 11.637520112176631 ], [ 76.057289312613634, 11.63715761611061 ], [ 76.057177138583526, 11.636610969005485 ], [ 76.056809018597974, 11.636286837334108 ], [ 76.056106263182187, 11.635963928922045 ], [ 76.055866651507657, 11.635670979526791 ], [ 76.055554678087248, 11.635635903823292 ], [ 76.055329280316656, 11.635455923616069 ], [ 76.055218047655515, 11.635130853568565 ], [ 76.054998503238352, 11.635276279918241 ], [ 76.054559478827343, 11.635603382075148 ], [ 76.053822922182235, 11.636080790695916 ], [ 76.053382713273095, 11.636082432462979 ], [ 76.05315719748468, 11.635861685530227 ], [ 76.052971726164287, 11.635319866387519 ], [ 76.052236622147504, 11.63496088158815 ], [ 76.05175493086989, 11.634890314540149 ], [ 76.051277950245449, 11.634892104958443 ], [ 76.050722997237685, 11.634853415569603 ], [ 76.050502185643282, 11.634673376263086 ], [ 76.050390319316932, 11.634203650344077 ], [ 76.050131373260285, 11.633621387123171 ], [ 76.049648814527274, 11.633333840180834 ], [ 76.049317404392696, 11.633009534961309 ], [ 76.049426072375041, 11.632642930492336 ], [ 76.049497755986508, 11.632190591722054 ], [ 76.04858032765172, 11.63210350592791 ], [ 76.048615629357926, 11.631737221427436 ], [ 76.048832078638782, 11.630755397322856 ], [ 76.048682054429321, 11.629887968835847 ], [ 76.048789639803815, 11.629241094948291 ], [ 76.04845398931522, 11.628989170098363 ], [ 76.048049496134226, 11.628732905168167 ], [ 76.048378309607187, 11.628370052262097 ], [ 76.048857872868581, 11.62786195785988 ], [ 76.049332023862647, 11.62713243824874 ], [ 76.049731641667378, 11.626077608757386 ], [ 76.050177492633452, 11.626365305230051 ], [ 76.050727254201263, 11.626218647570267 ], [ 76.051133865438175, 11.625814842319297 ], [ 76.051864428949983, 11.624980327134976 ], [ 76.052489392106978, 11.62410556364345 ], [ 76.053184473431045, 11.62359214834315 ], [ 76.053628431378016, 11.62337348863638 ], [ 76.054105046943207, 11.623299458261721 ], [ 76.054908638172265, 11.623603913841563 ], [ 76.054805765023247, 11.623079862734158 ], [ 76.054933100574331, 11.622787812158347 ], [ 76.054901163404523, 11.622424008433562 ], [ 76.054581763527153, 11.622027382857805 ], [ 76.054522738223113, 11.62158903316559 ], [ 76.054873022302914, 11.621443120801365 ], [ 76.055110934352456, 11.621297535091895 ], [ 76.055091435771743, 11.621008328066445 ], [ 76.055200168636176, 11.62064173915531 ], [ 76.055754872906647, 11.620603490984751 ], [ 76.056452508810068, 11.62078179927633 ], [ 76.0571199297665, 11.621434893702546 ], [ 76.057671534960889, 11.621799055536004 ], [ 76.058153438709539, 11.621905761048584 ], [ 76.058409514095018, 11.621719509227869 ], [ 76.058444519647509, 11.621285330191844 ], [ 76.058185722747567, 11.620739269956076 ], [ 76.058036769756669, 11.620161164721551 ], [ 76.058364293879805, 11.6194682580409 ], [ 76.058804537968712, 11.619466694519945 ], [ 76.059176304563891, 11.619573786834252 ], [ 76.059140636893659, 11.619831578518861 ], [ 76.059801031034425, 11.619865386506318 ], [ 76.060392119393342, 11.619750132959492 ], [ 76.06083265705395, 11.619825393667647 ], [ 76.061200177385075, 11.620004853736848 ], [ 76.061462868482323, 11.620365542451827 ], [ 76.061573959162388, 11.620618365053586 ], [ 76.061945331067605, 11.620616967127591 ], [ 76.062007730052841, 11.62014207098969 ], [ 76.06223125558067, 11.619829313101944 ], [ 76.062515057179752, 11.619697106274362 ], [ 76.062877024751202, 11.619637019948073 ], [ 76.06320679436962, 11.619531866579825 ], [ 76.063476735809289, 11.61936586825588 ], [ 76.063461715607971, 11.619024581931649 ], [ 76.062900903792695, 11.618655955636315 ], [ 76.06151985882606, 11.618153574504657 ], [ 76.061320247667183, 11.61780280633227 ], [ 76.060792150186046, 11.617596830540142 ], [ 76.060250133824297, 11.617359180305769 ], [ 76.060157199406163, 11.617034008379539 ], [ 76.060338005558535, 11.616350765452047 ], [ 76.060395763501333, 11.615862222802535 ], [ 76.060045896800844, 11.615492823170829 ], [ 76.059188225470592, 11.615437253787546 ], [ 76.057987006847014, 11.615477833392001 ], [ 76.058081297686272, 11.614946256933202 ], [ 76.057979274436178, 11.614636974701424 ], [ 76.057680392231703, 11.614421081931301 ], [ 76.05749628097962, 11.614240903697118 ], [ 76.057385132846051, 11.613951925390351 ], [ 76.05734642282458, 11.6134050961969 ], [ 76.057052280746007, 11.613225310595816 ], [ 76.0567737946633, 11.612936991076918 ], [ 76.056404019551877, 11.612773373178996 ], [ 76.056237793007, 11.612464303428089 ], [ 76.056199769829945, 11.612102783420513 ], [ 76.056216574473211, 11.611702607159756 ], [ 76.056491001041508, 11.611518536938268 ], [ 76.057045664087298, 11.611480376845289 ], [ 76.057412253271224, 11.611406639340217 ], [ 76.057594488694846, 11.611098575538831 ], [ 76.057666576058153, 11.61075474286358 ], [ 76.057701731484187, 11.610352236517201 ], [ 76.057333566063036, 11.609991976639767 ], [ 76.05630201640173, 11.61003185458077 ], [ 76.055971828718995, 11.610033111620067 ], [ 76.055563483729173, 11.609962243604665 ], [ 76.055233231204056, 11.609927250229703 ], [ 76.054608394912719, 11.60959957074401 ], [ 76.054455683496045, 11.609238401268136 ], [ 76.054380433196343, 11.60873240420694 ], [ 76.05423194015701, 11.608258199430791 ], [ 76.053864134438669, 11.608006409645636 ], [ 76.053497210037918, 11.607971570695595 ], [ 76.053238859502883, 11.608772739286236 ], [ 76.052873658634553, 11.609208054784842 ], [ 76.052508296330643, 11.609607208899906 ], [ 76.052137344231298, 11.609717058741637 ], [ 76.05184405210278, 11.609758815730961 ], [ 76.051477066129436, 11.6097194625925 ], [ 76.051146492067275, 11.609612140094219 ], [ 76.050884697405237, 11.609504645129315 ], [ 76.05062669863311, 11.609180052073263 ], [ 76.050221478399465, 11.608706860775138 ], [ 76.049851393920733, 11.608455040372837 ], [ 76.049335313731262, 11.608384558952912 ], [ 76.048858585178579, 11.608422496771432 ], [ 76.048487312437032, 11.608460019984259 ], [ 76.048193808696055, 11.608461054526476 ], [ 76.047862463545741, 11.608136727859987 ], [ 76.047525612633564, 11.607559301608275 ], [ 76.047304015273241, 11.607157810392536 ], [ 76.047543343753944, 11.606777140529525 ], [ 76.048040337272994, 11.606648746821699 ], [ 76.048315260305301, 11.606593506104131 ], [ 76.048552992571729, 11.606411823296055 ], [ 76.048703406338234, 11.60617164442364 ], [ 76.048812493871125, 11.605918151934643 ], [ 76.048884523747162, 11.605556159651462 ], [ 76.048882720472577, 11.60506338037024 ], [ 76.048734404772361, 11.604648055087345 ], [ 76.048618706645883, 11.604359134525104 ], [ 76.048617488749073, 11.604029112586181 ], [ 76.048730924529124, 11.603703161726434 ], [ 76.048740562654473, 11.603464121005542 ], [ 76.048203071309416, 11.603564955776926 ], [ 76.047643681160551, 11.603707123458358 ], [ 76.046990682952583, 11.603664227670548 ], [ 76.046435710961561, 11.603621012125567 ], [ 76.045714899131184, 11.603370440020431 ], [ 76.045414143780263, 11.603349129041613 ], [ 76.045112113131268, 11.603440581347284 ], [ 76.04483375703559, 11.603785135001523 ], [ 76.044509397206411, 11.604107316544125 ], [ 76.044280859045287, 11.604316115312272 ], [ 76.043955180380976, 11.604384925214564 ], [ 76.043556088780747, 11.604223741789431 ], [ 76.043160857048775, 11.604157409170792 ], [ 76.042767251240392, 11.604181431385735 ], [ 76.04226485420341, 11.604402477766826 ], [ 76.042237719401271, 11.604813965965455 ], [ 76.042667389752154, 11.605065581260071 ], [ 76.042982322806139, 11.605304033336768 ], [ 76.043226192688152, 11.605531455713535 ], [ 76.043378310805863, 11.605750162757579 ], [ 76.043136247249151, 11.606621318559904 ], [ 76.043336961011221, 11.606952857526824 ], [ 76.04364952530301, 11.607157479491699 ], [ 76.044068449742127, 11.60722369545516 ], [ 76.044487070129492, 11.607351070818634 ], [ 76.044614027141876, 11.60758792319294 ], [ 76.044665846933242, 11.607958482384818 ], [ 76.044409854390608, 11.608162872806691 ], [ 76.044107336177177, 11.608209089009101 ], [ 76.043793498552475, 11.608269014890084 ], [ 76.043319754114862, 11.608487796456554 ], [ 76.042924910666784, 11.608970637866619 ], [ 76.042625010026129, 11.609086983028579 ], [ 76.042298597033508, 11.609088108298305 ], [ 76.041948202631332, 11.608949224149267 ], [ 76.041667894863693, 11.608792058545836 ], [ 76.041506540789328, 11.608562003339987 ], [ 76.04130625081811, 11.608334429804287 ], [ 76.040689627620978, 11.60813124524978 ], [ 76.039971468149901, 11.608224097277091 ], [ 76.039375136508625, 11.608501847450849 ], [ 76.038979534060232, 11.608412905836804 ], [ 76.038328148227691, 11.608347423154886 ], [ 76.037956492619188, 11.60827644025826 ], [ 76.037515362316569, 11.608221644905221 ], [ 76.037005521747446, 11.608420117267469 ], [ 76.036703698257753, 11.608651757746401 ], [ 76.0363103081649, 11.608901777846754 ], [ 76.035893264608703, 11.608971084584015 ], [ 76.035370550975841, 11.608972947921462 ], [ 76.034962752085718, 11.609046789402433 ], [ 76.035084703315675, 11.609801320971775 ], [ 76.035038107501521, 11.610224156991128 ], [ 76.034830650083364, 11.610534602155212 ], [ 76.034574562961097, 11.610720894442149 ], [ 76.034226683587704, 11.610880389347438 ], [ 76.03387726025268, 11.610949338060637 ], [ 76.033224659479359, 11.610838691489525 ], [ 76.032294589859987, 11.610795769608014 ], [ 76.032370496230271, 11.61111756471149 ], [ 76.032460215602384, 11.611421652532385 ], [ 76.032269126228826, 11.611631026571406 ], [ 76.031908486481996, 11.611654914088342 ], [ 76.031546190212865, 11.611830274466479 ], [ 76.031574235340045, 11.612185080459879 ], [ 76.031752314151959, 11.612607124973097 ], [ 76.032157274347753, 11.613001251067885 ], [ 76.032726627669817, 11.613204915054181 ], [ 76.033051236301105, 11.613226240804863 ], [ 76.033518908733484, 11.613227445880767 ], [ 76.033914660961258, 11.61331363097864 ], [ 76.034158167369696, 11.613441659117814 ], [ 76.034310339363941, 11.613680716416496 ], [ 76.03431148161755, 11.613999433143492 ], [ 76.034312571360545, 11.614275185753064 ], [ 76.034033171272426, 11.614371119730752 ], [ 76.033848310761371, 11.614597804864202 ], [ 76.034081513089077, 11.615035531225489 ], [ 76.034293780424363, 11.615400910662387 ], [ 76.034410161585484, 11.615879758669106 ], [ 76.034434150430044, 11.616173462939079 ], [ 76.034623697601333, 11.61658198394113 ], [ 76.0346716088157, 11.617144637598741 ], [ 76.034685018303207, 11.617671260725777 ], [ 76.034606250693855, 11.618002436754466 ], [ 76.034195069514837, 11.617779302909897 ], [ 76.033853204066546, 11.617794019260838 ], [ 76.033417931606124, 11.617890588331576 ], [ 76.032991831564757, 11.617973434327368 ], [ 76.032432489760609, 11.617998028512044 ], [ 76.032070489179731, 11.618071652525465 ], [ 76.031568702558431, 11.618159378437541 ], [ 76.030979573779788, 11.618202121202508 ], [ 76.030264551988509, 11.618281532381364 ], [ 76.029815385440656, 11.618332891760632 ], [ 76.029389272400934, 11.618438449403461 ], [ 76.02894952647793, 11.618566526194122 ], [ 76.028298915661239, 11.618709031155307 ], [ 76.027873297063678, 11.618941101085799 ], [ 76.027415949289718, 11.61925920728874 ], [ 76.027049966613717, 11.619491038108098 ], [ 76.026743210190531, 11.619618750049945 ], [ 76.026463694606392, 11.619683021960475 ], [ 76.026060586855507, 11.619792997109663 ], [ 76.025795016880735, 11.619906886105598 ], [ 76.025569996883235, 11.620088159124029 ], [ 76.025375356605949, 11.619869923026704 ], [ 76.025071858412801, 11.619620059705788 ], [ 76.024844788750528, 11.619489135404651 ], [ 76.024751785272329, 11.619894819723163 ], [ 76.023997177699812, 11.620035249356539 ], [ 76.023783395489374, 11.619647240118393 ], [ 76.023502869225993, 11.619417715836535 ], [ 76.023017906126569, 11.619284246431631 ], [ 76.02276235387987, 11.619443004368124 ], [ 76.022757007714006, 11.619826049705935 ], [ 76.022345042348988, 11.619765603569329 ], [ 76.021883259821905, 11.619812289989747 ], [ 76.021370210247241, 11.619954266394803 ], [ 76.020605805149231, 11.62034576359529 ], [ 76.019909853435962, 11.620624020374002 ], [ 76.01927755725066, 11.620761856541881 ], [ 76.01862687255678, 11.620899810587801 ], [ 76.018513916758764, 11.622622640442851 ], [ 76.018515635090608, 11.623101839993961 ], [ 76.018562773162841, 11.623445246767226 ], [ 76.018520365498745, 11.623766369771905 ], [ 76.018147191095196, 11.623925895036997 ], [ 76.017570407426348, 11.62420376867655 ], [ 76.017314435893226, 11.624435219299698 ], [ 76.016989936109582, 11.624712098183011 ], [ 76.016573759309821, 11.625034572063326 ], [ 76.016271904401876, 11.625261675809188 ], [ 76.016016898272269, 11.62574634474282 ], [ 76.015949987292657, 11.626270972662068 ], [ 76.015997369534915, 11.626682201086821 ], [ 76.016187450194792, 11.627255654896759 ], [ 76.016492149867702, 11.627828785839784 ], [ 76.016699743130829, 11.628148992440133 ], [ 76.017189850333978, 11.628626482735994 ], [ 76.017578142300607, 11.62885569590429 ], [ 76.018481073162548, 11.629361096237739 ], [ 76.018773088120724, 11.629594385611904 ], [ 76.018751098684632, 11.629855175490379 ], [ 76.018577781732972, 11.630106698675052 ], [ 76.018531174600312, 11.630529559384177 ], [ 76.018663347584322, 11.630942749781697 ], [ 76.018768319689798, 11.631429246185357 ], [ 76.019129432448224, 11.631743504338234 ], [ 76.019359347856053, 11.631923575506736 ], [ 76.019509183280604, 11.632135503353989 ], [ 76.019462453594883, 11.63252446007666 ], [ 76.019133451990271, 11.632839819545563 ], [ 76.018707500565256, 11.63299048505486 ], [ 76.018194172176962, 11.633066940041058 ], [ 76.017882621582316, 11.633140403643596 ], [ 76.017654102754989, 11.633358203239148 ], [ 76.017517763647987, 11.633693218840563 ], [ 76.017793858963486, 11.633956729624302 ], [ 76.018130069541201, 11.634161873561739 ], [ 76.017512208345806, 11.63469229489751 ], [ 76.016959389308056, 11.63526841299001 ], [ 76.016448411673693, 11.635980052444578 ], [ 76.016079005972372, 11.636555421199551 ], [ 76.015686511718584, 11.637058638743358 ], [ 76.014487890298582, 11.639128940637557 ], [ 76.014255900338782, 11.639636094892174 ], [ 76.014083122111472, 11.640059372027636 ], [ 76.013757321460986, 11.640004026880838 ], [ 76.013399370844098, 11.639937457488829 ], [ 76.012560514575355, 11.640030828995535 ], [ 76.012233471894902, 11.639620613977874 ], [ 76.011634311137456, 11.640079286419443 ], [ 76.012631260173549, 11.640577629833047 ], [ 76.012169990243905, 11.641108143266752 ], [ 76.011640590781539, 11.641797176008756 ], [ 76.01127147589628, 11.642463088135971 ], [ 76.011244984573992, 11.642738910897846 ], [ 76.011411399834685, 11.643104521900094 ], [ 76.011993155793789, 11.643561346071287 ], [ 76.012457871829369, 11.643663700554002 ], [ 76.012809593823533, 11.644220759262147 ], [ 76.012948499285216, 11.644600076426917 ], [ 76.012927267968394, 11.645070329919827 ], [ 76.01290551752983, 11.645391376607495 ], [ 76.012964104537033, 11.64573247467351 ], [ 76.013398504375516, 11.646031570653212 ], [ 76.013628529868683, 11.646211577150339 ], [ 76.013954843915542, 11.646418432521708 ], [ 76.014235364811015, 11.646620853861423 ], [ 76.014538966970321, 11.646895608205098 ], [ 76.014819700811302, 11.647170353786624 ], [ 76.015095941454902, 11.647467791567482 ], [ 76.015330673674683, 11.647697519906091 ], [ 76.015447111209369, 11.648176262519224 ], [ 76.015568034751027, 11.64865503983915 ], [ 76.01582082628407, 11.648794285079489 ], [ 76.016220691054826, 11.649046110122391 ], [ 76.016542648831987, 11.649293600062729 ], [ 76.016755886107362, 11.649934836233236 ], [ 76.016734477824855, 11.65034625433778 ], [ 76.016710977876571, 11.650732554894935 ], [ 76.01694269562492, 11.650856412852828 ], [ 76.017628313775035, 11.650856265783435 ], [ 76.017968910755698, 11.650554422138912 ], [ 76.018269472203187, 11.649988192316076 ], [ 76.018843286814288, 11.65013989345217 ], [ 76.020097026977282, 11.650619202120012 ], [ 76.020900276881434, 11.650806227962454 ], [ 76.020709737926879, 11.651367503830768 ], [ 76.020295089057484, 11.652119393731601 ], [ 76.021210999463662, 11.653020332897905 ], [ 76.021592604705191, 11.653281197282206 ], [ 76.022204913425156, 11.653916405437473 ], [ 76.022545682061562, 11.654290476282368 ], [ 76.022927776758806, 11.654700507020133 ], [ 76.02330966099386, 11.655038206732355 ], [ 76.023956557478286, 11.655108237887418 ], [ 76.024489019722154, 11.655219359480773 ], [ 76.025099498451539, 11.65536637547841 ], [ 76.025366165665915, 11.655555318511992 ], [ 76.025671908702165, 11.655759913361868 ], [ 76.02589996994017, 11.656041613163797 ], [ 76.026321694470298, 11.656004011214952 ], [ 76.026773926845081, 11.655514114157874 ], [ 76.027612506812389, 11.65532126626211 ], [ 76.028103773385865, 11.655468653567775 ], [ 76.029248835409618, 11.656328033948119 ], [ 76.029859686534053, 11.6565518731904 ], [ 76.030923747989831, 11.65658422179135 ], [ 76.031989524925606, 11.657068672299495 ], [ 76.032412545062442, 11.657370070981571 ], [ 76.032565234083961, 11.65774476188921 ], [ 76.032756219288174, 11.658530648095397 ], [ 76.032911568040589, 11.658998072853667 ], [ 76.033786689424943, 11.659390424841728 ], [ 76.034131056309775, 11.659502244412739 ], [ 76.034244773152793, 11.65923964330805 ], [ 76.034471996801258, 11.658673670810597 ], [ 76.034694602769164, 11.65811235674261 ], [ 76.035305418247106, 11.658331661082574 ], [ 76.035691170281368, 11.658483942272179 ], [ 76.035957962267688, 11.658704523898463 ], [ 76.036304932094609, 11.659494374541318 ], [ 76.036270104928278, 11.660018972137181 ], [ 76.036727070778213, 11.660184587232546 ], [ 76.037296501216233, 11.659753087898604 ], [ 76.03767495291423, 11.659787884114312 ], [ 76.037679887896573, 11.660499848607396 ], [ 76.037754340644341, 11.660800225440655 ], [ 76.038041222526289, 11.660855702743344 ], [ 76.038437008358102, 11.660610114603458 ], [ 76.038435497293463, 11.66019651157691 ], [ 76.038475667523684, 11.659897960725932 ] ] ] ] } },
{ "type": "Feature", "properties": { "village_code": "627320", "village": "Cheeral", "village_name": "Cheeral", "district": "Wayanad", "subdistrict_code": 5636, "households_2011": 3823.0, "population_2011": 15725, "male_population_2011": 7667.0, "female_population_2011": 8058.0 }, "geometry": { "type": "MultiPolygon", "coordinates": [ [ [ [ 76.326470835592161, 11.590004880635444 ], [ 76.32461898038791, 11.588815764367821 ], [ 76.322216990269823, 11.587188131227478 ], [ 76.32111233176937, 11.586229699861995 ], [ 76.320319401030787, 11.585370706224595 ], [ 76.318687761070862, 11.583128482475047 ], [ 76.317697836277702, 11.581614069923747 ], [ 76.316822764655939, 11.579733868878504 ], [ 76.315936690361937, 11.576982700839944 ], [ 76.315823950872314, 11.576632798778437 ], [ 76.315280113717918, 11.576697355045937 ], [ 76.313513302571906, 11.576907802496763 ], [ 76.310437188585013, 11.577431493887236 ], [ 76.308736618875429, 11.576409561335243 ], [ 76.306747437092611, 11.574827098252987 ], [ 76.306081912735706, 11.574278001112983 ], [ 76.303947067901305, 11.572516616311292 ], [ 76.302283274427268, 11.57126416893114 ], [ 76.301191591702334, 11.572466752117533 ], [ 76.300384513579914, 11.573143501646967 ], [ 76.300302353611173, 11.573817271277145 ], [ 76.300026973303233, 11.574495383909158 ], [ 76.299595710174088, 11.576050254355017 ], [ 76.299439404281785, 11.577627668189594 ], [ 76.299291989990735, 11.580127268128088 ], [ 76.299190777750141, 11.58160976312559 ], [ 76.299025416818822, 11.582843774314766 ], [ 76.298777640259516, 11.583598490829427 ], [ 76.29819043317201, 11.584927237949232 ], [ 76.29766294697616, 11.586052622126955 ], [ 76.296548235154191, 11.588574562965109 ], [ 76.295891755909253, 11.590188652816563 ], [ 76.29493472046903, 11.590517625847788 ], [ 76.294407021495147, 11.590433937358828 ], [ 76.293758069775734, 11.590311704439785 ], [ 76.292980965013768, 11.590372547055738 ], [ 76.291995294553217, 11.590426485990458 ], [ 76.290950070528666, 11.590385476861899 ], [ 76.289427991023814, 11.590416730310695 ], [ 76.288006787399027, 11.590402715296074 ], [ 76.285994254986448, 11.590234846083149 ], [ 76.285342881317121, 11.59125619874426 ], [ 76.284352149659085, 11.592855987874625 ], [ 76.283283404862004, 11.594496392816566 ], [ 76.282384375808434, 11.595978756818232 ], [ 76.281264686068639, 11.597636354617551 ], [ 76.280650498925056, 11.598545597426513 ], [ 76.27974233972995, 11.599738600770845 ], [ 76.278866408154286, 11.600901908537139 ], [ 76.279388892956305, 11.601247908725778 ], [ 76.279292226268751, 11.602490897264502 ], [ 76.279002541296265, 11.605026588460648 ], [ 76.279116100380207, 11.607874199351613 ], [ 76.27928525392791, 11.609356838001053 ], [ 76.279408420353008, 11.61136833535272 ], [ 76.279064309174458, 11.611964885047456 ], [ 76.279018313177843, 11.612466594782973 ], [ 76.2794306956486, 11.613257754447309 ], [ 76.279040835650065, 11.613592104019867 ], [ 76.278458435902962, 11.614071018897688 ], [ 76.277802297216041, 11.615458445091871 ], [ 76.277659956924083, 11.616104797536707 ], [ 76.278553355413337, 11.617849780078059 ], [ 76.279236114571034, 11.619070400832241 ], [ 76.279698933264442, 11.61998361890506 ], [ 76.280308535817326, 11.620535318786569 ], [ 76.281032911286815, 11.620725388280066 ], [ 76.282151337705159, 11.621467041852535 ], [ 76.283265346730275, 11.622018870960554 ], [ 76.284672973683286, 11.622019225735093 ], [ 76.2854247371734, 11.622471548261334 ], [ 76.286368877281447, 11.623692184558747 ], [ 76.286927978778209, 11.624745574280313 ], [ 76.287459602486351, 11.62536952047264 ], [ 76.288115075288687, 11.626133552670909 ], [ 76.289086666720721, 11.627571203797695 ], [ 76.289544764786115, 11.628719440046046 ], [ 76.289933951188956, 11.63060893946348 ], [ 76.290199726269435, 11.631232842688739 ], [ 76.290639681894618, 11.631951610996092 ], [ 76.291199027120058, 11.632001470214931 ], [ 76.291877521020027, 11.63248081597515 ], [ 76.292120430250193, 11.63283795377361 ], [ 76.291973438180975, 11.633674126946582 ], [ 76.292408899423791, 11.634298013053957 ], [ 76.293646486061633, 11.635636355372856 ], [ 76.294036088704885, 11.635998018920887 ], [ 76.295031135438663, 11.636070612885757 ], [ 76.296777969221594, 11.636238327321353 ], [ 76.297649111596087, 11.636405793673116 ], [ 76.298254385043421, 11.636356277451956 ], [ 76.298813837643849, 11.636306659267067 ], [ 76.299226417167276, 11.636523732933862 ], [ 76.299859176584661, 11.636523974888394 ], [ 76.300464496823139, 11.636239297978314 ], [ 76.301092867585837, 11.635710593339414 ], [ 76.301844756807299, 11.635832839233801 ], [ 76.30191807031791, 11.636239674199436 ], [ 76.302284679258406, 11.636981043623093 ], [ 76.303036544077742, 11.637193718964591 ], [ 76.304127756377554, 11.637578188854661 ], [ 76.304755966995899, 11.637460803513198 ], [ 76.305489564010117, 11.637641798832426 ], [ 76.306833499446299, 11.63561261412724 ], [ 76.308434379890073, 11.632882808810242 ], [ 76.309970987158451, 11.630455928235314 ], [ 76.3103379232995, 11.629909086855911 ], [ 76.310769342460432, 11.62833621581016 ], [ 76.311384013405473, 11.626998361211584 ], [ 76.312122562186275, 11.625723934712214 ], [ 76.312860946351222, 11.624878774069543 ], [ 76.313846838083464, 11.624390816480815 ], [ 76.31612101229905, 11.62408843847256 ], [ 76.316859355089562, 11.623360921130766 ], [ 76.31680012350165, 11.621480508314354 ], [ 76.317167138889687, 11.620752896669748 ], [ 76.318029158734305, 11.620206096587106 ], [ 76.319565010359668, 11.620694568257882 ], [ 76.320367370384631, 11.620997610560494 ], [ 76.321536635988508, 11.620572934712296 ], [ 76.322765493147202, 11.619904184542625 ], [ 76.324242088858895, 11.6187517719321 ], [ 76.325594772857443, 11.617902260904851 ], [ 76.326333097881403, 11.617237913312021 ], [ 76.3269474165715, 11.617174724031136 ], [ 76.327992656198433, 11.618024655741433 ], [ 76.328790353647634, 11.618268924026429 ], [ 76.331128938165122, 11.61699460440517 ], [ 76.333160196676189, 11.615661517144703 ], [ 76.332912786345588, 11.614689650256203 ], [ 76.332913022005144, 11.613170929184424 ], [ 76.332913124646595, 11.612384389171567 ], [ 76.332661063642192, 11.611855542405895 ], [ 76.331615796122946, 11.61130841420189 ], [ 76.331184844490394, 11.611064294526424 ], [ 76.33087317204874, 11.610874444454558 ], [ 76.330529384248749, 11.610481093372632 ], [ 76.330378133977391, 11.609830237598421 ], [ 76.330419553339638, 11.609093449761888 ], [ 76.330529776695187, 11.60765610844893 ], [ 76.330488748600985, 11.606544140849278 ], [ 76.330543938788466, 11.605635609622286 ], [ 76.330888020018691, 11.604207353391169 ], [ 76.33113574210789, 11.603217493531682 ], [ 76.331053304711844, 11.602471684291325 ], [ 76.330613298635114, 11.60167152955251 ], [ 76.330342951214561, 11.600984457541033 ], [ 76.330260659037492, 11.599492810019111 ], [ 76.330384597655282, 11.598335708533172 ], [ 76.330425991404979, 11.597779710345989 ], [ 76.330467400433747, 11.597088119799729 ], [ 76.330398687543862, 11.596681386798984 ], [ 76.330220024467835, 11.595528697149522 ], [ 76.330192652596907, 11.595135467370399 ], [ 76.330165241089944, 11.594556882211302 ], [ 76.329491374684508, 11.594109278895417 ], [ 76.328652489966629, 11.593702329281706 ], [ 76.328006145205634, 11.593064931956638 ], [ 76.327786172372356, 11.592766555426698 ], [ 76.325915904300999, 11.591504399459206 ], [ 76.326470835592161, 11.590004880635444 ] ] ] ] } },
{ "type": "Feature", "properties": { "village_code": "627339", "village": "Muppainad", "village_name": "Muppainad", "district": "Wayanad", "subdistrict_code": 5637, "households_2011": 5187.0, "population_2011": 22892, "male_population_2011": 11140.0, "female_population_2011": 11752.0 }, "geometry": { "type": "MultiPolygon", "coordinates": [ [ [ [ 76.164499967999774, 11.593354849605131 ], [ 76.165140329660929, 11.592990679046604 ], [ 76.165732621339814, 11.592088703956929 ], [ 76.167282046766886, 11.590907050271237 ], [ 76.167962707445355, 11.590321091915399 ], [ 76.16869387243041, 11.589730444906262 ], [ 76.170269820857357, 11.587658190177988 ], [ 76.172539381420648, 11.584502903264136 ], [ 76.173343418404144, 11.583176524788188 ], [ 76.174961856113924, 11.580145699082923 ], [ 76.175285231484921, 11.578853755846231 ], [ 76.175498637454169, 11.57632923430601 ], [ 76.175867534283654, 11.573383257092612 ], [ 76.176391156707894, 11.570914379150777 ], [ 76.17715560398473, 11.569279585790236 ], [ 76.177526210538261, 11.568640526469103 ], [ 76.178640979146294, 11.566718234933189 ], [ 76.179421453892104, 11.56433514074706 ], [ 76.179703557394035, 11.563686257627461 ], [ 76.180147952953519, 11.562664068009262 ], [ 76.181822034979902, 11.561790347812856 ], [ 76.183645381701609, 11.561591164089899 ], [ 76.185027922632131, 11.562541066914962 ], [ 76.18528729370243, 11.562733498804553 ], [ 76.185931784621204, 11.563363779756271 ], [ 76.186663138712916, 11.56394391621339 ], [ 76.187626048763462, 11.563985205450006 ], [ 76.189271218038598, 11.563847360720649 ], [ 76.190366140305727, 11.563662012570639 ], [ 76.192839067911379, 11.56317203637899 ], [ 76.194392116498221, 11.562504040280407 ], [ 76.196602496575892, 11.561475196042137 ], [ 76.198413926167859, 11.56100320403854 ], [ 76.199744962143228, 11.560237389120829 ], [ 76.202088426820907, 11.558168893736626 ], [ 76.203876404094686, 11.556797696925308 ], [ 76.206498957493906, 11.553840788911502 ], [ 76.208733511157035, 11.551039083608657 ], [ 76.210336091183677, 11.549426481587266 ], [ 76.211744339691535, 11.54858256076079 ], [ 76.21396368178894, 11.548293146232732 ], [ 76.217119546831668, 11.549511672694619 ], [ 76.219723896218227, 11.551614036294081 ], [ 76.223198392929135, 11.555228997514561 ], [ 76.227311273744675, 11.557418420946576 ], [ 76.231143387870972, 11.560238755215732 ], [ 76.232108799459056, 11.561777522797239 ], [ 76.233420749109143, 11.565571765436125 ], [ 76.233744179601004, 11.566509012014192 ], [ 76.233847802753232, 11.566829011539312 ], [ 76.233933682198511, 11.567381252210733 ], [ 76.234317119157438, 11.566999857344333 ], [ 76.234512685140814, 11.566641903992807 ], [ 76.234636118911311, 11.566053734707372 ], [ 76.235192217014799, 11.565847962166394 ], [ 76.23533768048928, 11.565562517208974 ], [ 76.235449673988811, 11.564972088389693 ], [ 76.235896811460464, 11.564479733640509 ], [ 76.236003230715724, 11.56418771954387 ], [ 76.236031242922849, 11.562892763317281 ], [ 76.237625604674307, 11.56012066534416 ], [ 76.238072952560671, 11.559995048371109 ], [ 76.238190838524886, 11.559696219150599 ], [ 76.238312583345859, 11.559234599876898 ], [ 76.23833155310551, 11.558893208348756 ], [ 76.2392443934461, 11.557305989854678 ], [ 76.239623569646682, 11.557120153101755 ], [ 76.239814818483552, 11.556827762203939 ], [ 76.239813450292985, 11.556506818621905 ], [ 76.240053446331729, 11.555923212395685 ], [ 76.240579869781527, 11.554983849713615 ], [ 76.240941084001619, 11.555448749872822 ], [ 76.241286519610441, 11.555567022901203 ], [ 76.241632701145917, 11.555328216956557 ], [ 76.242001383340323, 11.554716387908716 ], [ 76.242224759319015, 11.55444417599289 ], [ 76.242617760921078, 11.554166690560645 ], [ 76.2438619478053, 11.553546647815731 ], [ 76.244126612433107, 11.553265200588635 ], [ 76.244102365716742, 11.552972956368579 ], [ 76.243831463716532, 11.552868662173756 ], [ 76.243201394501838, 11.552921099427204 ], [ 76.242711633705596, 11.552575104241347 ], [ 76.2423955467588, 11.552099501882251 ], [ 76.242364591052848, 11.551839713574321 ], [ 76.242536001950057, 11.551210669027476 ], [ 76.242184174506505, 11.550213523905008 ], [ 76.242797742656407, 11.548017754055042 ], [ 76.243235402153559, 11.547640911425759 ], [ 76.245004045054898, 11.546421854478087 ], [ 76.245602599840893, 11.545971749246112 ], [ 76.245830797665079, 11.545753749366238 ], [ 76.24601289103984, 11.545459185161718 ], [ 76.246055130114485, 11.54516288286343 ], [ 76.24590883995063, 11.544736335019611 ], [ 76.24568284278007, 11.5444298768604 ], [ 76.244369478422612, 11.542888168966895 ], [ 76.244711428153408, 11.541602031698881 ], [ 76.244935710607024, 11.54132744171763 ], [ 76.24513163045539, 11.540986292122671 ], [ 76.245986250229265, 11.540111455363165 ], [ 76.246649799826713, 11.540212600816297 ], [ 76.247008989367956, 11.540067499166909 ], [ 76.247233736598915, 11.539581750789427 ], [ 76.247370109695325, 11.539327993792803 ], [ 76.24781237166529, 11.538788156824628 ], [ 76.248985640025822, 11.537000561105078 ], [ 76.25002609671202, 11.535743626785033 ], [ 76.250600664690481, 11.536999602892111 ], [ 76.25122952516702, 11.537195744644844 ], [ 76.251397733234, 11.536883151451061 ], [ 76.251049897137918, 11.535980509894902 ], [ 76.250441960181831, 11.53428795364634 ], [ 76.250036173836023, 11.53271202602612 ], [ 76.249986087270969, 11.532077604086547 ], [ 76.249860524184598, 11.530487137026068 ], [ 76.249846587499604, 11.529218424368535 ], [ 76.250016790997734, 11.528313540223342 ], [ 76.250049352517365, 11.52691973765519 ], [ 76.249321608304868, 11.52659421732441 ], [ 76.248896223767716, 11.526794949081467 ], [ 76.248351551001946, 11.526969113288178 ], [ 76.247352137197083, 11.526941782822487 ], [ 76.246947045514432, 11.526550150793396 ], [ 76.246518440181333, 11.526014050243756 ], [ 76.245830520162741, 11.525935675982787 ], [ 76.245303705374837, 11.525730477746485 ], [ 76.244768700181524, 11.525262151861133 ], [ 76.244364997503027, 11.525177991476099 ], [ 76.244054322581434, 11.525405340148756 ], [ 76.243886798590154, 11.525885214860248 ], [ 76.243483603145705, 11.525914091016967 ], [ 76.242913204441336, 11.525464474642027 ], [ 76.242429142151167, 11.52586436684558 ], [ 76.242128708555995, 11.526358322345967 ], [ 76.241615098283916, 11.526306323540574 ], [ 76.240582090822329, 11.525912933808062 ], [ 76.24042950612305, 11.527017363827033 ], [ 76.239959334743673, 11.527104499799288 ], [ 76.239574544565741, 11.526620625816257 ], [ 76.239208334518992, 11.525186454805707 ], [ 76.238231314690225, 11.525764590033765 ], [ 76.237338488214789, 11.52629289398334 ], [ 76.236977667471606, 11.526592815709343 ], [ 76.236094452867277, 11.526908446230617 ], [ 76.23414045590593, 11.527658139190486 ], [ 76.2338241850522, 11.527659446391448 ], [ 76.232530899539228, 11.526453441050151 ], [ 76.231296353280641, 11.525043746312809 ], [ 76.230232763349974, 11.523949781225848 ], [ 76.228652767146798, 11.522157184655232 ], [ 76.228135121313542, 11.521173888163917 ], [ 76.227754573590985, 11.520099668509491 ], [ 76.22726354792627, 11.518917347107047 ], [ 76.226857426970724, 11.517223805319647 ], [ 76.226509043280203, 11.516153870710268 ], [ 76.22622075086484, 11.515196742628683 ], [ 76.226103345784622, 11.514546245566084 ], [ 76.226183227494573, 11.513953777698489 ], [ 76.226095203709647, 11.512665768480151 ], [ 76.225889711864767, 11.511789613189093 ], [ 76.225314944258358, 11.511367140332792 ], [ 76.22448171212929, 11.510525228859095 ], [ 76.224392466598076, 11.510019327596025 ], [ 76.224361913684774, 11.509314265130877 ], [ 76.224086520501842, 11.508765938829184 ], [ 76.223908762890673, 11.508412011739988 ], [ 76.222713246476118, 11.509633081068545 ], [ 76.222028389360261, 11.510255325076248 ], [ 76.221117153157792, 11.510457982595714 ], [ 76.219543084481188, 11.510012563892277 ], [ 76.217733607450185, 11.509174787529307 ], [ 76.216759141479002, 11.508527917358926 ], [ 76.215618948071793, 11.508785763184854 ], [ 76.214872851701287, 11.509014927328675 ], [ 76.213845461887928, 11.508851968369946 ], [ 76.212752888218262, 11.5084587111158 ], [ 76.210035778085654, 11.507592990290696 ], [ 76.207746879945532, 11.507177596531736 ], [ 76.207319833817934, 11.50698041808257 ], [ 76.206372908571169, 11.506337905168994 ], [ 76.205426806859336, 11.505889813825142 ], [ 76.204165353947957, 11.505668923583464 ], [ 76.203281008878619, 11.50572689679263 ], [ 76.201879526168838, 11.505958668682815 ], [ 76.201192364044275, 11.506047375517827 ], [ 76.200665809328015, 11.505938596727411 ], [ 76.200404428137105, 11.506140839030566 ], [ 76.200038813387351, 11.506391037060633 ], [ 76.199279248529649, 11.506674377094884 ], [ 76.198243385948189, 11.50667862796282 ], [ 76.197427036029481, 11.506569026520044 ], [ 76.19655590168351, 11.506491218036668 ], [ 76.19464402853167, 11.506358916224702 ], [ 76.192787972804695, 11.506420767155886 ], [ 76.191048748437126, 11.507011059303951 ], [ 76.189950691722643, 11.507490274664308 ], [ 76.189365316945896, 11.507795514748585 ], [ 76.188606371600329, 11.508241674910536 ], [ 76.188071241331457, 11.508524096569262 ], [ 76.187064789896169, 11.508971216435185 ], [ 76.186420025560153, 11.509335515595037 ], [ 76.185802632892262, 11.50966800652491 ], [ 76.185268611966592, 11.510199114227902 ], [ 76.184990138840078, 11.510476030391931 ], [ 76.184707232454059, 11.510784554633243 ], [ 76.184515782196286, 11.51103396371324 ], [ 76.184260416311758, 11.511337907718753 ], [ 76.184036790875638, 11.511587449417908 ], [ 76.183692223714075, 11.511941460748508 ], [ 76.182472030715786, 11.512240263437842 ], [ 76.182133710694316, 11.512463122068764 ], [ 76.181487602261683, 11.51249289946302 ], [ 76.180869293459736, 11.512608410089907 ], [ 76.180086407132848, 11.512833171219128 ], [ 76.179440297216132, 11.512862848382253 ], [ 76.178285899081843, 11.513034849837307 ], [ 76.176376774184234, 11.51356689861518 ], [ 76.17539277736374, 11.513932530205013 ], [ 76.174495802080727, 11.514270743870812 ], [ 76.173375435679432, 11.514885523361423 ], [ 76.171748863419126, 11.516139818988036 ], [ 76.169457592291835, 11.517396735369564 ], [ 76.168928008890077, 11.517896103150205 ], [ 76.168507653828783, 11.518232374520293 ], [ 76.168027946715128, 11.518623023818581 ], [ 76.167443776638635, 11.519235657720369 ], [ 76.166964463994873, 11.519707795706045 ], [ 76.166374789880635, 11.520098916537982 ], [ 76.165648397082293, 11.520685016303807 ], [ 76.165145136478344, 11.520908554076099 ], [ 76.164033866360569, 11.520987576908411 ], [ 76.163486100850903, 11.520996502657553 ], [ 76.163004856677134, 11.520998449860038 ], [ 76.162418503646549, 11.521086713172 ], [ 76.161772422851797, 11.521143534713653 ], [ 76.16120863961639, 11.521145780622087 ], [ 76.160672610554201, 11.521202129961344 ], [ 76.160223963494062, 11.521344107944618 ], [ 76.159862421968043, 11.521485719879372 ], [ 76.159496861818354, 11.521762876460397 ], [ 76.159019710778765, 11.521656309931748 ], [ 76.158090965501259, 11.522075868358689 ], [ 76.157391672721147, 11.52257595259614 ], [ 76.156304226101355, 11.523439193864712 ], [ 76.154622318788796, 11.524639390867263 ], [ 76.153781157619704, 11.52519873807773 ], [ 76.153612501576376, 11.525420972634866 ], [ 76.152885825945702, 11.525948246489914 ], [ 76.151761959707699, 11.526870422913726 ], [ 76.151233541281968, 11.527677131080166 ], [ 76.150815545091277, 11.528592001015015 ], [ 76.150117152233136, 11.529318057319097 ], [ 76.15008634157752, 11.52964820281221 ], [ 76.150458012051757, 11.530867292408468 ], [ 76.150964995784463, 11.531534345374324 ], [ 76.151137661902013, 11.532279641745346 ], [ 76.15105661480851, 11.532641607046664 ], [ 76.150805706755705, 11.532945457731731 ], [ 76.150412040003687, 11.533087178500903 ], [ 76.149990123225038, 11.533034616810479 ], [ 76.149342940902059, 11.532815632151602 ], [ 76.148566066802317, 11.532289837951952 ], [ 76.148244478335556, 11.532096658650238 ], [ 76.147848770559349, 11.531743383747822 ], [ 76.14634261546523, 11.531654361282596 ], [ 76.145405033874638, 11.531624199172857 ], [ 76.144281332858398, 11.531456777883134 ], [ 76.144044129919578, 11.531747102175936 ], [ 76.143846774940755, 11.532814756229511 ], [ 76.143328996862195, 11.532880099852521 ], [ 76.142829049260698, 11.532787100682921 ], [ 76.142679457517715, 11.533217155863497 ], [ 76.142371126718515, 11.534041152986623 ], [ 76.141791887559393, 11.535901439137374 ], [ 76.141393957597458, 11.536133523550124 ], [ 76.14110601867587, 11.536338109686579 ], [ 76.140587283992971, 11.536141209321116 ], [ 76.140252403430139, 11.536086055823983 ], [ 76.139722130515153, 11.536447557301589 ], [ 76.139538860633522, 11.537605561093672 ], [ 76.139128159460654, 11.539221094720395 ], [ 76.139178110136442, 11.541377208490925 ], [ 76.13917973541858, 11.5417660221538 ], [ 76.139398465971652, 11.542578859358866 ], [ 76.139789307201269, 11.542875703758808 ], [ 76.140317599566714, 11.543153906061317 ], [ 76.140415483422345, 11.543555869281441 ], [ 76.140361561802777, 11.543831862249572 ], [ 76.140308810876775, 11.544388133708637 ], [ 76.140283226020827, 11.544858331483663 ], [ 76.140171523107369, 11.545582114974131 ], [ 76.140032106855102, 11.546247191440845 ], [ 76.140005700741497, 11.54652312105428 ], [ 76.139924708591565, 11.54688510103165 ], [ 76.139844331594361, 11.547425576719085 ], [ 76.139903078616214, 11.548354357989833 ], [ 76.139850027973992, 11.54882922777136 ], [ 76.139539618352742, 11.54916049609904 ], [ 76.139147098437661, 11.549577971449972 ], [ 76.13875388981846, 11.549832632914498 ], [ 76.138364542786078, 11.549915496054496 ], [ 76.138052786964707, 11.549916804925287 ], [ 76.137773123917896, 11.549917898235687 ], [ 76.137489048815482, 11.549946095229942 ], [ 76.137265234225453, 11.550141329396723 ], [ 76.137041550734409, 11.550390925724564 ], [ 76.136960250303673, 11.550671504174185 ], [ 76.137044406070359, 11.551087079542683 ], [ 76.137270567328613, 11.551474945918976 ], [ 76.137583891935137, 11.551857958813915 ], [ 76.138115972502561, 11.551941751974482 ], [ 76.139110007000994, 11.551748040852797 ], [ 76.13972967431522, 11.551940020742068 ], [ 76.139866245136488, 11.552848112341994 ], [ 76.139922590607895, 11.553182440512311 ], [ 76.140181220989149, 11.553642486628473 ], [ 76.140374890627371, 11.55394014312321 ], [ 76.140789681776837, 11.554471924392834 ], [ 76.140879525194208, 11.555140599682684 ], [ 76.14161449468159, 11.555526523277033 ], [ 76.142397211251222, 11.555598801378617 ], [ 76.142615128848789, 11.555830013596159 ], [ 76.142971083731638, 11.556551937501681 ], [ 76.143373102063833, 11.557336947002396 ], [ 76.14341663690854, 11.557892778216409 ], [ 76.143253122854716, 11.558286712265749 ], [ 76.143213042069917, 11.55855813845711 ], [ 76.143338707328141, 11.55903686188576 ], [ 76.14357138820202, 11.559885818093218 ], [ 76.143343526194172, 11.560216720678273 ], [ 76.143038899879528, 11.560269927781825 ], [ 76.142632124448838, 11.560011544083666 ], [ 76.142546189710671, 11.560301203021265 ], [ 76.142488687736645, 11.560821321925662 ], [ 76.142345837079262, 11.561771294024581 ], [ 76.142324537894666, 11.562182773282682 ], [ 76.142602874035703, 11.562990875693771 ], [ 76.142875776776719, 11.56358653593106 ], [ 76.142919518125623, 11.564187550093893 ], [ 76.143029142329837, 11.565217909177813 ], [ 76.143202922270135, 11.566252437073102 ], [ 76.143012867620513, 11.566854446557878 ], [ 76.142492281966639, 11.567371811707773 ], [ 76.141637235751773, 11.567913137708739 ], [ 76.141116741195262, 11.568453218674426 ], [ 76.140991864361965, 11.569321664545441 ], [ 76.141018060777142, 11.570126224544508 ], [ 76.141313484527842, 11.570622355145987 ], [ 76.141814387040924, 11.570909665637767 ], [ 76.142468026734349, 11.571567189115205 ], [ 76.142553054712678, 11.572186193101093 ], [ 76.14284808545213, 11.572578281162533 ], [ 76.1432076231998, 11.573049280476113 ], [ 76.143952270832315, 11.573523280126302 ], [ 76.144759823616681, 11.573682819785253 ], [ 76.1451035874111, 11.573663426308315 ], [ 76.146117403843618, 11.573813107635676 ], [ 76.147477861395544, 11.573536436227366 ], [ 76.148243501698261, 11.573542473758547 ], [ 76.148885289808121, 11.57353083487509 ], [ 76.149351655755623, 11.573208049155388 ], [ 76.149244337717533, 11.572765409865239 ], [ 76.149242233349611, 11.572241048276181 ], [ 76.149161363861666, 11.571527143316073 ], [ 76.149097298221108, 11.570437866683514 ], [ 76.149310573160534, 11.56989452368304 ], [ 76.149524183867868, 11.569428083398803 ], [ 76.149798349073052, 11.569214518411544 ], [ 76.150269493889823, 11.568959476031159 ], [ 76.151232512659803, 11.569014447265246 ], [ 76.152692588403909, 11.568992785575931 ], [ 76.152916908025702, 11.569477826041588 ], [ 76.152944852819132, 11.570693862826296 ], [ 76.153049305668517, 11.571570392849784 ], [ 76.153285006615505, 11.572044160427957 ], [ 76.153817892857433, 11.572295146090418 ], [ 76.15423547649651, 11.572393020424764 ], [ 76.155074247274285, 11.572339867041364 ], [ 76.155788992656397, 11.572242086286419 ], [ 76.156352890197184, 11.572239857948919 ], [ 76.156848971851758, 11.572454865512357 ], [ 76.156996939389629, 11.572770759493457 ], [ 76.15707327032996, 11.57349824076193 ], [ 76.157176271224984, 11.574008642198173 ], [ 76.157448963583008, 11.574545512271822 ], [ 76.15777123483349, 11.574883314351046 ], [ 76.158387388334617, 11.57531934835662 ], [ 76.158822185740718, 11.575692853801421 ], [ 76.159120382734258, 11.5762996891385 ], [ 76.159281999773199, 11.576577008189918 ], [ 76.159751293510993, 11.576991060427503 ], [ 76.160271387095122, 11.577472738823346 ], [ 76.160668214995781, 11.578103994800845 ], [ 76.160988267760871, 11.579002293130998 ], [ 76.161090999170369, 11.579440389924924 ], [ 76.161313669129484, 11.580067872547172 ], [ 76.161709298270353, 11.580405390948364 ], [ 76.162104918971622, 11.580720188611735 ], [ 76.162440106758226, 11.580854457134818 ], [ 76.162230874522379, 11.581257719948093 ], [ 76.161669495790008, 11.581865677856158 ], [ 76.16142391599432, 11.582354914410523 ], [ 76.161602166354655, 11.583326130732964 ], [ 76.162243836590775, 11.584385890521832 ], [ 76.162470136301849, 11.584796391753587 ], [ 76.162399823821957, 11.585524469041154 ], [ 76.162278166830106, 11.586035795774718 ], [ 76.162229454991831, 11.586451897564343 ], [ 76.162440595807354, 11.58707038608266 ], [ 76.162700475580337, 11.58727507147877 ], [ 76.162971492046935, 11.587396031408664 ], [ 76.163270299436618, 11.587582393921332 ], [ 76.163278168351184, 11.588098900307518 ], [ 76.16354540253927, 11.588706995902093 ], [ 76.163570415584744, 11.589195129136659 ], [ 76.164113052191979, 11.589604302936916 ], [ 76.164114659897749, 11.589993090036302 ], [ 76.163823078681318, 11.590432789355319 ], [ 76.164169386551379, 11.591014566491772 ], [ 76.164294548621797, 11.591353030193424 ], [ 76.164171934940839, 11.591647431584386 ], [ 76.163886402655379, 11.591886993183971 ], [ 76.163313091105678, 11.591840701508556 ], [ 76.162861950364075, 11.591955570544231 ], [ 76.162467467543877, 11.591902873923846 ], [ 76.162187957533462, 11.591958295344437 ], [ 76.161961586948948, 11.591543272035212 ], [ 76.161733781866445, 11.590766601043427 ], [ 76.161447108595013, 11.590184614716984 ], [ 76.161024569120826, 11.590019101228288 ], [ 76.160604770907568, 11.5899529184965 ], [ 76.16019638345908, 11.589870902815179 ], [ 76.159701232730427, 11.589305580996067 ], [ 76.15935040193142, 11.58928664258654 ], [ 76.158973280381673, 11.589557108708405 ], [ 76.158832229154598, 11.589833427324882 ], [ 76.159187165578615, 11.590290900377111 ], [ 76.158780894838699, 11.590724217276692 ], [ 76.158439106352617, 11.590115319440795 ], [ 76.158016427242657, 11.589895518910483 ], [ 76.157653518843233, 11.589729702241351 ], [ 76.157485233386041, 11.590064880751788 ], [ 76.157289381686198, 11.590368572870037 ], [ 76.157487532581342, 11.590616417269116 ], [ 76.158192768219095, 11.59151542578541 ], [ 76.158139005918486, 11.5918343459595 ], [ 76.157856530817753, 11.59225138044425 ], [ 76.158156873097482, 11.59281981633729 ], [ 76.158341111770127, 11.593027034305559 ], [ 76.158675971339974, 11.593079939797052 ], [ 76.159097599835277, 11.593024018290023 ], [ 76.15946464844501, 11.593076798295892 ], [ 76.159662775727185, 11.59332914897225 ], [ 76.160029345666885, 11.59382268536708 ], [ 76.160313157100703, 11.594266844573854 ], [ 76.160679735008685, 11.594778458061375 ], [ 76.160922001246121, 11.595152711596551 ], [ 76.160964810918529, 11.59552769488354 ], [ 76.160980072011313, 11.595887060937498 ], [ 76.161049991327758, 11.596176132211998 ], [ 76.161277808166972, 11.596371851802321 ], [ 76.161496233052461, 11.596526928128183 ], [ 76.161817145077478, 11.596525638855711 ], [ 76.162316941162047, 11.596523637376345 ], [ 76.162682567913564, 11.596250906482474 ], [ 76.163047092798649, 11.595706955756844 ], [ 76.163956236438295, 11.593809152749234 ], [ 76.164499967999774, 11.593354849605131 ] ] ] ] } },
{ "type": "Feature", "properties": { "village_code": "627336", "village": "Chundale", "village_name": "Chundale", "district": "Wayanad", "subdistrict_code": 5637, "households_2011": 1891.0, "population_2011": 7996, "male_population_2011": 3786.0, "female_population_2011": 4210.0 }, "geometry": { "type": "MultiPolygon", "coordinates": [ [ [ [ 76.044702045780554, 11.593062403326604 ], [ 76.04517817661106, 11.593168731515469 ], [ 76.04503052160608, 11.592586336931804 ], [ 76.046461653599735, 11.591527828617853 ], [ 76.048007603126663, 11.590505032090583 ], [ 76.048262526291722, 11.589997741444623 ], [ 76.047444342667177, 11.588219500920534 ], [ 76.04814338087607, 11.587561497411503 ], [ 76.049100273406552, 11.587341071657253 ], [ 76.050317026478069, 11.587666585646637 ], [ 76.050868287608552, 11.587953912498014 ], [ 76.051089392085728, 11.588314233353371 ], [ 76.051460174588442, 11.588060243550878 ], [ 76.051011422653474, 11.586972415727415 ], [ 76.052153285149998, 11.5870405344494 ], [ 76.053076243473541, 11.587398886319338 ], [ 76.05363008304667, 11.587469066110831 ], [ 76.053590876450841, 11.586488691370452 ], [ 76.054068439249988, 11.586671959856575 ], [ 76.054398325172059, 11.586706829029737 ], [ 76.054768913291994, 11.586705582233035 ], [ 76.055075066577075, 11.587355453880944 ], [ 76.055103943708133, 11.587929490562409 ], [ 76.055416545659227, 11.587946382932401 ], [ 76.055967083710101, 11.588021264203361 ], [ 76.056243147765386, 11.588291505591584 ], [ 76.056359673246519, 11.588792832492405 ], [ 76.056360749086224, 11.589064143631125 ], [ 76.056403551651456, 11.589488967557411 ], [ 76.056363868048876, 11.589914039554937 ], [ 76.056638998996831, 11.589912978119454 ], [ 76.056950799615962, 11.58991184546324 ], [ 76.057226870179093, 11.590182089504511 ], [ 76.057637373744711, 11.590216764564614 ], [ 76.058087681071925, 11.589867030829787 ], [ 76.058713044206556, 11.589132379894918 ], [ 76.059064059911719, 11.588588597254031 ], [ 76.059411329729386, 11.588279923834341 ], [ 76.0596488288069, 11.588025878221329 ], [ 76.059860742586721, 11.587679260073346 ], [ 76.059879858115437, 11.587274541223463 ], [ 76.059977045249553, 11.586914795863336 ], [ 76.060428732722158, 11.586924455552161 ], [ 76.060818686392139, 11.586999848088208 ], [ 76.06109405338249, 11.587075686530678 ], [ 76.061669440533265, 11.587063416635305 ], [ 76.06246287507048, 11.586528215815981 ], [ 76.063084301209628, 11.585947251713 ], [ 76.063357287561288, 11.585403747472828 ], [ 76.063511624320043, 11.584978233183833 ], [ 76.063551832161949, 11.584711310415299 ], [ 76.063627872430317, 11.584209263918112 ], [ 76.063585047597869, 11.583784449221589 ], [ 76.063505462968607, 11.583359796054863 ], [ 76.06350404554135, 11.582971014622863 ], [ 76.06389639748302, 11.582467766166243 ], [ 76.064284754197416, 11.582118209159741 ], [ 76.064714571921996, 11.58180928148167 ], [ 76.065145261889583, 11.581730808943972 ], [ 76.065810068831794, 11.581728380425726 ], [ 76.066204253385166, 11.581686222637707 ], [ 76.066556352916393, 11.581454395919527 ], [ 76.066435520047548, 11.581029871859304 ], [ 76.066041013204341, 11.580355440730241 ], [ 76.066197512873259, 11.579909572612632 ], [ 76.066662473083369, 11.579211608661065 ], [ 76.067054599134934, 11.578631543454046 ], [ 76.067483099012364, 11.577974408569355 ], [ 76.067871600231399, 11.577661092841019 ], [ 76.068380771507805, 11.577736046186187 ], [ 76.06865771369803, 11.578220977960253 ], [ 76.069009901080335, 11.578004971515822 ], [ 76.069319148069411, 11.577348336885436 ], [ 76.069783878635732, 11.57657355669776 ], [ 76.069434033288672, 11.576199630029922 ], [ 76.069390738430215, 11.575661767767574 ], [ 76.069270358330172, 11.575350318954904 ], [ 76.06915481118132, 11.575120137891037 ], [ 76.069189880862794, 11.574695051019354 ], [ 76.06946291171424, 11.574151557673268 ], [ 76.06981465728316, 11.573802163503435 ], [ 76.070244141646413, 11.573416323258321 ], [ 76.070673918141509, 11.573107295289704 ], [ 76.071062988702039, 11.572947610433197 ], [ 76.070987720297452, 11.572427989216303 ], [ 76.07031035373258, 11.571544458540149 ], [ 76.069123320152684, 11.570436680925278 ], [ 76.068275132302887, 11.569219221078352 ], [ 76.067599117328143, 11.56867017903269 ], [ 76.066927058624614, 11.569169948679011 ], [ 76.066420409339017, 11.568561468324665 ], [ 76.065908427389687, 11.567731522159299 ], [ 76.065680629785803, 11.566900570724004 ], [ 76.066467653775234, 11.566508908821302 ], [ 76.066466026445099, 11.566065876424348 ], [ 76.066181310223001, 11.564733220937617 ], [ 76.065782848620117, 11.563627133518592 ], [ 76.065157470765214, 11.561911540134567 ], [ 76.065039626871183, 11.561075606646362 ], [ 76.064867745659527, 11.560465898879754 ], [ 76.064866035806602, 11.560022873636184 ], [ 76.06548159526011, 11.559134576819467 ], [ 76.065928603081176, 11.558522625541803 ], [ 76.066209830385219, 11.557743938341869 ], [ 76.066206290226191, 11.556803620757794 ], [ 76.06676102847095, 11.555599051703286 ], [ 76.066649160474441, 11.555097652713094 ], [ 76.066477515380839, 11.554571665045161 ], [ 76.066474904512077, 11.553877705825254 ], [ 76.06641824090903, 11.553434889771488 ], [ 76.066361121863409, 11.552879020235286 ], [ 76.066134370779153, 11.552328307766128 ], [ 76.065848905163591, 11.551994847165062 ], [ 76.065313659965298, 11.551691648031023 ], [ 76.065117292783867, 11.551278700939202 ], [ 76.065060579518089, 11.550831378016262 ], [ 76.065111792422428, 11.549836616009326 ], [ 76.065109517285151, 11.549226285390578 ], [ 76.064820477306057, 11.547947943585122 ], [ 76.064705457443509, 11.546619233784858 ], [ 76.064764223254613, 11.546137004015222 ], [ 76.064852246846243, 11.545438813549355 ], [ 76.063133666477739, 11.545585269749749 ], [ 76.061277802666481, 11.545772903238028 ], [ 76.059652499065763, 11.546330322888924 ], [ 76.057564485170303, 11.546979884950401 ], [ 76.056589218536587, 11.547304432417707 ], [ 76.054904211652115, 11.547857632653011 ], [ 76.054156655570324, 11.547769923423873 ], [ 76.053880799038851, 11.547540371874581 ], [ 76.053273749119541, 11.547040710977974 ], [ 76.052530090259594, 11.546767675999835 ], [ 76.051044752241026, 11.546773051182511 ], [ 76.050622665888099, 11.546684130424005 ], [ 76.050067333639859, 11.546500843287106 ], [ 76.048997519007955, 11.546048044679255 ], [ 76.047975238332938, 11.546051769700021 ], [ 76.046816210706126, 11.546286524439337 ], [ 76.045698364438408, 11.546471389014863 ], [ 76.044305561752822, 11.546706952781449 ], [ 76.042868664020602, 11.547399299295101 ], [ 76.041432936759875, 11.548412576179439 ], [ 76.040459069735107, 11.549103217081479 ], [ 76.039393574404642, 11.549839450897586 ], [ 76.037359143055511, 11.551361186060374 ], [ 76.036292363876981, 11.551731203838013 ], [ 76.035545910555115, 11.55195992186052 ], [ 76.034945559788, 11.552011768890765 ], [ 76.033969380838741, 11.55210573843954 ], [ 76.033085816476941, 11.552429797194675 ], [ 76.032068228915023, 11.552478701299366 ], [ 76.030978476384561, 11.552848763616877 ], [ 76.030008926957663, 11.553494124900073 ], [ 76.029497141667804, 11.553952533313874 ], [ 76.0292196932281, 11.554550327978076 ], [ 76.028896691106695, 11.555238624476937 ], [ 76.028527200485797, 11.555746241001064 ], [ 76.027882631745328, 11.556250354608485 ], [ 76.027188865612843, 11.557093671856599 ], [ 76.026827931236539, 11.557429526067999 ], [ 76.026664011782017, 11.557755624414058 ], [ 76.026053610205281, 11.557754524830653 ], [ 76.027544742253568, 11.559140424014428 ], [ 76.027596599026211, 11.559542570233635 ], [ 76.027368570369276, 11.559859857680738 ], [ 76.027071390865373, 11.560082458584443 ], [ 76.026764658545716, 11.56020103930093 ], [ 76.026442760787432, 11.560563853454578 ], [ 76.026410246223534, 11.561088417465644 ], [ 76.026362675475696, 11.561866148820034 ], [ 76.026402918426058, 11.562851547098482 ], [ 76.027083520939357, 11.563414293280543 ], [ 76.027993141158248, 11.563930889738964 ], [ 76.02829235784769, 11.564257613472085 ], [ 76.028376592204182, 11.564729717415164 ], [ 76.028593134599177, 11.565031875369195 ], [ 76.029048496156491, 11.565432622225678 ], [ 76.029168850485718, 11.565735081064098 ], [ 76.029142500713732, 11.566065195379071 ], [ 76.029385217674218, 11.567239731681658 ], [ 76.029414135757122, 11.567619435983758 ], [ 76.029557351879902, 11.567921811032976 ], [ 76.029961469173998, 11.568110270647368 ], [ 76.03016657476806, 11.568403370040812 ], [ 76.030179422740389, 11.568780822535103 ], [ 76.029871323589319, 11.569159410669725 ], [ 76.029562699715314, 11.569382025682113 ], [ 76.029522521680633, 11.569687328627644 ], [ 76.029871266107818, 11.569778784000578 ], [ 76.030160322453412, 11.56984099771943 ], [ 76.030441089208608, 11.570129344224853 ], [ 76.031176658859096, 11.570669224193436 ], [ 76.031659386580287, 11.571102086310427 ], [ 76.031990632272809, 11.571358045841556 ], [ 76.032211256714575, 11.571501922070428 ], [ 76.032529677182382, 11.571753709294288 ], [ 76.033010239577919, 11.571583822270481 ], [ 76.033576184111396, 11.572405719848417 ], [ 76.034096722562737, 11.573054922208156 ], [ 76.034171929452654, 11.573565461806812 ], [ 76.034172995583774, 11.573854788515057 ], [ 76.033990892048678, 11.574201279615284 ], [ 76.033992469963565, 11.574637565447725 ], [ 76.034212943842249, 11.574883636512341 ], [ 76.034542546165127, 11.574617540602469 ], [ 76.034816691143973, 11.574363346437503 ], [ 76.035169240646852, 11.574235559464743 ], [ 76.035718395500453, 11.573957760857317 ], [ 76.0360480056885, 11.573811979578087 ], [ 76.036344704773825, 11.5734673147125 ], [ 76.036699499769782, 11.573280122609393 ], [ 76.037413836285694, 11.573698591713686 ], [ 76.038073197605286, 11.573732270157073 ], [ 76.03851864183784, 11.573658459966785 ], [ 76.039287544375057, 11.573294018639361 ], [ 76.03965818800458, 11.573111820441218 ], [ 76.040207407614815, 11.572852172247172 ], [ 76.040426581578231, 11.572598251283194 ], [ 76.040889157306282, 11.57259660811623 ], [ 76.041019978148327, 11.573143069906006 ], [ 76.041022293497235, 11.573757965649374 ], [ 76.041061241668444, 11.57437712156201 ], [ 76.04073107230775, 11.575612517166602 ], [ 76.040888792445159, 11.577347987112013 ], [ 76.040739389945244, 11.57785483153182 ], [ 76.040337838941483, 11.578367130906228 ], [ 76.040027838521922, 11.578838378418085 ], [ 76.040084118016892, 11.57918630528137 ], [ 76.040414690082429, 11.579311718537594 ], [ 76.040671846522599, 11.579419274646511 ], [ 76.040789629447801, 11.580291344309051 ], [ 76.04071349304526, 11.580761818588016 ], [ 76.039831759567477, 11.581628462991361 ], [ 76.039204820908139, 11.581938163771499 ], [ 76.038054617330147, 11.583352798790514 ], [ 76.037833514857212, 11.584321057094282 ], [ 76.037742817587429, 11.584583599130585 ], [ 76.03792287836653, 11.584935506192572 ], [ 76.03873212574166, 11.586781694416816 ], [ 76.039049321953144, 11.58826335922274 ], [ 76.039051718365954, 11.588900829596673 ], [ 76.039093996531264, 11.590419602992815 ], [ 76.03951153037977, 11.591751651745062 ], [ 76.040400780285026, 11.591658152322555 ], [ 76.041142292444832, 11.591637471419826 ], [ 76.041016515815571, 11.59202213816819 ], [ 76.041017661676761, 11.592347235504853 ], [ 76.041677092203386, 11.592128253404942 ], [ 76.042046350745125, 11.591616432309035 ], [ 76.043447036427509, 11.592158068924489 ], [ 76.044074100626744, 11.593100624059796 ], [ 76.044483195667055, 11.593568474577351 ], [ 76.044702045780554, 11.593062403326604 ] ] ] ] } },
{ "type": "Feature", "properties": { "village_code": "627333", "village": "Achooranam", "village_name": "Achooranam", "district": "Wayanad", "subdistrict_code": 5637, "households_2011": 2684.0, "population_2011": 11998, "male_population_2011": 5753.0, "female_population_2011": 6245.0 }, "geometry": { "type": "MultiPolygon", "coordinates": [ [ [ [ 76.018768319689798, 11.631429246185357 ], [ 76.018663347584322, 11.630942749781697 ], [ 76.018531174600312, 11.630529559384177 ], [ 76.018577781732972, 11.630106698675052 ], [ 76.018751098684632, 11.629855175490379 ], [ 76.018773088120724, 11.629594385611904 ], [ 76.018481073162548, 11.629361096237739 ], [ 76.017578142300607, 11.62885569590429 ], [ 76.017189850333978, 11.628626482735994 ], [ 76.016699743130829, 11.628148992440133 ], [ 76.016492149867702, 11.627828785839784 ], [ 76.016187450194792, 11.627255654896759 ], [ 76.015997369534915, 11.626682201086821 ], [ 76.015949987292657, 11.626270972662068 ], [ 76.016016898272269, 11.62574634474282 ], [ 76.016271904401876, 11.625261675809188 ], [ 76.016573759309821, 11.625034572063326 ], [ 76.016989936109582, 11.624712098183011 ], [ 76.017314435893226, 11.624435219299698 ], [ 76.017570407426348, 11.62420376867655 ], [ 76.018147191095196, 11.623925895036997 ], [ 76.018520365498745, 11.623766369771905 ], [ 76.018562773162841, 11.623445246767226 ], [ 76.018515635090608, 11.623101839993961 ], [ 76.018513916758764, 11.622622640442851 ], [ 76.01862687255678, 11.620899810587801 ], [ 76.01927755725066, 11.620761856541881 ], [ 76.019909853435962, 11.620624020374002 ], [ 76.020605805149231, 11.62034576359529 ], [ 76.021370210247241, 11.619954266394803 ], [ 76.021883259821905, 11.619812289989747 ], [ 76.022345042348988, 11.619765603569329 ], [ 76.022757007714006, 11.619826049705935 ], [ 76.02276235387987, 11.619443004368124 ], [ 76.023017906126569, 11.619284246431631 ], [ 76.023502869225993, 11.619417715836535 ], [ 76.023783395489374, 11.619647240118393 ], [ 76.023997177699812, 11.620035249356539 ], [ 76.024751785272329, 11.619894819723163 ], [ 76.024844788750528, 11.619489135404651 ], [ 76.025071858412801, 11.619620059705788 ], [ 76.025375356605949, 11.619869923026704 ], [ 76.025569996883235, 11.620088159124029 ], [ 76.025795016880735, 11.619906886105598 ], [ 76.026060586855507, 11.619792997109663 ], [ 76.026463694606392, 11.619683021960475 ], [ 76.026743210190531, 11.619618750049945 ], [ 76.027049966613717, 11.619491038108098 ], [ 76.027415949289718, 11.61925920728874 ], [ 76.027873297063678, 11.618941101085799 ], [ 76.028298915661239, 11.618709031155307 ], [ 76.02894952647793, 11.618566526194122 ], [ 76.029389272400934, 11.618438449403461 ], [ 76.029815385440656, 11.618332891760632 ], [ 76.030264551988509, 11.618281532381364 ], [ 76.030979573779788, 11.618202121202508 ], [ 76.031568702558431, 11.618159378437541 ], [ 76.032070489179731, 11.618071652525465 ], [ 76.032432489760609, 11.617998028512044 ], [ 76.032991831564757, 11.617973434327368 ], [ 76.033417931606124, 11.617890588331576 ], [ 76.033853204066546, 11.617794019260838 ], [ 76.034195069514837, 11.617779302909897 ], [ 76.034606250693855, 11.618002436754466 ], [ 76.034685018303207, 11.617671260725777 ], [ 76.0346716088157, 11.617144637598741 ], [ 76.034623697601333, 11.61658198394113 ], [ 76.034434150430044, 11.616173462939079 ], [ 76.034410161585484, 11.615879758669106 ], [ 76.034293780424363, 11.615400910662387 ], [ 76.034081513089077, 11.615035531225489 ], [ 76.033848310761371, 11.614597804864202 ], [ 76.034033171272426, 11.614371119730752 ], [ 76.034312571360545, 11.614275185753064 ], [ 76.03431148161755, 11.613999433143492 ], [ 76.034310339363941, 11.613680716416496 ], [ 76.034158167369696, 11.613441659117814 ], [ 76.033914660961258, 11.61331363097864 ], [ 76.033518908733484, 11.613227445880767 ], [ 76.033051236301105, 11.613226240804863 ], [ 76.032726627669817, 11.613204915054181 ], [ 76.032157274347753, 11.613001251067885 ], [ 76.031752314151959, 11.612607124973097 ], [ 76.031574235340045, 11.612185080459879 ], [ 76.031546190212865, 11.611830274466479 ], [ 76.031908486481996, 11.611654914088342 ], [ 76.032269126228826, 11.611631026571406 ], [ 76.032460215602384, 11.611421652532385 ], [ 76.032370496230271, 11.61111756471149 ], [ 76.032294589859987, 11.610795769608014 ], [ 76.033224659479359, 11.610838691489525 ], [ 76.03387726025268, 11.610949338060637 ], [ 76.034226683587704, 11.610880389347438 ], [ 76.034574562961097, 11.610720894442149 ], [ 76.034830650083364, 11.610534602155212 ], [ 76.035038107501521, 11.610224156991128 ], [ 76.035084703315675, 11.609801320971775 ], [ 76.034962752085718, 11.609046789402433 ], [ 76.035370550975841, 11.608972947921462 ], [ 76.035893264608703, 11.608971084584015 ], [ 76.0363103081649, 11.608901777846754 ], [ 76.036703698257753, 11.608651757746401 ], [ 76.037005521747446, 11.608420117267469 ], [ 76.037515362316569, 11.608221644905221 ], [ 76.037956492619188, 11.60827644025826 ], [ 76.038328148227691, 11.608347423154886 ], [ 76.038979534060232, 11.608412905836804 ], [ 76.039375136508625, 11.608501847450849 ], [ 76.039971468149901, 11.608224097277091 ], [ 76.040689627620978, 11.60813124524978 ], [ 76.04130625081811, 11.608334429804287 ], [ 76.041506540789328, 11.608562003339987 ], [ 76.041667894863693, 11.608792058545836 ], [ 76.041948202631332, 11.608949224149267 ], [ 76.042298597033508, 11.609088108298305 ], [ 76.042625010026129, 11.609086983028579 ], [ 76.042924910666784, 11.608970637866619 ], [ 76.043319754114862, 11.608487796456554 ], [ 76.043793498552475, 11.608269014890084 ], [ 76.044107336177177, 11.608209089009101 ], [ 76.044409854390608, 11.608162872806691 ], [ 76.044665846933242, 11.607958482384818 ], [ 76.044614027141876, 11.60758792319294 ], [ 76.044487070129492, 11.607351070818634 ], [ 76.044068449742127, 11.60722369545516 ], [ 76.04364952530301, 11.607157479491699 ], [ 76.043336961011221, 11.606952857526824 ], [ 76.043136247249151, 11.606621318559904 ], [ 76.043378310805863, 11.605750162757579 ], [ 76.043226192688152, 11.605531455713535 ], [ 76.042982322806139, 11.605304033336768 ], [ 76.042667389752154, 11.605065581260071 ], [ 76.042237719401271, 11.604813965965455 ], [ 76.04226485420341, 11.604402477766826 ], [ 76.042767251240392, 11.604181431385735 ], [ 76.043160857048775, 11.604157409170792 ], [ 76.043556088780747, 11.604223741789431 ], [ 76.043955180380976, 11.604384925214564 ], [ 76.044280859045287, 11.604316115312272 ], [ 76.044509397206411, 11.604107316544125 ], [ 76.04483375703559, 11.603785135001523 ], [ 76.045112113131268, 11.603440581347284 ], [ 76.045414143780263, 11.603349129041613 ], [ 76.045714899131184, 11.603370440020431 ], [ 76.046435710961561, 11.603621012125567 ], [ 76.046990682952583, 11.603664227670548 ], [ 76.047643681160551, 11.603707123458358 ], [ 76.048203071309416, 11.603564955776926 ], [ 76.048740562654473, 11.603464121005542 ], [ 76.049168320576527, 11.60297377498434 ], [ 76.049314244035585, 11.602756194636319 ], [ 76.049533675995235, 11.602574637079694 ], [ 76.049715696869484, 11.602210012700953 ], [ 76.049751179098223, 11.601882089109651 ], [ 76.049787674042378, 11.601435933690654 ], [ 76.050083486069013, 11.601229948731421 ], [ 76.050339503047113, 11.601025558971667 ], [ 76.050338482863978, 11.600754329374684 ], [ 76.050153963234962, 11.60046563022749 ], [ 76.05015258134928, 11.600099453836716 ], [ 76.050334464228584, 11.599700928516942 ], [ 76.050773316877368, 11.599337724799801 ], [ 76.051180012579778, 11.598970024239224 ], [ 76.05221031247136, 11.598604587771234 ], [ 76.052315652023495, 11.59735645473237 ], [ 76.052680984513003, 11.596957317712583 ], [ 76.053490936404273, 11.59651582194545 ], [ 76.053746865544966, 11.596297948011093 ], [ 76.054278446899986, 11.596223640047588 ], [ 76.054295164611077, 11.595789628272405 ], [ 76.054220262811484, 11.595387531421952 ], [ 76.05429243110963, 11.595061798475694 ], [ 76.054442518847225, 11.594735693387291 ], [ 76.054734044999265, 11.594223805990815 ], [ 76.055025622044155, 11.593716425532669 ], [ 76.055390097208942, 11.59309574617463 ], [ 76.055686870428403, 11.592769095082032 ], [ 76.056199693964984, 11.592581929494262 ], [ 76.056418314821997, 11.592183247283129 ], [ 76.056086826918559, 11.591822849227706 ], [ 76.05575450095661, 11.591240820701271 ], [ 76.055343864583079, 11.590550698249501 ], [ 76.054754966761763, 11.590010359606122 ], [ 76.054423203677842, 11.589573047338543 ], [ 76.054458928724557, 11.589319704739015 ], [ 76.054714290841929, 11.58895711575188 ], [ 76.054968576792376, 11.588300679088809 ], [ 76.055103943708133, 11.587929490562409 ], [ 76.055075066577075, 11.587355453880944 ], [ 76.054768913291994, 11.586705582233035 ], [ 76.054398325172059, 11.586706829029737 ], [ 76.054068439249988, 11.586671959856575 ], [ 76.053590876450841, 11.586488691370452 ], [ 76.05363008304667, 11.587469066110831 ], [ 76.053076243473541, 11.587398886319338 ], [ 76.052153285149998, 11.5870405344494 ], [ 76.051011422653474, 11.586972415727415 ], [ 76.051460174588442, 11.588060243550878 ], [ 76.051089392085728, 11.588314233353371 ], [ 76.050868287608552, 11.587953912498014 ], [ 76.050317026478069, 11.587666585646637 ], [ 76.049100273406552, 11.587341071657253 ], [ 76.04814338087607, 11.587561497411503 ], [ 76.047444342667177, 11.588219500920534 ], [ 76.048262526291722, 11.589997741444623 ], [ 76.048007603126663, 11.590505032090583 ], [ 76.046461653599735, 11.591527828617853 ], [ 76.04503052160608, 11.592586336931804 ], [ 76.04517817661106, 11.593168731515469 ], [ 76.044702045780554, 11.593062403326604 ], [ 76.044483195667055, 11.593568474577351 ], [ 76.044074100626744, 11.593100624059796 ], [ 76.043447036427509, 11.592158068924489 ], [ 76.042046350745125, 11.591616432309035 ], [ 76.041677092203386, 11.592128253404942 ], [ 76.041017661676761, 11.592347235504853 ], [ 76.041016515815571, 11.59202213816819 ], [ 76.041142292444832, 11.591637471419826 ], [ 76.040400780285026, 11.591658152322555 ], [ 76.03951153037977, 11.591751651745062 ], [ 76.039093996531264, 11.590419602992815 ], [ 76.039051718365954, 11.588900829596673 ], [ 76.039049321953144, 11.58826335922274 ], [ 76.03873212574166, 11.586781694416816 ], [ 76.03792287836653, 11.584935506192572 ], [ 76.037742817587429, 11.584583599130585 ], [ 76.037833514857212, 11.584321057094282 ], [ 76.038054617330147, 11.583352798790514 ], [ 76.039204820908139, 11.581938163771499 ], [ 76.039831759567477, 11.581628462991361 ], [ 76.04071349304526, 11.580761818588016 ], [ 76.040789629447801, 11.580291344309051 ], [ 76.040671846522599, 11.579419274646511 ], [ 76.040414690082429, 11.579311718537594 ], [ 76.040084118016892, 11.57918630528137 ], [ 76.040027838521922, 11.578838378418085 ], [ 76.040337838941483, 11.578367130906228 ], [ 76.040739389945244, 11.57785483153182 ], [ 76.040888792445159, 11.577347987112013 ], [ 76.04073107230775, 11.575612517166602 ], [ 76.041061241668444, 11.57437712156201 ], [ 76.041022293497235, 11.573757965649374 ], [ 76.041019978148327, 11.573143069906006 ], [ 76.040889157306282, 11.57259660811623 ], [ 76.040426581578231, 11.572598251283194 ], [ 76.040207407614815, 11.572852172247172 ], [ 76.03965818800458, 11.573111820441218 ], [ 76.039287544375057, 11.573294018639361 ], [ 76.03851864183784, 11.573658459966785 ], [ 76.038073197605286, 11.573732270157073 ], [ 76.037413836285694, 11.573698591713686 ], [ 76.036699499769782, 11.573280122609393 ], [ 76.036344704773825, 11.5734673147125 ], [ 76.0360480056885, 11.573811979578087 ], [ 76.035718395500453, 11.573957760857317 ], [ 76.035169240646852, 11.574235559464743 ], [ 76.034816691143973, 11.574363346437503 ], [ 76.034542546165127, 11.574617540602469 ], [ 76.034212943842249, 11.574883636512341 ], [ 76.033992469963565, 11.574637565447725 ], [ 76.033990892048678, 11.574201279615284 ], [ 76.034172995583774, 11.573854788515057 ], [ 76.034171929452654, 11.573565461806812 ], [ 76.034096722562737, 11.573054922208156 ], [ 76.033576184111396, 11.572405719848417 ], [ 76.033010239577919, 11.571583822270481 ], [ 76.032529677182382, 11.571753709294288 ], [ 76.032211256714575, 11.571501922070428 ], [ 76.031990632272809, 11.571358045841556 ], [ 76.031659386580287, 11.571102086310427 ], [ 76.031555195566682, 11.571382192420344 ], [ 76.031208291664896, 11.571808436074573 ], [ 76.030991753475092, 11.572139225626945 ], [ 76.030618981461274, 11.57238913484081 ], [ 76.030349103909089, 11.572548326487418 ], [ 76.029955903733779, 11.572857168756794 ], [ 76.029723777962118, 11.57332365108349 ], [ 76.029699887446995, 11.573687648444425 ], [ 76.029571162294275, 11.574210284842962 ], [ 76.029526298292396, 11.574490763291822 ], [ 76.02938301999788, 11.574796361581129 ], [ 76.028904329030837, 11.574917926515916 ], [ 76.028428242291724, 11.57489467585315 ], [ 76.027998628264285, 11.574826125620209 ], [ 76.027229832719442, 11.573983473116774 ], [ 76.026801583135693, 11.573465093155624 ], [ 76.026512636719517, 11.573371206921127 ], [ 76.025799410672036, 11.573373754225253 ], [ 76.024942458260909, 11.573471710713566 ], [ 76.024227682928299, 11.573614365425719 ], [ 76.023653744000114, 11.573616404302385 ], [ 76.023129381513314, 11.573527817574881 ], [ 76.02260585264969, 11.573294537619269 ], [ 76.0219356526258, 11.573061855902029 ], [ 76.021364208448361, 11.573014315314007 ], [ 76.020938613109635, 11.573110632511105 ], [ 76.020700993340938, 11.573346521995587 ], [ 76.020845187767392, 11.573911190461029 ], [ 76.021324450427301, 11.574569482621756 ], [ 76.021753651672455, 11.575363684713256 ], [ 76.021902260052343, 11.575883040717452 ], [ 76.022140081750337, 11.576066572066683 ], [ 76.022801573439409, 11.575409624877969 ], [ 76.023513471171242, 11.574511963155379 ], [ 76.024133146314043, 11.574414983870801 ], [ 76.024662307033779, 11.574602892076358 ], [ 76.024948058727972, 11.575026892173749 ], [ 76.024949259499152, 11.575352374538221 ], [ 76.024763500705618, 11.575967903905681 ], [ 76.024289943273104, 11.576860127506952 ], [ 76.024198085168592, 11.578085633334897 ], [ 76.02467668268055, 11.578554133850936 ], [ 76.025632677250584, 11.579210806978223 ], [ 76.026059943810736, 11.579444378255458 ], [ 76.026299373297292, 11.57972375203124 ], [ 76.026448473235376, 11.580383314102308 ], [ 76.026688466729937, 11.5808028900077 ], [ 76.02716665346972, 11.581180950235373 ], [ 76.027787851725051, 11.581789091291714 ], [ 76.027978374723574, 11.582493621880243 ], [ 76.027792093617165, 11.582964461239321 ], [ 76.027505037872629, 11.583435649903047 ], [ 76.027029179745071, 11.583717587574673 ], [ 76.026792557638814, 11.584193153820333 ], [ 76.026702906718455, 11.584754039049256 ], [ 76.026414887250553, 11.584990170997287 ], [ 76.026131269834423, 11.58518107460946 ], [ 76.025655155420054, 11.585372574811283 ], [ 76.02536786246506, 11.585794082622039 ], [ 76.025084803516009, 11.586125103616963 ], [ 76.024944023575657, 11.586500830684091 ], [ 76.024566391047813, 11.587302357932822 ], [ 76.024422196093113, 11.588008145608246 ], [ 76.024282196084712, 11.588573767681968 ], [ 76.024141244245556, 11.588904234401607 ], [ 76.023620400669657, 11.589421484966046 ], [ 76.023667937833793, 11.589891441669693 ], [ 76.023716387704923, 11.590601063503049 ], [ 76.023575468421967, 11.59092711449356 ], [ 76.023576459596811, 11.591211859783344 ], [ 76.023578046836221, 11.591632307662948 ], [ 76.023482907875845, 11.591962700238163 ], [ 76.022983940284149, 11.59217691235424 ], [ 76.022342463596004, 11.592296727032325 ], [ 76.021962228922845, 11.592392978728922 ], [ 76.021338558339679, 11.592630107559261 ], [ 76.021052233804312, 11.592396130691201 ], [ 76.020856847588746, 11.591641840090608 ], [ 76.020523208873215, 11.590657499633394 ], [ 76.020137321486672, 11.590234826108015 ], [ 76.019759031853567, 11.590470415903159 ], [ 76.01923885233019, 11.591177452030013 ], [ 76.01900150930949, 11.591463129957239 ], [ 76.019024583573355, 11.592132110511844 ], [ 76.019142561973041, 11.592434628790494 ], [ 76.01913488464676, 11.592846077343005 ], [ 76.018705288673559, 11.593231795063241 ], [ 76.018324833593923, 11.593255811823568 ], [ 76.017875895002788, 11.593370380460355 ], [ 76.017541334919954, 11.593412220957454 ], [ 76.017270816107157, 11.593413156492264 ], [ 76.017009676378763, 11.593472863307074 ], [ 76.016749303046396, 11.593745050573114 ], [ 76.016355285283211, 11.593836893577928 ], [ 76.015851010722272, 11.593838610163253 ], [ 76.015194249811458, 11.593840928728682 ], [ 76.013901540669238, 11.59374159715915 ], [ 76.012930646522449, 11.593952887096842 ], [ 76.012353773636548, 11.594189953935571 ], [ 76.011748929712454, 11.594296049202976 ], [ 76.011432633533886, 11.594324274915 ], [ 76.011075110339164, 11.594350403105031 ], [ 76.010734068422039, 11.594638668212742 ], [ 76.010349367329923, 11.594612834211977 ], [ 76.009968232019617, 11.594458184802461 ], [ 76.009560926590041, 11.594303902502716 ], [ 76.009245722366558, 11.594381682062192 ], [ 76.008929955575297, 11.594541008324949 ], [ 76.008509128118817, 11.594827317272236 ], [ 76.008101053959734, 11.594932663084306 ], [ 76.007823863648838, 11.594856769151621 ], [ 76.007428026820719, 11.594442159970075 ], [ 76.007018977154274, 11.594326339726713 ], [ 76.006743221094808, 11.594652565380136 ], [ 76.006404836598634, 11.594911511618644 ], [ 76.006022356655805, 11.595016765509984 ], [ 76.005675684152607, 11.595059321066268 ], [ 76.005386535183689, 11.594969231607616 ], [ 76.004926429154594, 11.594970802273464 ], [ 76.004583264242598, 11.595173170137647 ], [ 76.004331993122705, 11.595420391630331 ], [ 76.004117719574424, 11.595773773208213 ], [ 76.003976710728594, 11.596104320448264 ], [ 76.003835954901504, 11.596480044469509 ], [ 76.003608596999086, 11.597021043425917 ], [ 76.003432466216353, 11.597774448076924 ], [ 76.003225245351146, 11.598810449211689 ], [ 76.002963718386539, 11.60003652490542 ], [ 76.002802028096966, 11.600977425786569 ], [ 76.002611764806616, 11.601633612821475 ], [ 76.002283839392533, 11.602249525374363 ], [ 76.001927664232056, 11.602671251753188 ], [ 76.001570799535145, 11.602884957919438 ], [ 76.001282333361274, 11.603003469251501 ], [ 76.00097533273977, 11.603054296039248 ], [ 76.000663697720611, 11.60312320402473 ], [ 75.99901201678189, 11.603446446914672 ], [ 75.997612393168367, 11.6038164052752 ], [ 75.996669832063134, 11.604380202126233 ], [ 75.995538612736141, 11.604759373641176 ], [ 75.99503445788396, 11.604837928979123 ], [ 75.993705660454111, 11.604860599119252 ], [ 75.992223657028831, 11.604617216205458 ], [ 75.991482430046787, 11.604646815669538 ], [ 75.990033413125744, 11.604990734824552 ], [ 75.989348869211497, 11.604898187338213 ], [ 75.988109416905729, 11.604486518061991 ], [ 75.98574888144131, 11.603380173879973 ], [ 75.982845217332624, 11.602904157803577 ], [ 75.982340560689991, 11.603027813610565 ], [ 75.981330102756857, 11.603872167285175 ], [ 75.980794324736934, 11.604036745248367 ], [ 75.978264424068286, 11.60384659912841 ], [ 75.977220341909259, 11.604180018430725 ], [ 75.976002779825109, 11.60479445191373 ], [ 75.975271958519443, 11.604806040629629 ], [ 75.97580668992812, 11.605098007126534 ], [ 75.976359394825792, 11.605796917485256 ], [ 75.976911308626256, 11.606283286309752 ], [ 75.977239093178966, 11.606933211911793 ], [ 75.977628455967519, 11.608125399904537 ], [ 75.977631317558675, 11.608939207082464 ], [ 75.977687804960212, 11.609372953690125 ], [ 75.9779093844367, 11.609806206559238 ], [ 75.97807619756837, 11.610289403194415 ], [ 75.979343227638921, 11.610719168313583 ], [ 75.980660253927667, 11.610985866079581 ], [ 75.982365245265811, 11.612065113036641 ], [ 75.985060665281878, 11.613140977878349 ], [ 75.9866586173939, 11.61378654659776 ], [ 75.98770127335068, 11.614266651215642 ], [ 75.989023775202199, 11.61480464571361 ], [ 75.990451234432754, 11.615179491413141 ], [ 75.991222357241412, 11.615393898946472 ], [ 75.992429665960657, 11.6157694910268 ], [ 75.993695833245994, 11.615927890390219 ], [ 75.994791891012255, 11.615978360401627 ], [ 75.995783366769501, 11.616246166949091 ], [ 75.999096787824271, 11.616983615016551 ], [ 75.999959938366047, 11.617307718147774 ], [ 76.001373910786668, 11.617768454755254 ], [ 76.002117342646059, 11.617919545856484 ], [ 76.002824223635471, 11.618188274752105 ], [ 76.003452475831125, 11.618145518609442 ], [ 76.004194416790426, 11.617989268683045 ], [ 76.004979093584979, 11.618103962461866 ], [ 76.005919362372325, 11.618100789361616 ], [ 76.006661617938818, 11.617939937996475 ], [ 76.007133058953741, 11.617861538861296 ], [ 76.007523831423356, 11.617977645696575 ], [ 76.007484435229046, 11.618479547448446 ], [ 76.008190581741502, 11.618477128536638 ], [ 76.008621591501651, 11.61847555094891 ], [ 76.008661799394375, 11.618168037662636 ], [ 76.008738284426812, 11.617778944845462 ], [ 76.009091096029294, 11.617700883446078 ], [ 76.009636652940316, 11.617662831441603 ], [ 76.010074220696211, 11.617583067380579 ], [ 76.009757534652195, 11.618119020442775 ], [ 76.009529803991569, 11.618546991094954 ], [ 76.0094711696796, 11.618816212752007 ], [ 76.009522624710357, 11.619100862971001 ], [ 76.009754547770811, 11.619410020341579 ], [ 76.010132078150477, 11.619607214650625 ], [ 76.010464178025899, 11.619715338683452 ], [ 76.010696381986605, 11.61999855769136 ], [ 76.010652939081169, 11.620340022629108 ], [ 76.010425415542926, 11.620829138432855 ], [ 76.010116431388155, 11.621625883152451 ], [ 76.009952968722047, 11.622078558729781 ], [ 76.009729793502288, 11.622486194348317 ], [ 76.009708196086208, 11.622875025551462 ], [ 76.009647637128552, 11.623241444686505 ], [ 76.009609724208858, 11.623526353549513 ], [ 76.009735049334253, 11.623955445535458 ], [ 76.009836990159087, 11.624262516982883 ], [ 76.010069390712459, 11.625116137902937 ], [ 76.010277861572106, 11.625707602308504 ], [ 76.010321709904716, 11.626094004119366 ], [ 76.010062207754373, 11.626300615676227 ], [ 76.009681048912043, 11.626319989390147 ], [ 76.009253496977095, 11.626195029171088 ], [ 76.008881233937458, 11.626259567308868 ], [ 76.008492408995792, 11.626525392070912 ], [ 76.00838814644986, 11.626851281335572 ], [ 76.008484040048572, 11.627379869660578 ], [ 76.008637529596186, 11.627888931387913 ], [ 76.008767081385599, 11.628317013709806 ], [ 76.008903760047147, 11.628707613156115 ], [ 76.009122705710951, 11.62903008704323 ], [ 76.009306827910393, 11.629214755974004 ], [ 76.009640332957019, 11.629322063130392 ], [ 76.009930945531167, 11.629334615994212 ], [ 76.010425461448961, 11.629129491514142 ], [ 76.010778052946648, 11.62898361156425 ], [ 76.011602587088902, 11.628759200722548 ], [ 76.011955686948369, 11.62875796391554 ], [ 76.012303332716968, 11.62875669124074 ], [ 76.012678218210354, 11.628825464468072 ], [ 76.013143568790795, 11.628905954564475 ], [ 76.01350659991931, 11.629010158531724 ], [ 76.014199705781422, 11.629193059001562 ], [ 76.014828332564051, 11.629299406887116 ], [ 76.015977686304439, 11.63011358557913 ], [ 76.016025166148452, 11.630556470824624 ], [ 76.015999783526851, 11.631135196996254 ], [ 76.015983294116467, 11.63164618260172 ], [ 76.016446899768312, 11.631775607472008 ], [ 76.017097236235898, 11.631818492875249 ], [ 76.017428223195296, 11.631763147203426 ], [ 76.018768319689798, 11.631429246185357 ] ] ] ] } },
{ "type": "Feature", "properties": { "village_code": "627335", "village": "Kunnathidavaka", "village_name": "Kunnathidavaka", "district": "Wayanad", "subdistrict_code": 5637, "households_2011": 2268.0, "population_2011": 10309, "male_population_2011": 5029.0, "female_population_2011": 5280.0 }, "geometry": { "type": "MultiPolygon", "coordinates": [ [ [ [ 76.040459069735107, 11.549103217081479 ], [ 76.041432936759875, 11.548412576179439 ], [ 76.042868664020602, 11.547399299295101 ], [ 76.044305561752822, 11.546706952781449 ], [ 76.045698364438408, 11.546471389014863 ], [ 76.046816210706126, 11.546286524439337 ], [ 76.047975238332938, 11.546051769700021 ], [ 76.048997519007955, 11.546048044679255 ], [ 76.050067333639859, 11.546500843287106 ], [ 76.050622665888099, 11.546684130424005 ], [ 76.051044752241026, 11.546773051182511 ], [ 76.052530090259594, 11.546767675999835 ], [ 76.053273749119541, 11.547040710977974 ], [ 76.053880799038851, 11.547540371874581 ], [ 76.054156655570324, 11.547769923423873 ], [ 76.054904211652115, 11.547857632653011 ], [ 76.056589218536587, 11.547304432417707 ], [ 76.057564485170303, 11.546979884950401 ], [ 76.059652499065763, 11.546330322888924 ], [ 76.061277802666481, 11.545772903238028 ], [ 76.063133666477739, 11.545585269749749 ], [ 76.064852246846243, 11.545438813549355 ], [ 76.064805024632236, 11.545072798805009 ], [ 76.064524869381145, 11.544938163968009 ], [ 76.064289913734058, 11.544618087978765 ], [ 76.064522441426277, 11.54429619680884 ], [ 76.064681529524947, 11.543927216661011 ], [ 76.064799348417878, 11.543562866194675 ], [ 76.065170280068372, 11.543466536919638 ], [ 76.065589176252189, 11.543926165350852 ], [ 76.065728459034048, 11.544382237754673 ], [ 76.066524106252814, 11.545066505770246 ], [ 76.067267780763629, 11.545339466170882 ], [ 76.068427094828181, 11.545199564726243 ], [ 76.068705687183254, 11.544922834528911 ], [ 76.069433449876442, 11.544630789534903 ], [ 76.069885479575007, 11.544136362326613 ], [ 76.070113420516648, 11.543814517976671 ], [ 76.070530569623358, 11.543813012897919 ], [ 76.070811107151471, 11.54404256549712 ], [ 76.0711369333373, 11.544131751779833 ], [ 76.07146174276491, 11.543949765137874 ], [ 76.071598357586254, 11.543718613875376 ], [ 76.072899900350791, 11.543623419736873 ], [ 76.073829762938686, 11.54343462399815 ], [ 76.073963479914084, 11.542426017868598 ], [ 76.074706970500756, 11.542653772695502 ], [ 76.075174254884033, 11.542561641408396 ], [ 76.075401704567824, 11.542099744351711 ], [ 76.07567925831583, 11.541551654596567 ], [ 76.07604998772193, 11.54141013087969 ], [ 76.076512652454383, 11.541318005872425 ], [ 76.076933713852071, 11.541135586232127 ], [ 76.077115682731858, 11.540764248539544 ], [ 76.077627725360031, 11.540396115331921 ], [ 76.078782146452482, 11.538999453724765 ], [ 76.079565155639017, 11.537577006649483 ], [ 76.080121798498453, 11.536887756213316 ], [ 76.08053722051595, 11.536425114512873 ], [ 76.080673623815201, 11.536148795732009 ], [ 76.080997878141147, 11.535826615153741 ], [ 76.083456741258345, 11.53508514639155 ], [ 76.085635567305275, 11.53425420888205 ], [ 76.085584094155834, 11.532785092293912 ], [ 76.085211734153049, 11.532515292451782 ], [ 76.084793901914836, 11.532331500178131 ], [ 76.084376694200415, 11.532333046984579 ], [ 76.08428400433354, 11.532057660546741 ], [ 76.084046135401195, 11.531005191409948 ], [ 76.083903712130507, 11.529721802155397 ], [ 76.083528556249206, 11.528715063684778 ], [ 76.083292880744835, 11.528214116203239 ], [ 76.083103664206334, 11.527893813601626 ], [ 76.082777154859542, 11.527619321902275 ], [ 76.082313356474145, 11.527390458947345 ], [ 76.08207887130574, 11.527210517712815 ], [ 76.081706854338179, 11.527026531204411 ], [ 76.081288294137508, 11.526661900735469 ], [ 76.08096004789455, 11.525930731648762 ], [ 76.080958153733562, 11.525424394349047 ], [ 76.081326806649457, 11.524735870431531 ], [ 76.082163717960015, 11.524230998538398 ], [ 76.081927813331404, 11.523680297368927 ], [ 76.081508790435308, 11.523180097268547 ], [ 76.081273450960026, 11.522765063159968 ], [ 76.081133428280893, 11.522123614235923 ], [ 76.080849992413775, 11.521116528253932 ], [ 76.080385097558135, 11.520616421539412 ], [ 76.080239853538401, 11.519794206005068 ], [ 76.079682490749633, 11.518820946203181 ], [ 76.07922638652316, 11.519689570325648 ], [ 76.078976364708481, 11.520219451243138 ], [ 76.078532948222929, 11.520542123180615 ], [ 76.07802555238834, 11.520910180447345 ], [ 76.077563762562548, 11.521232798253065 ], [ 76.075963111738602, 11.522201669452633 ], [ 76.075501123279224, 11.522456584912401 ], [ 76.074827556180267, 11.522526862867851 ], [ 76.074244962401835, 11.522411526119363 ], [ 76.073757700083618, 11.522047063463496 ], [ 76.073229398306523, 11.521750690850538 ], [ 76.072787932407877, 11.521363509271257 ], [ 76.072368951095342, 11.5208858216061 ], [ 76.072064446012206, 11.520358007814412 ], [ 76.071736631865377, 11.51973987494252 ], [ 76.071569474449191, 11.519170862605726 ], [ 76.071594574315469, 11.51855143933118 ], [ 76.071035001722421, 11.518463041472712 ], [ 76.070548861089534, 11.518392525835282 ], [ 76.070034713024256, 11.51819099523067 ], [ 76.069451869441238, 11.518007763822476 ], [ 76.068804587432155, 11.517756959294585 ], [ 76.068290168980411, 11.51746501481076 ], [ 76.067963110541868, 11.517050325340664 ], [ 76.067453267014244, 11.51678094449224 ], [ 76.067263134314871, 11.516184893274554 ], [ 76.067191734862703, 11.515475392452148 ], [ 76.067143641039792, 11.514878837500765 ], [ 76.066884596068746, 11.51426043336841 ], [ 76.066305612091071, 11.513873780321621 ], [ 76.065208250130596, 11.513394071115693 ], [ 76.064858177249022, 11.512934222496508 ], [ 76.064535492759077, 11.51245620101791 ], [ 76.064230855643302, 11.511883138026828 ], [ 76.063834782168414, 11.511405348433016 ], [ 76.063411417943684, 11.510945822790429 ], [ 76.062923499178964, 11.510400515315592 ], [ 76.062756784414248, 11.509962663833585 ], [ 76.062639692329839, 11.509289499296646 ], [ 76.062152413233719, 11.508902479382304 ], [ 76.061637445336231, 11.50849297093964 ], [ 76.061104922888035, 11.508264321973101 ], [ 76.060941627774852, 11.508721553392718 ], [ 76.060760196500141, 11.509251111501804 ], [ 76.060342555165875, 11.509089886189733 ], [ 76.059668053739372, 11.508911482639752 ], [ 76.059016943556642, 11.508846021536611 ], [ 76.058553153147784, 11.508617182638428 ], [ 76.057827973511266, 11.50836661975671 ], [ 76.057180988656413, 11.508188152180958 ], [ 76.056689026117198, 11.507773966490568 ], [ 76.056805904077393, 11.507158769850657 ], [ 76.056803328225385, 11.50646706965289 ], [ 76.056219922776236, 11.506125598319732 ], [ 76.055982451714399, 11.505145469001866 ], [ 76.055308636493464, 11.505120824177501 ], [ 76.054703603085343, 11.505122952469202 ], [ 76.054330611081582, 11.504667683603918 ], [ 76.054099286162284, 11.504502427768127 ], [ 76.053820428520382, 11.504303350089444 ], [ 76.053329242988056, 11.504097173612548 ], [ 76.052773859325342, 11.503895804227922 ], [ 76.052189980794694, 11.503414155678007 ], [ 76.051936177910051, 11.502958483222413 ], [ 76.051492080190528, 11.503095729440657 ], [ 76.051075544178019, 11.503259966268551 ], [ 76.050636103224235, 11.50341978146467 ], [ 76.050076513633712, 11.503308771904486 ], [ 76.049612846709479, 11.503102442926995 ], [ 76.048984440021457, 11.502991689638895 ], [ 76.048264805895442, 11.502994316143015 ], [ 76.047941575591224, 11.503569585038356 ], [ 76.046970342553735, 11.504947455365416 ], [ 76.04641677133705, 11.505247857200569 ], [ 76.045858492236349, 11.505498462582137 ], [ 76.044980740686029, 11.506120929842378 ], [ 76.044281044991735, 11.50530066772466 ], [ 76.043344882640483, 11.503766974311253 ], [ 76.042739854207028, 11.50376914203169 ], [ 76.042138961933105, 11.503635685612176 ], [ 76.041716607336852, 11.503474369358267 ], [ 76.040918493460538, 11.503319041189954 ], [ 76.040450270274661, 11.503112736944932 ], [ 76.039780129765177, 11.502866494790617 ], [ 76.039219803461933, 11.502570120751068 ], [ 76.038755719296645, 11.502250816150717 ], [ 76.038172892516599, 11.502067465119124 ], [ 76.037407215498007, 11.502002421262386 ], [ 76.036688277163336, 11.502185807001503 ], [ 76.036250579996903, 11.502829311324991 ], [ 76.03652764813863, 11.503379874577799 ], [ 76.036392766584285, 11.50409456777667 ], [ 76.036305939673895, 11.505424077297192 ], [ 76.036166159231286, 11.506066528540876 ], [ 76.03584247215997, 11.506546859560435 ], [ 76.035430016897564, 11.507809667371443 ], [ 76.034455871259397, 11.508409905122388 ], [ 76.03408569256753, 11.508709676823843 ], [ 76.032097658023602, 11.510321613562352 ], [ 76.030514193399924, 11.511014349652557 ], [ 76.029351702700083, 11.511497682944469 ], [ 76.028774961051909, 11.51173032024378 ], [ 76.028330981728331, 11.511912753658546 ], [ 76.027681359050234, 11.512258640421544 ], [ 76.026962576788947, 11.512491740662902 ], [ 76.025780375053358, 11.512608922582748 ], [ 76.025152280983178, 11.512588472389362 ], [ 76.024552341441677, 11.512730769588847 ], [ 76.024016763578913, 11.512936055177276 ], [ 76.023508662643607, 11.513123265619777 ], [ 76.022881627727386, 11.513378637702054 ], [ 76.022322599451357, 11.513448428846727 ], [ 76.021951085750203, 11.513381780269821 ], [ 76.022017453368818, 11.512717073709288 ], [ 76.021159831344477, 11.512602513508163 ], [ 76.020253049101655, 11.512822682934164 ], [ 76.019025976005977, 11.513197779444591 ], [ 76.017771834029944, 11.513703975633701 ], [ 76.017379248742671, 11.514161899361083 ], [ 76.017175757911758, 11.514944793963126 ], [ 76.016734563975305, 11.515886637160687 ], [ 76.016341966520102, 11.516344651691558 ], [ 76.015880716495317, 11.516825449082178 ], [ 76.015519670272994, 11.517129583437205 ], [ 76.014431010963364, 11.51777539521771 ], [ 76.013319080635469, 11.518308152183682 ], [ 76.012834126118349, 11.518585659657758 ], [ 76.012395384540142, 11.518953418555874 ], [ 76.011768714222768, 11.519321786077796 ], [ 76.008918632397553, 11.520909403189398 ], [ 76.005830673448671, 11.521358676321499 ], [ 76.00479059473686, 11.522781847823287 ], [ 76.004351822123766, 11.523149497527482 ], [ 76.003748052940722, 11.523517848958068 ], [ 76.003212939496663, 11.523863239605426 ], [ 76.002124333760207, 11.524554134719015 ], [ 76.001058587851105, 11.525199785459927 ], [ 76.000316142586769, 11.525247593599754 ], [ 75.999319806740019, 11.526100958144928 ], [ 75.999014547459339, 11.527636451879472 ], [ 75.997543837134941, 11.530731952281293 ], [ 75.996690792844021, 11.531704621873109 ], [ 75.997020975416845, 11.531954247128219 ], [ 75.997337265536373, 11.531953196630644 ], [ 75.997621336429916, 11.531925099942864 ], [ 75.998807153017481, 11.53150510214599 ], [ 75.999762171638693, 11.530624695077522 ], [ 76.000628899810323, 11.530815477912787 ], [ 76.000567557914366, 11.531512572273241 ], [ 76.000609500920845, 11.532362356056606 ], [ 76.001902402185578, 11.5330631815039 ], [ 76.002817154947948, 11.533778882544993 ], [ 76.003492912455343, 11.534287334281217 ], [ 76.003755376656898, 11.534616472296879 ], [ 76.004421918143564, 11.535134129484913 ], [ 76.006061993004565, 11.536136551015618 ], [ 76.006378900788292, 11.536289184591212 ], [ 76.006739540434168, 11.537155955024117 ], [ 76.007535139605338, 11.537871998565073 ], [ 76.007870470258709, 11.538051644711699 ], [ 76.008628342184636, 11.538465022871188 ], [ 76.009450177569903, 11.53882835046646 ], [ 76.009871859788191, 11.538808760126146 ], [ 76.010441412503937, 11.539105183590491 ], [ 76.011481835616564, 11.5390698740755 ], [ 76.011954307967756, 11.539140575513372 ], [ 76.013304602333989, 11.539841157932187 ], [ 76.0139669716513, 11.540480799536383 ], [ 76.014597273220559, 11.542381889474553 ], [ 76.014991891476143, 11.543745832729504 ], [ 76.015107990320445, 11.544156783013747 ], [ 76.017315250111722, 11.546043356041134 ], [ 76.017550851279154, 11.546539761587963 ], [ 76.017909934146857, 11.546963526246719 ], [ 76.018483823940642, 11.547196587367843 ], [ 76.018960808377187, 11.5472672105063 ], [ 76.019296606439866, 11.54756899003044 ], [ 76.019796709792587, 11.547684697660422 ], [ 76.020274379792852, 11.547945265073853 ], [ 76.020770679501865, 11.548273555038771 ], [ 76.021612802542094, 11.547877300523375 ], [ 76.022357166201814, 11.548353838136908 ], [ 76.02271422864743, 11.54884081514793 ], [ 76.022882888207207, 11.54920644693569 ], [ 76.023145289325427, 11.549508430962687 ], [ 76.023650661134042, 11.549814022657555 ], [ 76.024101087848592, 11.550119886385138 ], [ 76.02460740755761, 11.550683224223315 ], [ 76.024655324271862, 11.551248136712836 ], [ 76.024353759354909, 11.55279987698796 ], [ 76.024385355519641, 11.555177704093197 ], [ 76.024890343495386, 11.55663165334645 ], [ 76.025488611024826, 11.557266969348285 ], [ 76.026053610205281, 11.557754524830653 ], [ 76.026664011782017, 11.557755624414058 ], [ 76.026827931236539, 11.557429526067999 ], [ 76.027188865612843, 11.557093671856599 ], [ 76.027882631745328, 11.556250354608485 ], [ 76.028527200485797, 11.555746241001064 ], [ 76.028896691106695, 11.555238624476937 ], [ 76.0292196932281, 11.554550327978076 ], [ 76.029497141667804, 11.553952533313874 ], [ 76.030008926957663, 11.553494124900073 ], [ 76.030978476384561, 11.552848763616877 ], [ 76.032068228915023, 11.552478701299366 ], [ 76.033085816476941, 11.552429797194675 ], [ 76.033969380838741, 11.55210573843954 ], [ 76.034945559788, 11.552011768890765 ], [ 76.035545910555115, 11.55195992186052 ], [ 76.036292363876981, 11.551731203838013 ], [ 76.037359143055511, 11.551361186060374 ], [ 76.039393574404642, 11.549839450897586 ], [ 76.040459069735107, 11.549103217081479 ] ] ] ] } },
{ "type": "Feature", "properties": { "village_code": "627334", "village": "Pozhuthana", "village_name": "Pozhuthana", "district": "Wayanad", "subdistrict_code": 5637, "households_2011": 1571.0, "population_2011": 6406, "male_population_2011": 3099.0, "female_population_2011": 3307.0 }, "geometry": { "type": "MultiPolygon", "coordinates": [ [ [ [ 75.977220341909259, 11.604180018430725 ], [ 75.978264424068286, 11.60384659912841 ], [ 75.980794324736934, 11.604036745248367 ], [ 75.981330102756857, 11.603872167285175 ], [ 75.982340560689991, 11.603027813610565 ], [ 75.982845217332624, 11.602904157803577 ], [ 75.98574888144131, 11.603380173879973 ], [ 75.988109416905729, 11.604486518061991 ], [ 75.989348869211497, 11.604898187338213 ], [ 75.990033413125744, 11.604990734824552 ], [ 75.991482430046787, 11.604646815669538 ], [ 75.992223657028831, 11.604617216205458 ], [ 75.993705660454111, 11.604860599119252 ], [ 75.99503445788396, 11.604837928979123 ], [ 75.995538612736141, 11.604759373641176 ], [ 75.996669832063134, 11.604380202126233 ], [ 75.997612393168367, 11.6038164052752 ], [ 75.99901201678189, 11.603446446914672 ], [ 76.000663697720611, 11.60312320402473 ], [ 76.00097533273977, 11.603054296039248 ], [ 76.001282333361274, 11.603003469251501 ], [ 76.001570799535145, 11.602884957919438 ], [ 76.001927664232056, 11.602671251753188 ], [ 76.002283839392533, 11.602249525374363 ], [ 76.002611764806616, 11.601633612821475 ], [ 76.002802028096966, 11.600977425786569 ], [ 76.002963718386539, 11.60003652490542 ], [ 76.003225245351146, 11.598810449211689 ], [ 76.003432466216353, 11.597774448076924 ], [ 76.003608596999086, 11.597021043425917 ], [ 76.003835954901504, 11.596480044469509 ], [ 76.003976710728594, 11.596104320448264 ], [ 76.004117719574424, 11.595773773208213 ], [ 76.004331993122705, 11.595420391630331 ], [ 76.004583264242598, 11.595173170137647 ], [ 76.004926429154594, 11.594970802273464 ], [ 76.005386535183689, 11.594969231607616 ], [ 76.005675684152607, 11.595059321066268 ], [ 76.006022356655805, 11.595016765509984 ], [ 76.006404836598634, 11.594911511618644 ], [ 76.006743221094808, 11.594652565380136 ], [ 76.007018977154274, 11.594326339726713 ], [ 76.007428026820719, 11.594442159970075 ], [ 76.007823863648838, 11.594856769151621 ], [ 76.008101053959734, 11.594932663084306 ], [ 76.008509128118817, 11.594827317272236 ], [ 76.008929955575297, 11.594541008324949 ], [ 76.009245722366558, 11.594381682062192 ], [ 76.009560926590041, 11.594303902502716 ], [ 76.009968232019617, 11.594458184802461 ], [ 76.010349367329923, 11.594612834211977 ], [ 76.010734068422039, 11.594638668212742 ], [ 76.011075110339164, 11.594350403105031 ], [ 76.011432633533886, 11.594324274915 ], [ 76.011748929712454, 11.594296049202976 ], [ 76.012353773636548, 11.594189953935571 ], [ 76.012930646522449, 11.593952887096842 ], [ 76.013901540669238, 11.59374159715915 ], [ 76.015194249811458, 11.593840928728682 ], [ 76.015851010722272, 11.593838610163253 ], [ 76.016355285283211, 11.593836893577928 ], [ 76.016749303046396, 11.593745050573114 ], [ 76.017009676378763, 11.593472863307074 ], [ 76.017270816107157, 11.593413156492264 ], [ 76.017541334919954, 11.593412220957454 ], [ 76.017875895002788, 11.593370380460355 ], [ 76.018324833593923, 11.593255811823568 ], [ 76.018705288673559, 11.593231795063241 ], [ 76.01913488464676, 11.592846077343005 ], [ 76.019142561973041, 11.592434628790494 ], [ 76.019024583573355, 11.592132110511844 ], [ 76.01900150930949, 11.591463129957239 ], [ 76.01923885233019, 11.591177452030013 ], [ 76.019759031853567, 11.590470415903159 ], [ 76.020137321486672, 11.590234826108015 ], [ 76.020523208873215, 11.590657499633394 ], [ 76.020856847588746, 11.591641840090608 ], [ 76.021052233804312, 11.592396130691201 ], [ 76.021338558339679, 11.592630107559261 ], [ 76.021962228922845, 11.592392978728922 ], [ 76.022342463596004, 11.592296727032325 ], [ 76.022983940284149, 11.59217691235424 ], [ 76.023482907875845, 11.591962700238163 ], [ 76.023578046836221, 11.591632307662948 ], [ 76.023576459596811, 11.591211859783344 ], [ 76.023575468421967, 11.59092711449356 ], [ 76.023716387704923, 11.590601063503049 ], [ 76.023667937833793, 11.589891441669693 ], [ 76.023620400669657, 11.589421484966046 ], [ 76.024141244245556, 11.588904234401607 ], [ 76.024282196084712, 11.588573767681968 ], [ 76.024422196093113, 11.588008145608246 ], [ 76.024566391047813, 11.587302357932822 ], [ 76.024944023575657, 11.586500830684091 ], [ 76.025084803516009, 11.586125103616963 ], [ 76.02536786246506, 11.585794082622039 ], [ 76.025655155420054, 11.585372574811283 ], [ 76.026131269834423, 11.58518107460946 ], [ 76.026414887250553, 11.584990170997287 ], [ 76.026702906718455, 11.584754039049256 ], [ 76.026792557638814, 11.584193153820333 ], [ 76.027029179745071, 11.583717587574673 ], [ 76.027505037872629, 11.583435649903047 ], [ 76.027792093617165, 11.582964461239321 ], [ 76.027978374723574, 11.582493621880243 ], [ 76.027787851725051, 11.581789091291714 ], [ 76.02716665346972, 11.581180950235373 ], [ 76.026688466729937, 11.5808028900077 ], [ 76.026448473235376, 11.580383314102308 ], [ 76.026299373297292, 11.57972375203124 ], [ 76.026059943810736, 11.579444378255458 ], [ 76.025632677250584, 11.579210806978223 ], [ 76.02467668268055, 11.578554133850936 ], [ 76.024198085168592, 11.578085633334897 ], [ 76.024289943273104, 11.576860127506952 ], [ 76.024763500705618, 11.575967903905681 ], [ 76.024949259499152, 11.575352374538221 ], [ 76.024948058727972, 11.575026892173749 ], [ 76.024662307033779, 11.574602892076358 ], [ 76.024133146314043, 11.574414983870801 ], [ 76.023513471171242, 11.574511963155379 ], [ 76.022801573439409, 11.575409624877969 ], [ 76.022140081750337, 11.576066572066683 ], [ 76.021902260052343, 11.575883040717452 ], [ 76.021753651672455, 11.575363684713256 ], [ 76.021324450427301, 11.574569482621756 ], [ 76.020845187767392, 11.573911190461029 ], [ 76.020700993340938, 11.573346521995587 ], [ 76.020938613109635, 11.573110632511105 ], [ 76.021364208448361, 11.573014315314007 ], [ 76.0219356526258, 11.573061855902029 ], [ 76.02260585264969, 11.573294537619269 ], [ 76.023129381513314, 11.573527817574881 ], [ 76.023653744000114, 11.573616404302385 ], [ 76.024227682928299, 11.573614365425719 ], [ 76.024942458260909, 11.573471710713566 ], [ 76.025799410672036, 11.573373754225253 ], [ 76.026512636719517, 11.573371206921127 ], [ 76.026801583135693, 11.573465093155624 ], [ 76.027229832719442, 11.573983473116774 ], [ 76.027998628264285, 11.574826125620209 ], [ 76.028428242291724, 11.57489467585315 ], [ 76.028904329030837, 11.574917926515916 ], [ 76.02938301999788, 11.574796361581129 ], [ 76.029526298292396, 11.574490763291822 ], [ 76.029571162294275, 11.574210284842962 ], [ 76.029699887446995, 11.573687648444425 ], [ 76.029723777962118, 11.57332365108349 ], [ 76.029955903733779, 11.572857168756794 ], [ 76.030349103909089, 11.572548326487418 ], [ 76.030618981461274, 11.57238913484081 ], [ 76.030991753475092, 11.572139225626945 ], [ 76.031208291664896, 11.571808436074573 ], [ 76.031555195566682, 11.571382192420344 ], [ 76.031659386580287, 11.571102086310427 ], [ 76.031176658859096, 11.570669224193436 ], [ 76.030441089208608, 11.570129344224853 ], [ 76.030160322453412, 11.56984099771943 ], [ 76.029871266107818, 11.569778784000578 ], [ 76.029522521680633, 11.569687328627644 ], [ 76.029562699715314, 11.569382025682113 ], [ 76.029871323589319, 11.569159410669725 ], [ 76.030179422740389, 11.568780822535103 ], [ 76.03016657476806, 11.568403370040812 ], [ 76.029961469173998, 11.568110270647368 ], [ 76.029557351879902, 11.567921811032976 ], [ 76.029414135757122, 11.567619435983758 ], [ 76.029385217674218, 11.567239731681658 ], [ 76.029142500713732, 11.566065195379071 ], [ 76.029168850485718, 11.565735081064098 ], [ 76.029048496156491, 11.565432622225678 ], [ 76.028593134599177, 11.565031875369195 ], [ 76.028376592204182, 11.564729717415164 ], [ 76.02829235784769, 11.564257613472085 ], [ 76.027993141158248, 11.563930889738964 ], [ 76.027083520939357, 11.563414293280543 ], [ 76.026402918426058, 11.562851547098482 ], [ 76.026362675475696, 11.561866148820034 ], [ 76.026410246223534, 11.561088417465644 ], [ 76.026442760787432, 11.560563853454578 ], [ 76.026764658545716, 11.56020103930093 ], [ 76.027071390865373, 11.560082458584443 ], [ 76.027368570369276, 11.559859857680738 ], [ 76.027596599026211, 11.559542570233635 ], [ 76.027544742253568, 11.559140424014428 ], [ 76.026053610205281, 11.557754524830653 ], [ 76.025488611024826, 11.557266969348285 ], [ 76.024890343495386, 11.55663165334645 ], [ 76.024385355519641, 11.555177704093197 ], [ 76.024353759354909, 11.55279987698796 ], [ 76.024655324271862, 11.551248136712836 ], [ 76.02460740755761, 11.550683224223315 ], [ 76.024101087848592, 11.550119886385138 ], [ 76.023650661134042, 11.549814022657555 ], [ 76.023145289325427, 11.549508430962687 ], [ 76.022882888207207, 11.54920644693569 ], [ 76.02271422864743, 11.54884081514793 ], [ 76.022357166201814, 11.548353838136908 ], [ 76.021612802542094, 11.547877300523375 ], [ 76.020770679501865, 11.548273555038771 ], [ 76.020274379792852, 11.547945265073853 ], [ 76.019796709792587, 11.547684697660422 ], [ 76.019296606439866, 11.54756899003044 ], [ 76.018960808377187, 11.5472672105063 ], [ 76.018483823940642, 11.547196587367843 ], [ 76.017909934146857, 11.546963526246719 ], [ 76.017550851279154, 11.546539761587963 ], [ 76.017315250111722, 11.546043356041134 ], [ 76.015107990320445, 11.544156783013747 ], [ 76.014991891476143, 11.543745832729504 ], [ 76.014597273220559, 11.542381889474553 ], [ 76.0139669716513, 11.540480799536383 ], [ 76.013304602333989, 11.539841157932187 ], [ 76.011954307967756, 11.539140575513372 ], [ 76.011481835616564, 11.5390698740755 ], [ 76.010441412503937, 11.539105183590491 ], [ 76.009871859788191, 11.538808760126146 ], [ 76.009450177569903, 11.53882835046646 ], [ 76.008628342184636, 11.538465022871188 ], [ 76.007870470258709, 11.538051644711699 ], [ 76.007535139605338, 11.537871998565073 ], [ 76.006739540434168, 11.537155955024117 ], [ 76.006378900788292, 11.536289184591212 ], [ 76.006061993004565, 11.536136551015618 ], [ 76.004421918143564, 11.535134129484913 ], [ 76.003755376656898, 11.534616472296879 ], [ 76.003492912455343, 11.534287334281217 ], [ 76.002817154947948, 11.533778882544993 ], [ 76.001902402185578, 11.5330631815039 ], [ 76.000609500920845, 11.532362356056606 ], [ 76.000567557914366, 11.531512572273241 ], [ 76.000628899810323, 11.530815477912787 ], [ 75.999762171638693, 11.530624695077522 ], [ 75.998807153017481, 11.53150510214599 ], [ 75.997621336429916, 11.531925099942864 ], [ 75.997337265536373, 11.531953196630644 ], [ 75.997020975416845, 11.531954247128219 ], [ 75.996690792844021, 11.531704621873109 ], [ 75.996251567811953, 11.532178514393797 ], [ 75.994623430450687, 11.53324203244614 ], [ 75.992820811977637, 11.53424727883905 ], [ 75.990624507015497, 11.535425704563679 ], [ 75.987645262856219, 11.536882551264471 ], [ 75.984939093841533, 11.537782378730274 ], [ 75.98347815763438, 11.538176150826889 ], [ 75.981394634799457, 11.538847696637966 ], [ 75.980064976681348, 11.540083897076768 ], [ 75.977870900140985, 11.541960996243343 ], [ 75.977546301859746, 11.54221975890718 ], [ 75.977125885118568, 11.542605447131162 ], [ 75.976545111185132, 11.543023308351353 ], [ 75.975864619846291, 11.543762512059981 ], [ 75.974992119295251, 11.544660634711324 ], [ 75.97415635735716, 11.545590259818878 ], [ 75.972826270628417, 11.54540484678499 ], [ 75.972282832453431, 11.547337078469294 ], [ 75.972183014951227, 11.54765842291193 ], [ 75.971929146314977, 11.548491048459944 ], [ 75.97076245206847, 11.549164068657452 ], [ 75.968403594641259, 11.5511250614499 ], [ 75.966754322147267, 11.552794248507753 ], [ 75.966078393713744, 11.553533381965591 ], [ 75.965562511426668, 11.554172554130579 ], [ 75.965238872908401, 11.55472069837502 ], [ 75.964627143804535, 11.555486796441551 ], [ 75.964074725654442, 11.556162167283345 ], [ 75.96372359498811, 11.556705930590496 ], [ 75.963169808968757, 11.556997054854271 ], [ 75.962785624877938, 11.557256053953703 ], [ 75.962007969991134, 11.557769504504428 ], [ 75.960616246529227, 11.558348305989062 ], [ 75.959193158018508, 11.559153200014912 ], [ 75.957508410385302, 11.559864039988925 ], [ 75.958196032185796, 11.561172802120181 ], [ 75.958265965968934, 11.562863405041721 ], [ 75.958267567315929, 11.56334259392032 ], [ 75.958269166873222, 11.563821782668779 ], [ 75.958170258748282, 11.564396351279585 ], [ 75.958076488958184, 11.565133557755299 ], [ 75.957758059893166, 11.565871531888634 ], [ 75.957764025546453, 11.567630129654207 ], [ 75.957407843341798, 11.568047232459465 ], [ 75.956822422220412, 11.568465104173308 ], [ 75.95647089869729, 11.568913833776847 ], [ 75.956762077453718, 11.569586501010519 ], [ 75.957218158926821, 11.57025406549902 ], [ 75.956964093904233, 11.571023555629138 ], [ 75.956869883959754, 11.571634192243858 ], [ 75.956641589501885, 11.571919734942234 ], [ 75.956270202916983, 11.572594584172979 ], [ 75.956806908118111, 11.573329707305957 ], [ 75.957295373408243, 11.57406051617361 ], [ 75.957365294697738, 11.574412871552193 ], [ 75.957073553937406, 11.574893111430617 ], [ 75.95665354660413, 11.5754415278167 ], [ 75.956105535381852, 11.576080803624139 ], [ 75.955556148821216, 11.576308665518049 ], [ 75.954937859439156, 11.576500590453717 ], [ 75.954499435701123, 11.577030992848508 ], [ 75.954175659747733, 11.577542914992355 ], [ 75.953852442383649, 11.578217581307172 ], [ 75.953432711885355, 11.578824782597188 ], [ 75.953145169582584, 11.579209983225663 ], [ 75.952655981149604, 11.579627517038396 ], [ 75.952139773325698, 11.580203408323225 ], [ 75.951367431680737, 11.580942883178098 ], [ 75.950589353987908, 11.581361333736769 ], [ 75.949938348799904, 11.581363435380515 ], [ 75.949290593738056, 11.580981297053109 ], [ 75.948579707535544, 11.580920390337257 ], [ 75.947863521644038, 11.580665046771559 ], [ 75.946987333866986, 11.58050965037858 ], [ 75.946339837232301, 11.580222438466471 ], [ 75.946015602475526, 11.580607759059738 ], [ 75.945187743207455, 11.581336951518031 ], [ 75.945638643360141, 11.581680369029804 ], [ 75.946075310825421, 11.58200442471481 ], [ 75.946406540872175, 11.582328918071775 ], [ 75.94701324554751, 11.582760936381208 ], [ 75.947454799831362, 11.583193498724007 ], [ 75.947896450160357, 11.583626059411319 ], [ 75.948336988628881, 11.583733126367569 ], [ 75.949267902171414, 11.583784314103049 ], [ 75.949490506672475, 11.584538561897471 ], [ 75.949821035586083, 11.58464602056061 ], [ 75.95015060699123, 11.584482171884359 ], [ 75.950914120031015, 11.583833138746719 ], [ 75.951574530068001, 11.583885210885168 ], [ 75.952651306790216, 11.585043573153095 ], [ 75.952708760922505, 11.585748600966014 ], [ 75.952767038633439, 11.586720429058435 ], [ 75.952770561766485, 11.587751204444372 ], [ 75.95271791037969, 11.588456638580675 ], [ 75.95271943490711, 11.588890701068751 ], [ 75.95272102713794, 11.589378951524514 ], [ 75.952558045962249, 11.589976228890581 ], [ 75.952174846414181, 11.590574212858716 ], [ 75.953168348524812, 11.59148869847753 ], [ 75.953554983905491, 11.591921501634316 ], [ 75.954050360202189, 11.591974118341534 ], [ 75.954429864827233, 11.591647311352569 ], [ 75.954814409532204, 11.591483290299937 ], [ 75.95508990557876, 11.591590893602024 ], [ 75.955586566813281, 11.592023288379007 ], [ 75.95619422711242, 11.592726506219735 ], [ 75.956471741040417, 11.593430838592617 ], [ 75.956524552895189, 11.594135935183109 ], [ 75.956475609386246, 11.594570109516139 ], [ 75.956527291482033, 11.59494970216023 ], [ 75.956913014614415, 11.595106674252353 ], [ 75.95729813370707, 11.595105401048134 ], [ 75.957792438600052, 11.594837004433465 ], [ 75.95845274314064, 11.594834855912719 ], [ 75.958509930755909, 11.595481116560316 ], [ 75.958898777723277, 11.596564925167105 ], [ 75.959501899013304, 11.597268190342829 ], [ 75.959723288940651, 11.597647173306704 ], [ 75.960606051738395, 11.598349508528708 ], [ 75.961650215048763, 11.599318046972904 ], [ 75.962477859982414, 11.599993386516472 ], [ 75.963746978119943, 11.601019933798478 ], [ 75.965066621154591, 11.602096045981227 ], [ 75.96633037206972, 11.602905583720011 ], [ 75.967762638683453, 11.603389064884995 ], [ 75.969464715131707, 11.603654646500965 ], [ 75.971166799840361, 11.603920116181227 ], [ 75.973662126879162, 11.60418303804029 ], [ 75.974814415584149, 11.604558840336765 ], [ 75.975271958519443, 11.604806040629629 ], [ 75.976002779825109, 11.60479445191373 ], [ 75.977220341909259, 11.604180018430725 ] ] ] ] } },
{ "type": "Feature", "properties": { "village_code": "627332", "village": "Thariyode", "village_name": "Thariyode", "district": "Wayanad", "subdistrict_code": 5637, "households_2011": 385.0, "population_2011": 1653, "male_population_2011": 797.0, "female_population_2011": 856.0 }, "geometry": { "type": "MultiPolygon", "coordinates": [ [ [ [ 75.96475525985322, 11.663468599476584 ], [ 75.966417273076033, 11.661991450719281 ], [ 75.966527534192295, 11.660604692585006 ], [ 75.964867175307361, 11.660497097355009 ], [ 75.963050276844854, 11.660476152199644 ], [ 75.961624015981229, 11.658674721536638 ], [ 75.960232757011894, 11.658847955607211 ], [ 75.958554134700861, 11.657251918507336 ], [ 75.957007043466163, 11.656215826602972 ], [ 75.957278743312017, 11.653859563580532 ], [ 75.958144744612696, 11.650967790020109 ], [ 75.958143248866207, 11.65053832203963 ], [ 75.958087018580997, 11.650163218728716 ], [ 75.958058046132692, 11.649747402103658 ], [ 75.958079094978928, 11.649200261399894 ], [ 75.958045619082569, 11.648807136991618 ], [ 75.958236235940376, 11.648214203003125 ], [ 75.958687589815767, 11.647435129905347 ], [ 75.95939182247885, 11.646840487353828 ], [ 75.959634297144845, 11.646681509030557 ], [ 75.959862382691114, 11.646319048544894 ], [ 75.960406326600179, 11.645806353193398 ], [ 75.96112096009962, 11.645564409567688 ], [ 75.962087923122624, 11.645362235744308 ], [ 75.962715675480936, 11.645220000458909 ], [ 75.963617959392977, 11.644882439326134 ], [ 75.964062013605982, 11.64464582645323 ], [ 75.96454750198491, 11.644472423687876 ], [ 75.964964481561395, 11.644348932572292 ], [ 75.965417982567061, 11.644202756490063 ], [ 75.965825818260797, 11.64412003607182 ], [ 75.966237891966301, 11.643919757331842 ], [ 75.966773222292773, 11.643560727498548 ], [ 75.967358729449245, 11.643133861176894 ], [ 75.967719707696716, 11.642761885561004 ], [ 75.967890626012618, 11.642447129134696 ], [ 75.967891156288289, 11.641929451202897 ], [ 75.968150010166653, 11.641196243486602 ], [ 75.968914410402647, 11.640773248327253 ], [ 75.969619397522052, 11.640427294431269 ], [ 75.970196597071222, 11.640235451214235 ], [ 75.970759744007353, 11.639966830220194 ], [ 75.97119016059014, 11.639779951792717 ], [ 75.971639010908319, 11.639629301325582 ], [ 75.97238576733713, 11.639400745084579 ], [ 75.972646823751887, 11.639300345678368 ], [ 75.973040447625195, 11.639073019721552 ], [ 75.97349768985832, 11.638705282363903 ], [ 75.973881579147758, 11.638315186654872 ], [ 75.974441566588467, 11.63780466705073 ], [ 75.974837127142649, 11.637475539822347 ], [ 75.97515716637335, 11.637198706301813 ], [ 75.975468200419797, 11.636958047357172 ], [ 75.975930735315771, 11.636789195308186 ], [ 75.976338611109867, 11.636719973892125 ], [ 75.976604422573175, 11.636660324807448 ], [ 75.976772993399138, 11.636338780567419 ], [ 75.977179336188954, 11.635826587337018 ], [ 75.977779609258633, 11.635702452062523 ], [ 75.978825734557091, 11.635852634136716 ], [ 75.979449705168761, 11.635927314584848 ], [ 75.979940116594165, 11.635844309927718 ], [ 75.980384370407847, 11.635693594682838 ], [ 75.980842195195891, 11.635465982895461 ], [ 75.981363728950669, 11.635107066859517 ], [ 75.981725089382991, 11.634852662238272 ], [ 75.982329226376564, 11.634525100750059 ], [ 75.983048987442373, 11.634450293874883 ], [ 75.983505048395287, 11.634387682494266 ], [ 75.984084411097783, 11.634173260621832 ], [ 75.984267023758392, 11.633944306306915 ], [ 75.984348611903116, 11.633681855641139 ], [ 75.984443168849054, 11.633179731504285 ], [ 75.984418135702072, 11.632564962515962 ], [ 75.984603132224876, 11.631718854778272 ], [ 75.984780421195964, 11.631275236680525 ], [ 75.985172972653146, 11.630744971252591 ], [ 75.985571283123321, 11.630562745405207 ], [ 75.986120700801663, 11.630307756731764 ], [ 75.986718370675092, 11.630744195332312 ], [ 75.987091811294633, 11.631004003652624 ], [ 75.987457305057518, 11.630940553147083 ], [ 75.98772093074011, 11.630270548059853 ], [ 75.988060229092781, 11.628958359918077 ], [ 75.988206051839768, 11.628682113594015 ], [ 75.987864968008353, 11.628204016836266 ], [ 75.988090966302167, 11.627267458328674 ], [ 75.988732249411228, 11.62707085778989 ], [ 75.989030291059407, 11.627047214721605 ], [ 75.98925314114075, 11.626526518857343 ], [ 75.989598872496018, 11.62574778381439 ], [ 75.99031986192864, 11.624741626495606 ], [ 75.991015695879824, 11.624391186019791 ], [ 75.990926697226428, 11.623871573585953 ], [ 75.991185557591322, 11.623151809879083 ], [ 75.991981723747415, 11.622857403165055 ], [ 75.993577193908223, 11.623857902076573 ], [ 75.994263640510184, 11.624755205854417 ], [ 75.994833789070185, 11.62520083981822 ], [ 75.995688563944981, 11.625704220961634 ], [ 75.997061195739377, 11.626151592374184 ], [ 75.997915355417405, 11.626483171783759 ], [ 75.997688300126498, 11.627103307494677 ], [ 75.996667868478696, 11.62772619708471 ], [ 75.99632750794521, 11.628735489714025 ], [ 75.996329776780229, 11.629354838731087 ], [ 75.997129687850006, 11.629912676645112 ], [ 75.997927784435575, 11.629968661428844 ], [ 75.999014223418598, 11.629871134240021 ], [ 75.999317363005645, 11.629892873534343 ], [ 76.000318701387542, 11.630466702500897 ], [ 76.001348548284142, 11.631191004973177 ], [ 76.002373160713574, 11.631748069322429 ], [ 76.003343746969179, 11.63194356533187 ], [ 76.00436686924138, 11.631460818662696 ], [ 76.004924110264412, 11.630821399395904 ], [ 76.005330697030246, 11.630395081446469 ], [ 76.006807602626509, 11.629209955006182 ], [ 76.007941620943299, 11.628306310263703 ], [ 76.008637529596186, 11.627888931387913 ], [ 76.008484040048572, 11.627379869660578 ], [ 76.00838814644986, 11.626851281335572 ], [ 76.008492408995792, 11.626525392070912 ], [ 76.008881233937458, 11.626259567308868 ], [ 76.009253496977095, 11.626195029171088 ], [ 76.009681048912043, 11.626319989390147 ], [ 76.010062207754373, 11.626300615676227 ], [ 76.010321709904716, 11.626094004119366 ], [ 76.010277861572106, 11.625707602308504 ], [ 76.010069390712459, 11.625116137902937 ], [ 76.009836990159087, 11.624262516982883 ], [ 76.009735049334253, 11.623955445535458 ], [ 76.009609724208858, 11.623526353549513 ], [ 76.009647637128552, 11.623241444686505 ], [ 76.009708196086208, 11.622875025551462 ], [ 76.009729793502288, 11.622486194348317 ], [ 76.009952968722047, 11.622078558729781 ], [ 76.010116431388155, 11.621625883152451 ], [ 76.010425415542926, 11.620829138432855 ], [ 76.010652939081169, 11.620340022629108 ], [ 76.010696381986605, 11.61999855769136 ], [ 76.010464178025899, 11.619715338683452 ], [ 76.010132078150477, 11.619607214650625 ], [ 76.009754547770811, 11.619410020341579 ], [ 76.009522624710357, 11.619100862971001 ], [ 76.0094711696796, 11.618816212752007 ], [ 76.009529803991569, 11.618546991094954 ], [ 76.009757534652195, 11.618119020442775 ], [ 76.010074220696211, 11.617583067380579 ], [ 76.009636652940316, 11.617662831441603 ], [ 76.009091096029294, 11.617700883446078 ], [ 76.008738284426812, 11.617778944845462 ], [ 76.008661799394375, 11.618168037662636 ], [ 76.008621591501651, 11.61847555094891 ], [ 76.008190581741502, 11.618477128536638 ], [ 76.007484435229046, 11.618479547448446 ], [ 76.007523831423356, 11.617977645696575 ], [ 76.007133058953741, 11.617861538861296 ], [ 76.006661617938818, 11.617939937996475 ], [ 76.005919362372325, 11.618100789361616 ], [ 76.004979093584979, 11.618103962461866 ], [ 76.004194416790426, 11.617989268683045 ], [ 76.003452475831125, 11.618145518609442 ], [ 76.002824223635471, 11.618188274752105 ], [ 76.002117342646059, 11.617919545856484 ], [ 76.001373910786668, 11.617768454755254 ], [ 75.999959938366047, 11.617307718147774 ], [ 75.999096787824271, 11.616983615016551 ], [ 75.995783366769501, 11.616246166949091 ], [ 75.994791891012255, 11.615978360401627 ], [ 75.993695833245994, 11.615927890390219 ], [ 75.992429665960657, 11.6157694910268 ], [ 75.991222357241412, 11.615393898946472 ], [ 75.990451234432754, 11.615179491413141 ], [ 75.989023775202199, 11.61480464571361 ], [ 75.98770127335068, 11.614266651215642 ], [ 75.9866586173939, 11.61378654659776 ], [ 75.985060665281878, 11.613140977878349 ], [ 75.982365245265811, 11.612065113036641 ], [ 75.980660253927667, 11.610985866079581 ], [ 75.979343227638921, 11.610719168313583 ], [ 75.97807619756837, 11.610289403194415 ], [ 75.9779093844367, 11.609806206559238 ], [ 75.977687804960212, 11.609372953690125 ], [ 75.977631317558675, 11.608939207082464 ], [ 75.977628455967519, 11.608125399904537 ], [ 75.977239093178966, 11.606933211911793 ], [ 75.976911308626256, 11.606283286309752 ], [ 75.976359394825792, 11.605796917485256 ], [ 75.97580668992812, 11.605098007126534 ], [ 75.975271958519443, 11.604806040629629 ], [ 75.974814415584149, 11.604558840336765 ], [ 75.973662126879162, 11.60418303804029 ], [ 75.971166799840361, 11.603920116181227 ], [ 75.969464715131707, 11.603654646500965 ], [ 75.967762638683453, 11.603389064884995 ], [ 75.96633037206972, 11.602905583720011 ], [ 75.965066621154591, 11.602096045981227 ], [ 75.963746978119943, 11.601019933798478 ], [ 75.962477859982414, 11.599993386516472 ], [ 75.961650215048763, 11.599318046972904 ], [ 75.960606051738395, 11.598349508528708 ], [ 75.959723288940651, 11.597647173306704 ], [ 75.959501899013304, 11.597268190342829 ], [ 75.958898777723277, 11.596564925167105 ], [ 75.958509930755909, 11.595481116560316 ], [ 75.95845274314064, 11.594834855912719 ], [ 75.957792438600052, 11.594837004433465 ], [ 75.95729813370707, 11.595105401048134 ], [ 75.956913014614415, 11.595106674252353 ], [ 75.956527291482033, 11.59494970216023 ], [ 75.956475609386246, 11.594570109516139 ], [ 75.956524552895189, 11.594135935183109 ], [ 75.956471741040417, 11.593430838592617 ], [ 75.95619422711242, 11.592726506219735 ], [ 75.955586566813281, 11.592023288379007 ], [ 75.95508990557876, 11.591590893602024 ], [ 75.954814409532204, 11.591483290299937 ], [ 75.954429864827233, 11.591647311352569 ], [ 75.954050360202189, 11.591974118341534 ], [ 75.953554983905491, 11.591921501634316 ], [ 75.953168348524812, 11.59148869847753 ], [ 75.952174846414181, 11.590574212858716 ], [ 75.952558045962249, 11.589976228890581 ], [ 75.95272102713794, 11.589378951524514 ], [ 75.95271943490711, 11.588890701068751 ], [ 75.95271791037969, 11.588456638580675 ], [ 75.952770561766485, 11.587751204444372 ], [ 75.952767038633439, 11.586720429058435 ], [ 75.952708760922505, 11.585748600966014 ], [ 75.952651306790216, 11.585043573153095 ], [ 75.951574530068001, 11.583885210885168 ], [ 75.950914120031015, 11.583833138746719 ], [ 75.95015060699123, 11.584482171884359 ], [ 75.949821035586083, 11.58464602056061 ], [ 75.949490506672475, 11.584538561897471 ], [ 75.949267902171414, 11.583784314103049 ], [ 75.948336988628881, 11.583733126367569 ], [ 75.947896450160357, 11.583626059411319 ], [ 75.947454799831362, 11.583193498724007 ], [ 75.94701324554751, 11.582760936381208 ], [ 75.946406540872175, 11.582328918071775 ], [ 75.946075310825421, 11.58200442471481 ], [ 75.945638643360141, 11.581680369029804 ], [ 75.945187743207455, 11.581336951518031 ], [ 75.944893153812401, 11.581554047097057 ], [ 75.944331366780801, 11.581508395268729 ], [ 75.943652580390363, 11.581447292469175 ], [ 75.943136552370547, 11.58205931349565 ], [ 75.942390014229574, 11.582317237187137 ], [ 75.942098637859857, 11.582926258302367 ], [ 75.941710109615883, 11.583280085067926 ], [ 75.941031808786249, 11.583377300936162 ], [ 75.939217034271493, 11.583636321683198 ], [ 75.938625695188108, 11.585062379331603 ], [ 75.938270952260197, 11.585926996793583 ], [ 75.938113118181022, 11.586727703210638 ], [ 75.937821528902191, 11.587271175947324 ], [ 75.93749799829267, 11.587878025553893 ], [ 75.937079172545126, 11.588779054458531 ], [ 75.936373340111686, 11.59025073781673 ], [ 75.936111811092047, 11.590188214017676 ], [ 75.935364290717473, 11.59015901786093 ], [ 75.934684764014946, 11.589871916223499 ], [ 75.934037959512224, 11.589779039056808 ], [ 75.93358457307356, 11.589938700192221 ], [ 75.933195421737025, 11.590134357470701 ], [ 75.932710101172958, 11.590325834351313 ], [ 75.932156125041928, 11.590585319278754 ], [ 75.931315934341697, 11.590267027895548 ], [ 75.930440106242258, 11.590238208859615 ], [ 75.929723828280515, 11.589951117374557 ], [ 75.92891179699302, 11.589795540617484 ], [ 75.928004277640909, 11.589893377709195 ], [ 75.927584526403308, 11.590536687217304 ], [ 75.92742545502395, 11.590953195585895 ], [ 75.927036660066307, 11.591239184967971 ], [ 75.926584190797186, 11.591688263260234 ], [ 75.926099618524631, 11.592137414522298 ], [ 75.92561509368268, 11.592591075142503 ], [ 75.925291744319978, 11.593261205470796 ], [ 75.925230375657804, 11.594124899567438 ], [ 75.924729382097127, 11.593755740207076 ], [ 75.924209146144776, 11.593119973192378 ], [ 75.923595928583111, 11.593474567198877 ], [ 75.922914087452199, 11.593892658131212 ], [ 75.922396548495911, 11.594084176537017 ], [ 75.922039357251975, 11.59421192862691 ], [ 75.921228629012063, 11.594472251334896 ], [ 75.920389924246379, 11.594601487699263 ], [ 75.919578427180014, 11.594635658561803 ], [ 75.917503173489052, 11.59520511239311 ], [ 75.917151817165745, 11.595732926419796 ], [ 75.916731962044224, 11.59634015058943 ], [ 75.916280690039216, 11.59714176784432 ], [ 75.915925385080612, 11.597879770385772 ], [ 75.915244422925113, 11.598555630170004 ], [ 75.914728005242239, 11.599099778249231 ], [ 75.914146840619296, 11.599454177138282 ], [ 75.913757523524794, 11.599582072054194 ], [ 75.913207534668913, 11.599678685878684 ], [ 75.911781746998756, 11.599746544231303 ], [ 75.910644912348033, 11.599849526677948 ], [ 75.908993897739151, 11.599755291885581 ], [ 75.908172932933667, 11.601127765784359 ], [ 75.907817281410871, 11.601739160966746 ], [ 75.907659221903458, 11.60250372206634 ], [ 75.907175773000603, 11.603305491459178 ], [ 75.906948906867129, 11.60404311178311 ], [ 75.906918629815294, 11.604617397810516 ], [ 75.906792095685333, 11.605196410850324 ], [ 75.90637377302221, 11.606282804083415 ], [ 75.906343616051331, 11.606893254645422 ], [ 75.906313429935722, 11.607467458015158 ], [ 75.906214877453024, 11.608204705749554 ], [ 75.906024839963422, 11.608973866892294 ], [ 75.905834347995949, 11.60964356806808 ], [ 75.905639185178799, 11.61025452605886 ], [ 75.90554536380391, 11.611023384901939 ], [ 75.905189313204303, 11.611535421766833 ], [ 75.903962157894412, 11.61208633037436 ], [ 75.903963446422594, 11.612470563318064 ], [ 75.904061766550228, 11.613112168604166 ], [ 75.903834680155555, 11.613782039270776 ], [ 75.903380867793231, 11.61384675463804 ], [ 75.902767049641, 11.614043121089031 ], [ 75.902084399426457, 11.614235076397424 ], [ 75.901439824010254, 11.614847488751952 ], [ 75.901020008257774, 11.615486271227796 ], [ 75.901054275050413, 11.616159681279081 ], [ 75.901088849732758, 11.616928177465599 ], [ 75.901090727060534, 11.617533978569249 ], [ 75.901124726493705, 11.618108061902896 ], [ 75.900933514762301, 11.618556255757051 ], [ 75.90067329609289, 11.618909734574201 ], [ 75.900028033481817, 11.619327638901165 ], [ 75.899346747758912, 11.619940081559781 ], [ 75.898472926784351, 11.620580268602275 ], [ 75.89844172172765, 11.620847172642865 ], [ 75.898053135964446, 11.621232675165533 ], [ 75.897730716191958, 11.622223756368037 ], [ 75.897750137431956, 11.622508264660746 ], [ 75.897802917786393, 11.623281402207242 ], [ 75.897544945114944, 11.624335609067222 ], [ 75.897547040402642, 11.625004704071218 ], [ 75.897810083690104, 11.625519312593065 ], [ 75.89813265095917, 11.625997549761564 ], [ 75.898331434111597, 11.626507760605277 ], [ 75.899045440134373, 11.627495697324504 ], [ 75.899471441451169, 11.628773719510562 ], [ 75.899282839381513, 11.630022173325633 ], [ 75.899413802016852, 11.630821927951287 ], [ 75.899448399251611, 11.631617517921786 ], [ 75.899482520154763, 11.632227701919915 ], [ 75.899516805124378, 11.632928425707394 ], [ 75.899519199583622, 11.633665297813465 ], [ 75.899585947711444, 11.634465337857774 ], [ 75.899589027146831, 11.635423832788222 ], [ 75.899559615672544, 11.636255743026998 ], [ 75.898785844778573, 11.636642479214879 ], [ 75.898527005532145, 11.637443462590085 ], [ 75.898305034337668, 11.638303126436689 ], [ 75.89791790599584, 11.639136228293943 ], [ 75.896821595109373, 11.641915499201557 ], [ 75.897212987067093, 11.642393508056109 ], [ 75.897833494365528, 11.642839207077584 ], [ 75.898091574078535, 11.643222648529807 ], [ 75.898888274069634, 11.643536636113298 ], [ 75.899163223168003, 11.644177803248764 ], [ 75.899523282444264, 11.644909096293478 ], [ 75.899818628939769, 11.645486855101341 ], [ 75.900077478093593, 11.646123447062596 ], [ 75.900566575269906, 11.647048717394014 ], [ 75.90111983054085, 11.647942193281189 ], [ 75.901837454757711, 11.648613588123148 ], [ 75.902584348906103, 11.649858989933163 ], [ 75.903174458830719, 11.650815556231821 ], [ 75.903177257911551, 11.651679106211233 ], [ 75.903275719586716, 11.65234785849054 ], [ 75.903213835045705, 11.653053402718955 ], [ 75.903081983358604, 11.653419989795404 ], [ 75.902923986471649, 11.654189019234181 ], [ 75.90276629494322, 11.65505301902369 ], [ 75.902508452691521, 11.656170504841523 ], [ 75.902899506485909, 11.656553558003571 ], [ 75.9037464838284, 11.657509401191962 ], [ 75.904105212952402, 11.657932177459765 ], [ 75.904699225565068, 11.65713107780627 ], [ 75.905362496489829, 11.656613600059663 ], [ 75.905769718895158, 11.656318473469533 ], [ 75.906327999835682, 11.655914315347085 ], [ 75.906772031893112, 11.65565523084617 ], [ 75.907069631901919, 11.655509635100032 ], [ 75.907440857099346, 11.655436129277449 ], [ 75.907812001700151, 11.655321856495169 ], [ 75.908183104362038, 11.655212182553985 ], [ 75.908590738362975, 11.655030058588244 ], [ 75.908888374609731, 11.654879952458023 ], [ 75.909181147474911, 11.654662071427611 ], [ 75.909422967637042, 11.654274727253952 ], [ 75.90960598214015, 11.653989619229941 ], [ 75.909719376084766, 11.65375160362445 ], [ 75.909993985696147, 11.653588031501418 ], [ 75.91047963264279, 11.653428243406259 ], [ 75.911456608695445, 11.653474865181035 ], [ 75.912163085221792, 11.653526907490134 ], [ 75.912979074314563, 11.653420296438494 ], [ 75.913739181088545, 11.653042627856536 ], [ 75.914548475800743, 11.652289596800218 ], [ 75.914978350310477, 11.650520497234778 ], [ 75.914974831277817, 11.649449082133655 ], [ 75.915133803975465, 11.648964773804099 ], [ 75.915845844594756, 11.647929503835075 ], [ 75.916009355737032, 11.647438469978056 ], [ 75.916713933618283, 11.646916279035867 ], [ 75.91772470008766, 11.646085770653242 ], [ 75.918734259990856, 11.644866379390049 ], [ 75.91930431210811, 11.643906141373451 ], [ 75.920095685889464, 11.64329326715132 ], [ 75.92167949264406, 11.642379456724095 ], [ 75.922730961510396, 11.641372443364974 ], [ 75.923963151233423, 11.639546564428386 ], [ 75.924924291847333, 11.637585906375126 ], [ 75.925315788091766, 11.636716613057223 ], [ 75.926549845281031, 11.635451311907619 ], [ 75.928526888662702, 11.634224312996817 ], [ 75.930111857844011, 11.633699208768785 ], [ 75.931433348337194, 11.633911949873559 ], [ 75.932273511248255, 11.634212159031671 ], [ 75.932682188739136, 11.634369058108483 ], [ 75.932495162593412, 11.634677085850933 ], [ 75.932496825580927, 11.635169928004725 ], [ 75.932654310562512, 11.635639521002384 ], [ 75.932798127762851, 11.636122886242052 ], [ 75.932937564343234, 11.636696569840581 ], [ 75.932998098750417, 11.636972149525437 ], [ 75.933155708895256, 11.637468893224938 ], [ 75.933286138217184, 11.638087861166214 ], [ 75.933572469604357, 11.638674654965742 ], [ 75.933752621033051, 11.639076455728645 ], [ 75.933795060583847, 11.639410856650588 ], [ 75.933751127614386, 11.639989699482786 ], [ 75.933877198758211, 11.640676450222326 ], [ 75.933983872383038, 11.641019713503747 ], [ 75.934160353288632, 11.641706365208508 ], [ 75.934594575879885, 11.64262263565559 ], [ 75.934996067663093, 11.643385400515541 ], [ 75.935438864711998, 11.644143474335426 ], [ 75.935876629758383, 11.644770472776276 ], [ 75.936350724176791, 11.645275322792608 ], [ 75.936766831838582, 11.645601689717511 ], [ 75.937145625438745, 11.645733836789773 ], [ 75.937558382653222, 11.645737003617054 ], [ 75.937980209765385, 11.645708504022924 ], [ 75.938575570433514, 11.645457960220011 ], [ 75.939152197343603, 11.645103456073015 ], [ 75.939595770903054, 11.644722170165453 ], [ 75.939993786874226, 11.644431569468097 ], [ 75.940361845142633, 11.64433540723839 ], [ 75.940663501087315, 11.644488104937279 ], [ 75.940838485479802, 11.644704628631173 ], [ 75.940972280797965, 11.644943787612934 ], [ 75.941110844254681, 11.645232679452869 ], [ 75.941130077735806, 11.645494827368237 ], [ 75.941067062910406, 11.645838591782967 ], [ 75.940843798903998, 11.646259775997319 ], [ 75.940607094440139, 11.646812056927461 ], [ 75.940563095048631, 11.647350243255842 ], [ 75.940890016590899, 11.647742511042612 ], [ 75.941385580363146, 11.647826743605025 ], [ 75.941862112009744, 11.647707625004472 ], [ 75.942182538009817, 11.647530327910719 ], [ 75.942653842009534, 11.647198692086013 ], [ 75.943111008883037, 11.646997561220411 ], [ 75.942989560133569, 11.647477940615108 ], [ 75.943092078051578, 11.647961315110653 ], [ 75.943478457506373, 11.648294575177992 ], [ 75.943955592544299, 11.648342745358926 ], [ 75.944436550881989, 11.648178474234314 ], [ 75.944910554647095, 11.647989298689261 ], [ 75.945332447610753, 11.647974305311878 ], [ 75.94570684524264, 11.64816978881535 ], [ 75.946116208295877, 11.648511991936367 ], [ 75.946649225036708, 11.648817659026925 ], [ 75.947048443387089, 11.648893188351501 ], [ 75.947576115238732, 11.648968299771548 ], [ 75.948266872627713, 11.649124322889469 ], [ 75.948650789848784, 11.649412410900231 ], [ 75.948938577515023, 11.649528961330802 ], [ 75.948725488152391, 11.649796427681492 ], [ 75.948414378964586, 11.650037041215967 ], [ 75.947906568303637, 11.650400396457153 ], [ 75.947400063058183, 11.651138927768661 ], [ 75.947222810729386, 11.651623297021295 ], [ 75.947261601897623, 11.65224707762639 ], [ 75.947744873608158, 11.65275630892225 ], [ 75.948286407484176, 11.652858506722753 ], [ 75.948845671165799, 11.652788871074176 ], [ 75.949432341129196, 11.652682948039226 ], [ 75.949760346363831, 11.652702209091393 ], [ 75.950153108337972, 11.652897618958885 ], [ 75.950387725603562, 11.653109241988448 ], [ 75.950599580727285, 11.653379827267488 ], [ 75.950729437274575, 11.653786334348659 ], [ 75.951029924211824, 11.654490575277309 ], [ 75.951877961957763, 11.65572200684068 ], [ 75.951984539769896, 11.656051656477718 ], [ 75.951999241684291, 11.656331898318779 ], [ 75.951923056509315, 11.656852058541805 ], [ 75.951824329457338, 11.657498917594967 ], [ 75.952018616731706, 11.657986521141082 ], [ 75.952368573561785, 11.658387725812243 ], [ 75.952636304574298, 11.658888682687108 ], [ 75.953642402124387, 11.659770090653916 ], [ 75.953058580305736, 11.660333968431447 ], [ 75.952519129301521, 11.660846608863713 ], [ 75.952369847523016, 11.661452908190986 ], [ 75.952600170063931, 11.661732408823678 ], [ 75.953091601121514, 11.661947790014352 ], [ 75.953504834345097, 11.66207753653303 ], [ 75.954620338010969, 11.662399318889259 ], [ 75.954974040314113, 11.662556415101296 ], [ 75.955112568381807, 11.662827182794711 ], [ 75.954964592799925, 11.663135111786186 ], [ 75.955335221343461, 11.663549796041266 ], [ 75.955954205360499, 11.663498051683336 ], [ 75.956619233156829, 11.663495764993858 ], [ 75.95723374786607, 11.663493759618712 ], [ 75.957941388653481, 11.662555596758391 ], [ 75.958270968445575, 11.662369133093815 ], [ 75.959454738543798, 11.662505321183874 ], [ 75.960541961597087, 11.66259205682563 ], [ 75.961959958261318, 11.662822407609196 ], [ 75.962814570645961, 11.663285194895865 ], [ 75.963717735675928, 11.664498305967573 ], [ 75.96475525985322, 11.663468599476584 ] ] ] ] } },
{ "type": "Feature", "properties": { "village_code": "627317", "village": "Sulthanbathery", "village_name": "Sulthanbathery", "district": "Wayanad", "subdistrict_code": 5636, "households_2011": 5515.0, "population_2011": 23333, "male_population_2011": 11370.0, "female_population_2011": 11963.0 }, "geometry": { "type": "MultiPolygon", "coordinates": [ [ [ [ 76.224348834100439, 11.686217507961134 ], [ 76.224385030342418, 11.685874513722386 ], [ 76.224542601645112, 11.684381340999604 ], [ 76.224066401803555, 11.682484744696861 ], [ 76.223594879517961, 11.680588192636828 ], [ 76.223253797727267, 11.67914753917618 ], [ 76.223117895546736, 11.678492655203707 ], [ 76.224313503011601, 11.678162073245486 ], [ 76.225973624958726, 11.678154961414354 ], [ 76.229566864981351, 11.678663992094977 ], [ 76.231228759061949, 11.679050147795591 ], [ 76.232826252782218, 11.680417572994171 ], [ 76.233693316573422, 11.68047712493887 ], [ 76.234349113076505, 11.679430073673082 ], [ 76.234341530042357, 11.677725804061247 ], [ 76.234336582027282, 11.676609323417308 ], [ 76.237057590122106, 11.675878822240707 ], [ 76.238912828092396, 11.674365456715446 ], [ 76.242618995943161, 11.671402139897044 ], [ 76.247919139421825, 11.670381578953752 ], [ 76.248985356211293, 11.669955513353177 ], [ 76.250364940551734, 11.669652298662944 ], [ 76.252360015551972, 11.66912883138138 ], [ 76.254974176267567, 11.668388631787252 ], [ 76.256129999723271, 11.66808182562724 ], [ 76.258344875420804, 11.668213767717853 ], [ 76.26043124766791, 11.66843609804023 ], [ 76.262733114403076, 11.669092378154069 ], [ 76.262701232746593, 11.668522884083556 ], [ 76.262857517356579, 11.667600843434119 ], [ 76.262665347703489, 11.666565632403113 ], [ 76.264728622075623, 11.667217352824288 ], [ 76.266324302322758, 11.667678999221211 ], [ 76.267452339379503, 11.667873755543569 ], [ 76.267333594932509, 11.666535851376285 ], [ 76.266857259196826, 11.665125397477015 ], [ 76.266275611117607, 11.663195128594159 ], [ 76.267174306160996, 11.663561542043324 ], [ 76.268710322036256, 11.663923756816498 ], [ 76.270452985180683, 11.663612503349938 ], [ 76.272305882620856, 11.662885413794742 ], [ 76.275108161281111, 11.661842275317223 ], [ 76.278231444428499, 11.660640982649273 ], [ 76.279446848428705, 11.659963399560771 ], [ 76.279873571484941, 11.659285572941664 ], [ 76.280240756291576, 11.658241531368763 ], [ 76.281194876960555, 11.65719770534716 ], [ 76.282625853841964, 11.656520212016614 ], [ 76.283469702154562, 11.6562627985706 ], [ 76.285161743355602, 11.656313004761936 ], [ 76.286276138993188, 11.655793617194025 ], [ 76.286794735004761, 11.654668294233394 ], [ 76.285336645241173, 11.654306237756503 ], [ 76.283346515075763, 11.654364334395371 ], [ 76.282218477846016, 11.654309748044517 ], [ 76.280769499582348, 11.653938592540708 ], [ 76.279315901644139, 11.653938182121971 ], [ 76.27861864777654, 11.654733480877962 ], [ 76.277650925470425, 11.655103779936299 ], [ 76.276307217818328, 11.655473928472205 ], [ 76.275018798501989, 11.655365060165646 ], [ 76.27421187353174, 11.654890186231414 ], [ 76.273515377746847, 11.653457033597526 ], [ 76.272814065641654, 11.652769756516323 ], [ 76.272869468884878, 11.651707526533119 ], [ 76.271636308415893, 11.650703669011895 ], [ 76.269967665425924, 11.649586637235354 ], [ 76.26782211314098, 11.648315657202263 ], [ 76.26647870143681, 11.647944591718058 ], [ 76.265456280274321, 11.64751923464406 ], [ 76.265135824006848, 11.646298784786751 ], [ 76.265457206127621, 11.645345153362674 ], [ 76.264544770776055, 11.645082628301415 ], [ 76.263682220008775, 11.646352406224525 ], [ 76.262177500724064, 11.648046868693111 ], [ 76.261159859688547, 11.647359386229137 ], [ 76.259275651601186, 11.646350665445709 ], [ 76.257882184258932, 11.645183989587894 ], [ 76.257451472126149, 11.644388229527031 ], [ 76.257933452497269, 11.64311836249273 ], [ 76.258204639171765, 11.64158157869641 ], [ 76.25729277798844, 11.640094169439665 ], [ 76.256431050493404, 11.639248541263017 ], [ 76.255679605451377, 11.638082095748802 ], [ 76.255143522455612, 11.637128139406029 ], [ 76.253157849993443, 11.637764617861112 ], [ 76.251488766766769, 11.637813633359887 ], [ 76.250630841003058, 11.638767022130526 ], [ 76.250210865283691, 11.639088121707207 ], [ 76.24932628494787, 11.640154374870244 ], [ 76.247671610038836, 11.641341391100626 ], [ 76.246738966911579, 11.640952075328508 ], [ 76.245342941049103, 11.64050162202367 ], [ 76.243281197988011, 11.63985503287071 ], [ 76.239889612585685, 11.639214190177174 ], [ 76.239432856632561, 11.6406582210469 ], [ 76.237708257650596, 11.641583236217789 ], [ 76.236977355270909, 11.641193129496116 ], [ 76.236110742713834, 11.641196818687233 ], [ 76.234789287568887, 11.642052347420048 ], [ 76.233940806763215, 11.642399076714785 ], [ 76.233533393192801, 11.643228612854534 ], [ 76.231479466515722, 11.644353991835882 ], [ 76.229553801052276, 11.645474249573454 ], [ 76.228762757757295, 11.646001981941323 ], [ 76.22916692220312, 11.647180094814752 ], [ 76.229765925854366, 11.647833050050188 ], [ 76.228239211697016, 11.647902867335906 ], [ 76.226840308951012, 11.64679677811305 ], [ 76.225307832547955, 11.646604372375858 ], [ 76.222391706093546, 11.647733373553169 ], [ 76.221463117859727, 11.648261670935398 ], [ 76.21894183071997, 11.648466770991654 ], [ 76.218482092012934, 11.649255339415104 ], [ 76.216365799150438, 11.651886210726214 ], [ 76.214645667230499, 11.654790698271608 ], [ 76.21432585045909, 11.656284265783249 ], [ 76.212954254101447, 11.661470628516911 ], [ 76.212695082058403, 11.663040317755266 ], [ 76.212568710655262, 11.664550774762827 ], [ 76.212705631231884, 11.6654679005735 ], [ 76.214170521280337, 11.66591828140248 ], [ 76.215436479912526, 11.667024924376889 ], [ 76.216435629793637, 11.66793836944208 ], [ 76.218294454162461, 11.667211758815842 ], [ 76.219100643116619, 11.670155774370162 ], [ 76.220502818465391, 11.670936384982387 ], [ 76.219177487313516, 11.671990793168273 ], [ 76.217584699255127, 11.67271626603992 ], [ 76.216000174085266, 11.67429612660246 ], [ 76.215073196850668, 11.675217758154922 ], [ 76.216015012250992, 11.677700042397408 ], [ 76.217200896811192, 11.67901383204457 ], [ 76.217475524026639, 11.679239953750711 ], [ 76.218346880162969, 11.680280446275372 ], [ 76.218486773875398, 11.681853053407364 ], [ 76.218494453418003, 11.683620574575313 ], [ 76.218766225489219, 11.684930376520263 ], [ 76.220095703627294, 11.685842397605205 ], [ 76.221891729140694, 11.686490233564278 ], [ 76.224348834100439, 11.686217507961134 ] ] ] ] } },
{ "type": "Feature", "properties": { "village_code": "627310", "village": "Poothadi", "village_name": "Poothadi", "district": "Wayanad", "subdistrict_code": 5636, "households_2011": 3601.0, "population_2011": 14578, "male_population_2011": 7196.0, "female_population_2011": 7382.0 }, "geometry": { "type": "MultiPolygon", "coordinates": [ [ [ [ 76.157115631612285, 11.732209278973377 ], [ 76.159634086330826, 11.73003819849038 ], [ 76.160357920493553, 11.728724318388766 ], [ 76.160812982328522, 11.72675596086097 ], [ 76.16120876581779, 11.725967794665783 ], [ 76.162663332830235, 11.723868801999723 ], [ 76.166173419864407, 11.720839281759337 ], [ 76.167031058143706, 11.719723735425493 ], [ 76.168318036635085, 11.718163395677102 ], [ 76.16857638461768, 11.71632691493757 ], [ 76.168701962115037, 11.714558861378901 ], [ 76.168102089508594, 11.713711466771034 ], [ 76.166514234320772, 11.712815333047553 ], [ 76.16556761903388, 11.712017495612809 ], [ 76.165232766777535, 11.710906803933595 ], [ 76.165228099941487, 11.70979018064728 ], [ 76.164556683327405, 11.70828751023131 ], [ 76.164115549266683, 11.707794761104415 ], [ 76.163663610786926, 11.7072899397103 ], [ 76.161425796656744, 11.706532667995385 ], [ 76.160164962820886, 11.706668907366954 ], [ 76.158774393372454, 11.707587673462903 ], [ 76.157913507811273, 11.70792115973528 ], [ 76.157446690540681, 11.708185323622432 ], [ 76.155183230730728, 11.706557916980039 ], [ 76.153118639963196, 11.70531860549189 ], [ 76.152478607364529, 11.703616881041393 ], [ 76.15067389498094, 11.700875568766868 ], [ 76.149610109072029, 11.699831018988736 ], [ 76.148140179590698, 11.698200474640457 ], [ 76.146807908302591, 11.697681425819814 ], [ 76.144078673839317, 11.696512397334184 ], [ 76.143143592653701, 11.695535139511376 ], [ 76.142612378806064, 11.694619553134709 ], [ 76.145003366738592, 11.694967153569269 ], [ 76.144733039701734, 11.693919452961817 ], [ 76.143399999493894, 11.693206003003828 ], [ 76.142533456176736, 11.69216061548372 ], [ 76.142355477020061, 11.691248167098868 ], [ 76.141912262031113, 11.691324373252231 ], [ 76.14036650459299, 11.691649382268844 ], [ 76.138737282131544, 11.692020316922337 ], [ 76.137398668865188, 11.692649075578931 ], [ 76.135692347368021, 11.693511492976087 ], [ 76.135192316221577, 11.693767519748196 ], [ 76.133899740025981, 11.693827904132283 ], [ 76.131270575687012, 11.692761638945264 ], [ 76.129330270396878, 11.692588883107629 ], [ 76.128751911424501, 11.69337647862141 ], [ 76.128230278934907, 11.694371049473764 ], [ 76.128403416328666, 11.695404046734483 ], [ 76.127443240749272, 11.696041464839558 ], [ 76.126200713765186, 11.69594145269992 ], [ 76.12410226970799, 11.695154802942882 ], [ 76.120517587548903, 11.69455999208577 ], [ 76.118655817903488, 11.694940678644723 ], [ 76.118049793422315, 11.69615156204336 ], [ 76.118415382591905, 11.697521523421319 ], [ 76.119248406278089, 11.700231051808942 ], [ 76.118307616010256, 11.700172336624284 ], [ 76.115304103508663, 11.700455637797734 ], [ 76.114088960168672, 11.700563506867901 ], [ 76.113602027042646, 11.701210188652931 ], [ 76.11267395392909, 11.702442715768065 ], [ 76.111816865035067, 11.702989382602228 ], [ 76.111093930122379, 11.702961758149268 ], [ 76.109927908624741, 11.702531967288904 ], [ 76.109280321819156, 11.701618694106852 ], [ 76.109172535186033, 11.699459579444307 ], [ 76.108853669283249, 11.697626450788716 ], [ 76.108229525550669, 11.697078714164391 ], [ 76.106449064457323, 11.698158064438262 ], [ 76.104596658707322, 11.699401299993596 ], [ 76.102165154323217, 11.702088301872674 ], [ 76.099654179752449, 11.705204366817563 ], [ 76.099371250803415, 11.7068884539606 ], [ 76.100443010105579, 11.708277785139027 ], [ 76.101472454579621, 11.710241436132042 ], [ 76.10226759190563, 11.71374935669839 ], [ 76.101966555438608, 11.717000085427461 ], [ 76.101499148076599, 11.719663846238918 ], [ 76.101982316919006, 11.719977204321728 ], [ 76.103284938106157, 11.720822003408164 ], [ 76.103290153525293, 11.722132986837716 ], [ 76.103962612372584, 11.723965738744459 ], [ 76.105558860396698, 11.723959622167804 ], [ 76.107278915087605, 11.722773012085478 ], [ 76.11060188551248, 11.722104621276413 ], [ 76.114452890084195, 11.721565331029005 ], [ 76.116713445919999, 11.722474158968915 ], [ 76.117088020120079, 11.722808142874602 ], [ 76.118909373986696, 11.724432096491373 ], [ 76.121041938704536, 11.725472505871753 ], [ 76.12595768676033, 11.725059917869197 ], [ 76.129006790651758, 11.72360580884183 ], [ 76.132461913115989, 11.723854372471369 ], [ 76.135794522040868, 11.725545414263054 ], [ 76.139530180259669, 11.729327894012652 ], [ 76.141526899447925, 11.730762030092516 ], [ 76.146322647139641, 11.733495911825516 ], [ 76.147385225185857, 11.733098352381978 ], [ 76.149902131636708, 11.731646193410812 ], [ 76.152967191772731, 11.732944780338743 ], [ 76.15454154149586, 11.734405280203696 ], [ 76.157115631612285, 11.732209278973377 ] ] ] ] } },
{ "type": "Feature", "properties": { "village_code": "627323", "village": "Thomattuchal", "village_name": "Thomattuchal", "district": "Wayanad", "subdistrict_code": 5636, "households_2011": 4392.0, "population_2011": 17984, "male_population_2011": 8802.0, "female_population_2011": 9182.0 }, "geometry": { "type": "MultiPolygon", "coordinates": [ [ [ [ 76.178694547373723, 11.608577168080201 ], [ 76.179017396223216, 11.608483154205482 ], [ 76.179373738527488, 11.608742445568376 ], [ 76.180676918250668, 11.607872819838409 ], [ 76.181212613844693, 11.608788375801636 ], [ 76.181549831353905, 11.609379189239965 ], [ 76.183004060072989, 11.608455492176665 ], [ 76.184131306049025, 11.607203256130237 ], [ 76.188047679733018, 11.607386037296017 ], [ 76.189181031749342, 11.607575756972588 ], [ 76.191101229218248, 11.606261399208337 ], [ 76.194082368275389, 11.605394700225059 ], [ 76.196208476655855, 11.605060379946361 ], [ 76.198994764128472, 11.604519402610578 ], [ 76.199658142286481, 11.604390595367608 ], [ 76.201718748840349, 11.604838560809647 ], [ 76.203576836172374, 11.60404432678598 ], [ 76.205297157567927, 11.603187266685481 ], [ 76.208218656704361, 11.602325193705234 ], [ 76.209881235825279, 11.602969207923717 ], [ 76.212807144589718, 11.604204588640544 ], [ 76.215530335504553, 11.604125359136688 ], [ 76.216225925229736, 11.60382858701797 ], [ 76.220870181880926, 11.603741143303784 ], [ 76.222468047610235, 11.604258793511772 ], [ 76.224925791695625, 11.604316169098547 ], [ 76.226786135969604, 11.604046054701637 ], [ 76.228978300142103, 11.604167840306213 ], [ 76.229449312988123, 11.604121997350465 ], [ 76.229707051136003, 11.604096912170988 ], [ 76.230435847433426, 11.603013421208725 ], [ 76.231294968639531, 11.601305517347607 ], [ 76.232288151031511, 11.600907970300529 ], [ 76.232343693969881, 11.598941322096421 ], [ 76.23227286410274, 11.597436286890497 ], [ 76.242598900545403, 11.589336468452533 ], [ 76.245093533115153, 11.583263702587617 ], [ 76.245941286880225, 11.580050398642243 ], [ 76.246369863861986, 11.579258980541722 ], [ 76.246684635700092, 11.578524115847788 ], [ 76.246244924313942, 11.578247916012973 ], [ 76.245571336841564, 11.578316355331253 ], [ 76.244678208202586, 11.577994761328759 ], [ 76.244108603184714, 11.577215147350918 ], [ 76.243864897013538, 11.577051206251198 ], [ 76.24381152921562, 11.577442446005769 ], [ 76.243594821297549, 11.577667147156479 ], [ 76.243311928360015, 11.57746717443222 ], [ 76.243094607962163, 11.577047676940944 ], [ 76.242901196130404, 11.576849674656676 ], [ 76.24223953538754, 11.576504404101772 ], [ 76.241471402217982, 11.575938081002704 ], [ 76.24090675151696, 11.575755190120779 ], [ 76.240617121205943, 11.575575566171008 ], [ 76.240478462409556, 11.575320764269785 ], [ 76.240437017936898, 11.574762694696062 ], [ 76.239966830885734, 11.574705923707368 ], [ 76.239540395875764, 11.5746761300645 ], [ 76.239096265797841, 11.574806830208658 ], [ 76.23884784629665, 11.574611293478394 ], [ 76.238583691876386, 11.573977227457446 ], [ 76.237844507084276, 11.57372045373706 ], [ 76.237329685635117, 11.573419775093139 ], [ 76.236973143880888, 11.573132011084097 ], [ 76.23653026651607, 11.573020868527655 ], [ 76.235785034238944, 11.57244092508329 ], [ 76.23523237552385, 11.571860150998695 ], [ 76.234965680863766, 11.571684908262695 ], [ 76.234510935530807, 11.571478927627181 ], [ 76.234253531070138, 11.5713218677594 ], [ 76.234055512142831, 11.571119228258356 ], [ 76.233732284051811, 11.570614250179974 ], [ 76.233322895734517, 11.567867379596208 ], [ 76.233609197949221, 11.567635819673702 ], [ 76.233933682198511, 11.567381252210733 ], [ 76.233847802753232, 11.566829011539312 ], [ 76.233744179601004, 11.566509012014192 ], [ 76.233420749109143, 11.565571765436125 ], [ 76.232108799459056, 11.561777522797239 ], [ 76.231143387870972, 11.560238755215732 ], [ 76.227311273744675, 11.557418420946576 ], [ 76.223198392929135, 11.555228997514561 ], [ 76.219723896218227, 11.551614036294081 ], [ 76.217119546831668, 11.549511672694619 ], [ 76.21396368178894, 11.548293146232732 ], [ 76.211744339691535, 11.54858256076079 ], [ 76.210336091183677, 11.549426481587266 ], [ 76.208733511157035, 11.551039083608657 ], [ 76.206498957493906, 11.553840788911502 ], [ 76.203876404094686, 11.556797696925308 ], [ 76.202088426820907, 11.558168893736626 ], [ 76.199744962143228, 11.560237389120829 ], [ 76.198413926167859, 11.56100320403854 ], [ 76.196602496575892, 11.561475196042137 ], [ 76.194392116498221, 11.562504040280407 ], [ 76.192839067911379, 11.56317203637899 ], [ 76.190366140305727, 11.563662012570639 ], [ 76.189271218038598, 11.563847360720649 ], [ 76.187626048763462, 11.563985205450006 ], [ 76.186663138712916, 11.56394391621339 ], [ 76.185931784621204, 11.563363779756271 ], [ 76.18528729370243, 11.562733498804553 ], [ 76.185027922632131, 11.562541066914962 ], [ 76.183645381701609, 11.561591164089899 ], [ 76.181822034979902, 11.561790347812856 ], [ 76.180147952953519, 11.562664068009262 ], [ 76.179703557394035, 11.563686257627461 ], [ 76.179421453892104, 11.56433514074706 ], [ 76.178640979146294, 11.566718234933189 ], [ 76.177526210538261, 11.568640526469103 ], [ 76.17715560398473, 11.569279585790236 ], [ 76.176391156707894, 11.570914379150777 ], [ 76.175867534283654, 11.573383257092612 ], [ 76.175498637454169, 11.57632923430601 ], [ 76.175285231484921, 11.578853755846231 ], [ 76.174961856113924, 11.580145699082923 ], [ 76.173343418404144, 11.583176524788188 ], [ 76.172539381420648, 11.584502903264136 ], [ 76.170269820857357, 11.587658190177988 ], [ 76.16869387243041, 11.589730444906262 ], [ 76.167962707445355, 11.590321091915399 ], [ 76.167282046766886, 11.590907050271237 ], [ 76.165732621339814, 11.592088703956929 ], [ 76.165140329660929, 11.592990679046604 ], [ 76.164499967999774, 11.593354849605131 ], [ 76.163956236438295, 11.593809152749234 ], [ 76.163047092798649, 11.595706955756844 ], [ 76.162682567913564, 11.596250906482474 ], [ 76.162316941162047, 11.596523637376345 ], [ 76.161817145077478, 11.596525638855711 ], [ 76.161496233052461, 11.596526928128183 ], [ 76.161731966047313, 11.598047233184419 ], [ 76.161539366607116, 11.598940717105643 ], [ 76.161828533561192, 11.599266963841462 ], [ 76.162376788395051, 11.599885518721806 ], [ 76.164109313826231, 11.601314966102791 ], [ 76.166898657167238, 11.602915724011597 ], [ 76.168478702010788, 11.603029046023364 ], [ 76.169859909999985, 11.602714432336542 ], [ 76.169796390911657, 11.602356708145694 ], [ 76.16993201915264, 11.601908652622653 ], [ 76.170157519835655, 11.60100355978328 ], [ 76.171161843823242, 11.599959762277434 ], [ 76.171800323620815, 11.600228407794933 ], [ 76.171938994099605, 11.600499077666704 ], [ 76.172169736430305, 11.600859849718573 ], [ 76.172445959926222, 11.601129967504566 ], [ 76.172721405432384, 11.601219209882633 ], [ 76.173134059873902, 11.601217547651865 ], [ 76.174138037517196, 11.601168248390994 ], [ 76.174734278287701, 11.601211077327898 ], [ 76.175693037577929, 11.601342765672982 ], [ 76.177298205576747, 11.602538744982487 ], [ 76.177669789912187, 11.603667368353687 ], [ 76.177902034777276, 11.604389710090752 ], [ 76.178095627449011, 11.604858029991739 ], [ 76.178749217152486, 11.605503441633996 ], [ 76.178811095816073, 11.607283981590232 ], [ 76.17831309353619, 11.608724689384822 ], [ 76.177613515213778, 11.609700804157786 ], [ 76.177285750555356, 11.610409267559756 ], [ 76.177628836470646, 11.610312832149138 ], [ 76.177957908046082, 11.610049350655629 ], [ 76.178367772295516, 11.609392133151564 ], [ 76.178694547373723, 11.608577168080201 ] ] ] ] } },
{ "type": "Feature", "properties": { "village_code": "627338", "village": "Thrikkaipatta Part", "village_name": "Thrikkaipatta (Part)", "district": "Wayanad", "subdistrict_code": 5637, "households_2011": 2063.0, "population_2011": 8551, "male_population_2011": 4225.0, "female_population_2011": 4326.0 }, "geometry": { "type": "MultiPolygon", "coordinates": [ [ [ [ 76.134680545598343, 11.625353496916034 ], [ 76.134372284017587, 11.625101529530808 ], [ 76.133999925897015, 11.624858827626019 ], [ 76.133874146645084, 11.624366636598145 ], [ 76.134076887706073, 11.623470733936601 ], [ 76.135145726793994, 11.622444797973756 ], [ 76.135802343181652, 11.622112219419471 ], [ 76.136056351046051, 11.622561030937129 ], [ 76.136379387331047, 11.622489696532973 ], [ 76.136687599801519, 11.622181056122662 ], [ 76.137047390040536, 11.622138981540955 ], [ 76.137325826274122, 11.621812356169807 ], [ 76.137613705709384, 11.621567134643662 ], [ 76.137947846037335, 11.621421170742337 ], [ 76.138254454377773, 11.621275274422874 ], [ 76.138523945541891, 11.62103009560572 ], [ 76.138563958000304, 11.620722543771505 ], [ 76.138232421473617, 11.620380245827747 ], [ 76.137382342690628, 11.619931513514713 ], [ 76.136714645398342, 11.619242554310613 ], [ 76.136135395846793, 11.618856048075617 ], [ 76.136133578951942, 11.618408515667491 ], [ 76.136173345238333, 11.618037664268524 ], [ 76.135922987863168, 11.617365037202894 ], [ 76.135590677978755, 11.616837428692252 ], [ 76.135669688723922, 11.615960113179664 ], [ 76.135686646002483, 11.615630032769765 ], [ 76.136098465877836, 11.61540683647531 ], [ 76.136473651084572, 11.615201942411533 ], [ 76.136678422984815, 11.614830415829781 ], [ 76.137089936381287, 11.614525970469275 ], [ 76.137524948242373, 11.614379584030573 ], [ 76.137689013270673, 11.614152932374799 ], [ 76.137771197120074, 11.613778476893975 ], [ 76.138071379888885, 11.61344611518917 ], [ 76.13838798780067, 11.613499119498542 ], [ 76.138811048960093, 11.613807140707497 ], [ 76.139283934764066, 11.613961245048213 ], [ 76.140050087371037, 11.614062188076742 ], [ 76.14044381977655, 11.613906922221272 ], [ 76.140602811282761, 11.613540108784361 ], [ 76.140706967376261, 11.613227803919845 ], [ 76.141182595630681, 11.612916245750295 ], [ 76.141603824312853, 11.612758653672916 ], [ 76.142340733286616, 11.612443778378031 ], [ 76.1424951429603, 11.612077020643769 ], [ 76.142654530446663, 11.611814175647693 ], [ 76.142864639450707, 11.611605351301025 ], [ 76.143074885461843, 11.611450808269826 ], [ 76.143178004573755, 11.610862762768408 ], [ 76.143176292062236, 11.610446892991114 ], [ 76.143330525854154, 11.610030362874571 ], [ 76.143489503447583, 11.609663552149764 ], [ 76.143855458738059, 11.609454156053369 ], [ 76.144276877871107, 11.609348499422806 ], [ 76.144698299154598, 11.609242839861524 ], [ 76.145119857343857, 11.609191459201204 ], [ 76.145436084428013, 11.609135975279404 ], [ 76.145646091938602, 11.608927148125813 ], [ 76.145644870129033, 11.608615249071798 ], [ 76.14553728953365, 11.608095817455869 ], [ 76.145587892755771, 11.607575695369091 ], [ 76.145956078915319, 11.607366265710377 ], [ 76.146694353929746, 11.607363362753883 ], [ 76.147675141414666, 11.607255468588113 ], [ 76.148411772002717, 11.606886375159286 ], [ 76.148988445980635, 11.606626387519096 ], [ 76.149515305542337, 11.606520311260772 ], [ 76.1499921798722, 11.606518463490655 ], [ 76.150463749907615, 11.6063583329674 ], [ 76.150728626268133, 11.606099586605623 ], [ 76.150832614191174, 11.605733005014745 ], [ 76.151251458485291, 11.605003534679469 ], [ 76.151620906452663, 11.604531853701637 ], [ 76.151881884064352, 11.604426903408811 ], [ 76.152304340462749, 11.604583437077723 ], [ 76.152621698464898, 11.604839828304611 ], [ 76.153043981997783, 11.604946587740912 ], [ 76.153782243088969, 11.604943648169558 ], [ 76.154259021432409, 11.604941785538566 ], [ 76.154836121436531, 11.604781233840104 ], [ 76.155732817135828, 11.60430749956353 ], [ 76.156097908152162, 11.603890147881023 ], [ 76.156468221762267, 11.603630985423827 ], [ 76.156889883222533, 11.60357506652214 ], [ 76.157361907906889, 11.603523389598198 ], [ 76.157783060682746, 11.603363500385193 ], [ 76.158257988759061, 11.602895994654469 ], [ 76.158466988944951, 11.602425035680911 ], [ 76.158569613150974, 11.601746468497707 ], [ 76.158567437449648, 11.601226648893457 ], [ 76.158938012185871, 11.601017163776163 ], [ 76.159304754190643, 11.601015662219876 ], [ 76.159887478181446, 11.601117333928023 ], [ 76.160520504910053, 11.601169054684085 ], [ 76.161048353684293, 11.601320636653197 ], [ 76.161802839318369, 11.601264470201269 ], [ 76.162693418500012, 11.601443094022311 ], [ 76.163131911314323, 11.601340330955868 ], [ 76.164109313826231, 11.601314966102791 ], [ 76.162376788395051, 11.599885518721806 ], [ 76.161828533561192, 11.599266963841462 ], [ 76.161539366607116, 11.598940717105643 ], [ 76.161731966047313, 11.598047233184419 ], [ 76.161496233052461, 11.596526928128183 ], [ 76.161277808166972, 11.596371851802321 ], [ 76.161049991327758, 11.596176132211998 ], [ 76.160980072011313, 11.595887060937498 ], [ 76.160964810918529, 11.59552769488354 ], [ 76.160922001246121, 11.595152711596551 ], [ 76.160679735008685, 11.594778458061375 ], [ 76.160313157100703, 11.594266844573854 ], [ 76.160029345666885, 11.59382268536708 ], [ 76.159662775727185, 11.59332914897225 ], [ 76.15946464844501, 11.593076798295892 ], [ 76.159097599835277, 11.593024018290023 ], [ 76.158675971339974, 11.593079939797052 ], [ 76.158341111770127, 11.593027034305559 ], [ 76.158156873097482, 11.59281981633729 ], [ 76.157856530817753, 11.59225138044425 ], [ 76.158139005918486, 11.5918343459595 ], [ 76.158192768219095, 11.59151542578541 ], [ 76.157487532581342, 11.590616417269116 ], [ 76.157289381686198, 11.590368572870037 ], [ 76.157485233386041, 11.590064880751788 ], [ 76.157653518843233, 11.589729702241351 ], [ 76.158016427242657, 11.589895518910483 ], [ 76.158439106352617, 11.590115319440795 ], [ 76.158780894838699, 11.590724217276692 ], [ 76.159187165578615, 11.590290900377111 ], [ 76.158832229154598, 11.589833427324882 ], [ 76.158973280381673, 11.589557108708405 ], [ 76.15935040193142, 11.58928664258654 ], [ 76.159701232730427, 11.589305580996067 ], [ 76.16019638345908, 11.589870902815179 ], [ 76.160604770907568, 11.5899529184965 ], [ 76.161024569120826, 11.590019101228288 ], [ 76.161447108595013, 11.590184614716984 ], [ 76.161733781866445, 11.590766601043427 ], [ 76.161961586948948, 11.591543272035212 ], [ 76.162187957533462, 11.591958295344437 ], [ 76.162467467543877, 11.591902873923846 ], [ 76.162861950364075, 11.591955570544231 ], [ 76.163313091105678, 11.591840701508556 ], [ 76.163886402655379, 11.591886993183971 ], [ 76.164171934940839, 11.591647431584386 ], [ 76.164294548621797, 11.591353030193424 ], [ 76.164169386551379, 11.591014566491772 ], [ 76.163823078681318, 11.590432789355319 ], [ 76.164114659897749, 11.589993090036302 ], [ 76.164113052191979, 11.589604302936916 ], [ 76.163570415584744, 11.589195129136659 ], [ 76.16354540253927, 11.588706995902093 ], [ 76.163278168351184, 11.588098900307518 ], [ 76.163270299436618, 11.587582393921332 ], [ 76.162971492046935, 11.587396031408664 ], [ 76.162700475580337, 11.58727507147877 ], [ 76.162440595807354, 11.58707038608266 ], [ 76.162229454991831, 11.586451897564343 ], [ 76.162278166830106, 11.586035795774718 ], [ 76.162399823821957, 11.585524469041154 ], [ 76.162470136301849, 11.584796391753587 ], [ 76.162243836590775, 11.584385890521832 ], [ 76.161602166354655, 11.583326130732964 ], [ 76.16142391599432, 11.582354914410523 ], [ 76.161669495790008, 11.581865677856158 ], [ 76.162230874522379, 11.581257719948093 ], [ 76.162440106758226, 11.580854457134818 ], [ 76.162104918971622, 11.580720188611735 ], [ 76.161709298270353, 11.580405390948364 ], [ 76.161313669129484, 11.580067872547172 ], [ 76.161090999170369, 11.579440389924924 ], [ 76.160988267760871, 11.579002293130998 ], [ 76.160668214995781, 11.578103994800845 ], [ 76.160271387095122, 11.577472738823346 ], [ 76.159751293510993, 11.576991060427503 ], [ 76.159281999773199, 11.576577008189918 ], [ 76.159120382734258, 11.5762996891385 ], [ 76.158822185740718, 11.575692853801421 ], [ 76.158387388334617, 11.57531934835662 ], [ 76.15777123483349, 11.574883314351046 ], [ 76.157448963583008, 11.574545512271822 ], [ 76.157176271224984, 11.574008642198173 ], [ 76.15707327032996, 11.57349824076193 ], [ 76.156996939389629, 11.572770759493457 ], [ 76.156848971851758, 11.572454865512357 ], [ 76.156352890197184, 11.572239857948919 ], [ 76.155788992656397, 11.572242086286419 ], [ 76.155074247274285, 11.572339867041364 ], [ 76.15423547649651, 11.572393020424764 ], [ 76.153817892857433, 11.572295146090418 ], [ 76.153285006615505, 11.572044160427957 ], [ 76.153049305668517, 11.571570392849784 ], [ 76.152944852819132, 11.570693862826296 ], [ 76.152916908025702, 11.569477826041588 ], [ 76.152692588403909, 11.568992785575931 ], [ 76.151232512659803, 11.569014447265246 ], [ 76.150269493889823, 11.568959476031159 ], [ 76.149798349073052, 11.569214518411544 ], [ 76.149524183867868, 11.569428083398803 ], [ 76.149310573160534, 11.56989452368304 ], [ 76.149097298221108, 11.570437866683514 ], [ 76.149161363861666, 11.571527143316073 ], [ 76.149242233349611, 11.572241048276181 ], [ 76.149244337717533, 11.572765409865239 ], [ 76.149351655755623, 11.573208049155388 ], [ 76.148885289808121, 11.57353083487509 ], [ 76.148243501698261, 11.573542473758547 ], [ 76.147477861395544, 11.573536436227366 ], [ 76.146117403843618, 11.573813107635676 ], [ 76.1451035874111, 11.573663426308315 ], [ 76.144759823616681, 11.573682819785253 ], [ 76.143952270832315, 11.573523280126302 ], [ 76.1432076231998, 11.573049280476113 ], [ 76.14284808545213, 11.572578281162533 ], [ 76.141272499192084, 11.572937082736223 ], [ 76.140851576798426, 11.573160283713682 ], [ 76.140551190313701, 11.57369495949294 ], [ 76.14009984047108, 11.574338604653502 ], [ 76.139429039935337, 11.575114340093311 ], [ 76.138130470521133, 11.57595577936023 ], [ 76.137030166283239, 11.575960113043042 ], [ 76.136323411699706, 11.575795590150085 ], [ 76.135309442764779, 11.575605177735502 ], [ 76.134487536717273, 11.575300954327776 ], [ 76.133723275830334, 11.574499308694145 ], [ 76.131971509161176, 11.573253896451625 ], [ 76.131235477366943, 11.57261482459057 ], [ 76.130614855887728, 11.572201362549212 ], [ 76.129990414881391, 11.571977738385014 ], [ 76.129426516369932, 11.571979953693072 ], [ 76.128638810081, 11.572181910837507 ], [ 76.127498451943964, 11.572489249696494 ], [ 76.126313542, 11.5731087290694 ], [ 76.125695679171827, 11.573386854649151 ], [ 76.124822060167659, 11.573892074714937 ], [ 76.123106395372304, 11.574789313543368 ], [ 76.122346543565627, 11.575099633161948 ], [ 76.121105221032437, 11.575380205799599 ], [ 76.120372473605684, 11.575577483625347 ], [ 76.119502385123297, 11.575833952837684 ], [ 76.119104084041922, 11.57597566949914 ], [ 76.118627753201338, 11.57608605838964 ], [ 76.118205936270556, 11.57608766911523 ], [ 76.117672982307454, 11.575786783133436 ], [ 76.117529599028032, 11.575479981352165 ], [ 76.117386436896524, 11.575216051022172 ], [ 76.117074057210573, 11.575065801429258 ], [ 76.116722822528587, 11.574927025835541 ], [ 76.116170625712641, 11.575010505796428 ], [ 76.115384500590565, 11.575605763101432 ], [ 76.115151445561992, 11.575739507772051 ], [ 76.114770330221731, 11.575662357673641 ], [ 76.113209347364588, 11.576269619027205 ], [ 76.111597962601351, 11.576877115880995 ], [ 76.110499196588336, 11.577270108735977 ], [ 76.109610556829125, 11.577485989034885 ], [ 76.109116290338108, 11.577713955128473 ], [ 76.108247071106234, 11.578182870412096 ], [ 76.107208520273446, 11.578742909505523 ], [ 76.106257935370493, 11.579524136999023 ], [ 76.1056825130471, 11.580095976093338 ], [ 76.104782999304007, 11.581021571767097 ], [ 76.10373269593984, 11.582097035292598 ], [ 76.102617553723107, 11.582996368366953 ], [ 76.101025442191869, 11.583870425092277 ], [ 76.100643634802367, 11.58412460020104 ], [ 76.101536404834476, 11.585436474761426 ], [ 76.104198417475516, 11.587485436628493 ], [ 76.105909712003978, 11.588789310689611 ], [ 76.108191437281704, 11.592514637963806 ], [ 76.109522442925467, 11.594936074889061 ], [ 76.110473161849924, 11.597543753878844 ], [ 76.110663305819116, 11.600523924742955 ], [ 76.111804168070606, 11.604435353067753 ], [ 76.112427713062345, 11.608152907259749 ], [ 76.112589148445991, 11.608387389981566 ], [ 76.112552685312565, 11.60958554335784 ], [ 76.112400255607596, 11.610476702505389 ], [ 76.112438205603056, 11.610783926025032 ], [ 76.112600190841022, 11.611172060691214 ], [ 76.112757955239587, 11.611632570674972 ], [ 76.113035181544475, 11.612174054131813 ], [ 76.113192633891558, 11.612557649620252 ], [ 76.11323109556065, 11.613023123195386 ], [ 76.113253613850461, 11.613486450738673 ], [ 76.113450100300369, 11.613890314971304 ], [ 76.113433090443351, 11.614220388889157 ], [ 76.113237320647173, 11.614585048349694 ], [ 76.1134769421556, 11.614875714508708 ], [ 76.113479365695724, 11.61549502176964 ], [ 76.113559030120001, 11.615919694214753 ], [ 76.113812898473427, 11.616343651541365 ], [ 76.114166484657488, 11.616475662709705 ], [ 76.114617355716319, 11.616842355079815 ], [ 76.115611638096112, 11.616657678282669 ], [ 76.116562045946239, 11.616965903916141 ], [ 76.117461360073918, 11.617116118015595 ], [ 76.118094743851117, 11.617271905801982 ], [ 76.118833589364726, 11.617427309711793 ], [ 76.119361771460234, 11.617633163739033 ], [ 76.119945312408902, 11.617942853768556 ], [ 76.120418209798004, 11.6180947259418 ], [ 76.120685087724098, 11.61832877826278 ], [ 76.120793175610089, 11.618979316529794 ], [ 76.121004879698276, 11.619186489863056 ], [ 76.121322308989434, 11.619442877283468 ], [ 76.121745257689312, 11.619703483515869 ], [ 76.122273824508767, 11.620015594103494 ], [ 76.122695832490308, 11.620065952233015 ], [ 76.123166865253182, 11.619747646059597 ], [ 76.123430555449701, 11.619177026301305 ], [ 76.123876394519087, 11.618863354137948 ], [ 76.124380381115543, 11.619327034201188 ], [ 76.124698654448366, 11.619795954997022 ], [ 76.125383332525047, 11.620159489755839 ], [ 76.126016906841855, 11.620364929964648 ], [ 76.126550634035183, 11.620828508323822 ], [ 76.127397519030453, 11.621607223264601 ], [ 76.128032374155922, 11.622124662958202 ], [ 76.128666186617778, 11.622384378085389 ], [ 76.128878001491813, 11.622591456451557 ], [ 76.129036193778447, 11.623160448051385 ], [ 76.129462419223529, 11.624252809574111 ], [ 76.129886357894136, 11.624771021925396 ], [ 76.13030933893674, 11.62503160595902 ], [ 76.130731780839781, 11.625183612324848 ], [ 76.131314097618073, 11.625181346892788 ], [ 76.13178686132018, 11.625283498625064 ], [ 76.132159352776512, 11.625544241664802 ], [ 76.132688549098845, 11.626007771179344 ], [ 76.133229689310355, 11.6265910942654 ], [ 76.133882536818277, 11.62645060456388 ], [ 76.134335543340299, 11.626204713520528 ], [ 76.134682861487448, 11.625927557381361 ], [ 76.134680545598343, 11.625353496916034 ] ] ] ] } },
{ "type": "Feature", "properties": { "village_code": "627329", "village": "Muttil South", "village_name": "Muttil South", "district": "Wayanad", "subdistrict_code": 5637, "households_2011": 5060.0, "population_2011": 22355, "male_population_2011": 10807.0, "female_population_2011": 11548.0 }, "geometry": { "type": "MultiPolygon", "coordinates": [ [ [ [ 76.154323713669399, 11.649070887337686 ], [ 76.155931403364889, 11.648119167296079 ], [ 76.157398170834611, 11.647395804382601 ], [ 76.157987135392446, 11.646781497568687 ], [ 76.1583141555016, 11.643473770452726 ], [ 76.158713598404688, 11.64119613193041 ], [ 76.1597380258209, 11.639432775058859 ], [ 76.161021297336291, 11.638041180289191 ], [ 76.163075985874428, 11.636073816510837 ], [ 76.164110322932558, 11.634608729504061 ], [ 76.165561824454215, 11.631994581080436 ], [ 76.16654082150697, 11.629434099675304 ], [ 76.166647310727853, 11.629180449002188 ], [ 76.167477020367528, 11.627204115670301 ], [ 76.168801940224895, 11.625515170521915 ], [ 76.169436259090091, 11.624470966359098 ], [ 76.168738784955437, 11.622926790586023 ], [ 76.168573668631041, 11.621595867911763 ], [ 76.169380607438782, 11.620390496440411 ], [ 76.1716203076639, 11.618460791221368 ], [ 76.174508630772877, 11.616183650916955 ], [ 76.175825295036432, 11.613565972776234 ], [ 76.17686782571721, 11.611312605529308 ], [ 76.177285750555356, 11.610409267559756 ], [ 76.177613515213778, 11.609700804157786 ], [ 76.17831309353619, 11.608724689384822 ], [ 76.178811095816073, 11.607283981590232 ], [ 76.178749217152486, 11.605503441633996 ], [ 76.178095627449011, 11.604858029991739 ], [ 76.177902034777276, 11.604389710090752 ], [ 76.177669789912187, 11.603667368353687 ], [ 76.177298205576747, 11.602538744982487 ], [ 76.175693037577929, 11.601342765672982 ], [ 76.174734278287701, 11.601211077327898 ], [ 76.174138037517196, 11.601168248390994 ], [ 76.173134059873902, 11.601217547651865 ], [ 76.172721405432384, 11.601219209882633 ], [ 76.172445959926222, 11.601129967504566 ], [ 76.172169736430305, 11.600859849718573 ], [ 76.171938994099605, 11.600499077666704 ], [ 76.171800323620815, 11.600228407794933 ], [ 76.171161843823242, 11.599959762277434 ], [ 76.170157519835655, 11.60100355978328 ], [ 76.16993201915264, 11.601908652622653 ], [ 76.169796390911657, 11.602356708145694 ], [ 76.169859909999985, 11.602714432336542 ], [ 76.168478702010788, 11.603029046023364 ], [ 76.166898657167238, 11.602915724011597 ], [ 76.164109313826231, 11.601314966102791 ], [ 76.163131911314323, 11.601340330955868 ], [ 76.162693418500012, 11.601443094022311 ], [ 76.161802839318369, 11.601264470201269 ], [ 76.161048353684293, 11.601320636653197 ], [ 76.160520504910053, 11.601169054684085 ], [ 76.159887478181446, 11.601117333928023 ], [ 76.159304754190643, 11.601015662219876 ], [ 76.158938012185871, 11.601017163776163 ], [ 76.158567437449648, 11.601226648893457 ], [ 76.158569613150974, 11.601746468497707 ], [ 76.158466988944951, 11.602425035680911 ], [ 76.158257988759061, 11.602895994654469 ], [ 76.157783060682746, 11.603363500385193 ], [ 76.157361907906889, 11.603523389598198 ], [ 76.156889883222533, 11.60357506652214 ], [ 76.156468221762267, 11.603630985423827 ], [ 76.156097908152162, 11.603890147881023 ], [ 76.155732817135828, 11.60430749956353 ], [ 76.154836121436531, 11.604781233840104 ], [ 76.154259021432409, 11.604941785538566 ], [ 76.153782243088969, 11.604943648169558 ], [ 76.153043981997783, 11.604946587740912 ], [ 76.152621698464898, 11.604839828304611 ], [ 76.152304340462749, 11.604583437077723 ], [ 76.151881884064352, 11.604426903408811 ], [ 76.151620906452663, 11.604531853701637 ], [ 76.151251458485291, 11.605003534679469 ], [ 76.150832614191174, 11.605733005014745 ], [ 76.150728626268133, 11.606099586605623 ], [ 76.150463749907615, 11.6063583329674 ], [ 76.1499921798722, 11.606518463490655 ], [ 76.149515305542337, 11.606520311260772 ], [ 76.148988445980635, 11.606626387519096 ], [ 76.148411772002717, 11.606886375159286 ], [ 76.147675141414666, 11.607255468588113 ], [ 76.146694353929746, 11.607363362753883 ], [ 76.145956078915319, 11.607366265710377 ], [ 76.145587892755771, 11.607575695369091 ], [ 76.14553728953365, 11.608095817455869 ], [ 76.145644870129033, 11.608615249071798 ], [ 76.145646091938602, 11.608927148125813 ], [ 76.145436084428013, 11.609135975279404 ], [ 76.145119857343857, 11.609191459201204 ], [ 76.144698299154598, 11.609242839861524 ], [ 76.144276877871107, 11.609348499422806 ], [ 76.143855458738059, 11.609454156053369 ], [ 76.143489503447583, 11.609663552149764 ], [ 76.143330525854154, 11.610030362874571 ], [ 76.143176292062236, 11.610446892991114 ], [ 76.143178004573755, 11.610862762768408 ], [ 76.143074885461843, 11.611450808269826 ], [ 76.142864639450707, 11.611605351301025 ], [ 76.142654530446663, 11.611814175647693 ], [ 76.1424951429603, 11.612077020643769 ], [ 76.142340733286616, 11.612443778378031 ], [ 76.141603824312853, 11.612758653672916 ], [ 76.141182595630681, 11.612916245750295 ], [ 76.140706967376261, 11.613227803919845 ], [ 76.140602811282761, 11.613540108784361 ], [ 76.14044381977655, 11.613906922221272 ], [ 76.140050087371037, 11.614062188076742 ], [ 76.139283934764066, 11.613961245048213 ], [ 76.138811048960093, 11.613807140707497 ], [ 76.13838798780067, 11.613499119498542 ], [ 76.138071379888885, 11.61344611518917 ], [ 76.137771197120074, 11.613778476893975 ], [ 76.137689013270673, 11.614152932374799 ], [ 76.137524948242373, 11.614379584030573 ], [ 76.137089936381287, 11.614525970469275 ], [ 76.136678422984815, 11.614830415829781 ], [ 76.136473651084572, 11.615201942411533 ], [ 76.136098465877836, 11.61540683647531 ], [ 76.135686646002483, 11.615630032769765 ], [ 76.135669688723922, 11.615960113179664 ], [ 76.135590677978755, 11.616837428692252 ], [ 76.135922987863168, 11.617365037202894 ], [ 76.136173345238333, 11.618037664268524 ], [ 76.136133578951942, 11.618408515667491 ], [ 76.136135395846793, 11.618856048075617 ], [ 76.136714645398342, 11.619242554310613 ], [ 76.137382342690628, 11.619931513514713 ], [ 76.138232421473617, 11.620380245827747 ], [ 76.138563958000304, 11.620722543771505 ], [ 76.138523945541891, 11.62103009560572 ], [ 76.138254454377773, 11.621275274422874 ], [ 76.137947846037335, 11.621421170742337 ], [ 76.137613705709384, 11.621567134643662 ], [ 76.137325826274122, 11.621812356169807 ], [ 76.137047390040536, 11.622138981540955 ], [ 76.136687599801519, 11.622181056122662 ], [ 76.136379387331047, 11.622489696532973 ], [ 76.136056351046051, 11.622561030937129 ], [ 76.135802343181652, 11.622112219419471 ], [ 76.135145726793994, 11.622444797973756 ], [ 76.134076887706073, 11.623470733936601 ], [ 76.133874146645084, 11.624366636598145 ], [ 76.133999925897015, 11.624858827626019 ], [ 76.134372284017587, 11.625101529530808 ], [ 76.134680545598343, 11.625353496916034 ], [ 76.134682861487448, 11.625927557381361 ], [ 76.134335543340299, 11.626204713520528 ], [ 76.133882536818277, 11.62645060456388 ], [ 76.133229689310355, 11.6265910942654 ], [ 76.132688549098845, 11.626007771179344 ], [ 76.132159352776512, 11.625544241664802 ], [ 76.13178686132018, 11.625283498625064 ], [ 76.131314097618073, 11.625181346892788 ], [ 76.130731780839781, 11.625183612324848 ], [ 76.13030933893674, 11.62503160595902 ], [ 76.129886357894136, 11.624771021925396 ], [ 76.129462419223529, 11.624252809574111 ], [ 76.129036193778447, 11.623160448051385 ], [ 76.128878001491813, 11.622591456451557 ], [ 76.128666186617778, 11.622384378085389 ], [ 76.128032374155922, 11.622124662958202 ], [ 76.127397519030453, 11.621607223264601 ], [ 76.126550634035183, 11.620828508323822 ], [ 76.126016906841855, 11.620364929964648 ], [ 76.125383332525047, 11.620159489755839 ], [ 76.124698654448366, 11.619795954997022 ], [ 76.124380381115543, 11.619327034201188 ], [ 76.123876394519087, 11.618863354137948 ], [ 76.123430555449701, 11.619177026301305 ], [ 76.123166865253182, 11.619747646059597 ], [ 76.122695832490308, 11.620065952233015 ], [ 76.122273824508767, 11.620015594103494 ], [ 76.121745257689312, 11.619703483515869 ], [ 76.121322308989434, 11.619442877283468 ], [ 76.121004879698276, 11.619186489863056 ], [ 76.120793175610089, 11.618979316529794 ], [ 76.120685087724098, 11.61832877826278 ], [ 76.120418209798004, 11.6180947259418 ], [ 76.119945312408902, 11.617942853768556 ], [ 76.119361771460234, 11.617633163739033 ], [ 76.118833589364726, 11.617427309711793 ], [ 76.118094743851117, 11.617271905801982 ], [ 76.117461360073918, 11.617116118015595 ], [ 76.116562045946239, 11.616965903916141 ], [ 76.115611638096112, 11.616657678282669 ], [ 76.114617355716319, 11.616842355079815 ], [ 76.114540753614662, 11.617190739001932 ], [ 76.113564375174633, 11.617271394772356 ], [ 76.112937989562354, 11.617734933340042 ], [ 76.111881155733457, 11.618317586472054 ], [ 76.111140574039993, 11.618903609820183 ], [ 76.110477587214248, 11.619367315762187 ], [ 76.110048217132075, 11.619793920767869 ], [ 76.10949870811713, 11.61999039713246 ], [ 76.108797450057978, 11.620069945255183 ], [ 76.108247712369135, 11.620189592650304 ], [ 76.107858274576543, 11.620267977923756 ], [ 76.107349557597814, 11.62034681025164 ], [ 76.106877297716849, 11.620348553589661 ], [ 76.106134468135892, 11.620351398350648 ], [ 76.105703459808197, 11.620353087159453 ], [ 76.10523187416571, 11.62054932996454 ], [ 76.104842750494939, 11.62070444757436 ], [ 76.104137850034149, 11.621014606062628 ], [ 76.103707375640397, 11.621169945897512 ], [ 76.103708594775441, 11.621481861751654 ], [ 76.103691822360474, 11.621866185677934 ], [ 76.103467156898162, 11.622166555087048 ], [ 76.103005708096973, 11.622293751386064 ], [ 76.102735270881112, 11.622335517920154 ], [ 76.10246012427254, 11.622336580288897 ], [ 76.102148475264997, 11.622373884543084 ], [ 76.10152079006572, 11.622493814583901 ], [ 76.101209898725884, 11.62272562388657 ], [ 76.100856955185193, 11.622767660265163 ], [ 76.100425489679452, 11.622651745398855 ], [ 76.100149409689976, 11.622422224514729 ], [ 76.09983682154288, 11.622229032384356 ], [ 76.099561984708288, 11.622306919221478 ], [ 76.099091479138906, 11.622754013688894 ], [ 76.098779893293283, 11.622811687987065 ], [ 76.098405228670586, 11.622562272774358 ], [ 76.098230977918035, 11.623161875761244 ], [ 76.098077326350889, 11.623741144698219 ], [ 76.09788444164073, 11.624243696852391 ], [ 76.097651588144487, 11.625094461263316 ], [ 76.097653760273147, 11.625632455530006 ], [ 76.097303873411946, 11.626447480830132 ], [ 76.097113223019178, 11.626950004221706 ], [ 76.096876742975994, 11.627452721779241 ], [ 76.09676327102467, 11.627760610438077 ], [ 76.09668640030587, 11.62803208170148 ], [ 76.096292807811437, 11.628227994787304 ], [ 76.095922297616397, 11.62845997333773 ], [ 76.09586438291565, 11.628885157070274 ], [ 76.095886603182393, 11.629310005400573 ], [ 76.096262098038636, 11.629751626952205 ], [ 76.096538859042241, 11.630157461172093 ], [ 76.096498886265621, 11.630505680054801 ], [ 76.096380928163313, 11.630813540362873 ], [ 76.096189035316456, 11.631008654657883 ], [ 76.095795739455355, 11.631281398211248 ], [ 76.095682182654002, 11.631553042232426 ], [ 76.095446306316333, 11.632209520501418 ], [ 76.095447679277797, 11.632557609168483 ], [ 76.095257461488515, 11.633177646673479 ], [ 76.095021274016418, 11.63375720377511 ], [ 76.09420502144539, 11.634917565794728 ], [ 76.094169705279413, 11.635265829946052 ], [ 76.094207975652566, 11.635690675274828 ], [ 76.094209343640841, 11.636038770920843 ], [ 76.093928164790313, 11.636835496716973 ], [ 76.094509616399336, 11.637830323256754 ], [ 76.095351668527869, 11.63674188895653 ], [ 76.096095888338823, 11.636492657397483 ], [ 76.096907115723084, 11.636376582055375 ], [ 76.097182119328181, 11.636339367606878 ], [ 76.098424851173903, 11.63633912652738 ], [ 76.098736694236592, 11.636351516438744 ], [ 76.099635960536986, 11.636474708701542 ], [ 76.100613853088973, 11.636755764141554 ], [ 76.10104119941748, 11.636971117239611 ], [ 76.101372214786394, 11.637186817444466 ], [ 76.101680389518137, 11.637434266710329 ], [ 76.102154612869697, 11.63792519854975 ], [ 76.102573794368311, 11.638389286854709 ], [ 76.102855021283602, 11.638772428151707 ], [ 76.103385855226406, 11.639652006091941 ], [ 76.103724564108475, 11.640663314831762 ], [ 76.10392284764572, 11.640938333531972 ], [ 76.104199312247545, 11.641276351060178 ], [ 76.104466213105852, 11.641492283646979 ], [ 76.104930051743651, 11.641675891756208 ], [ 76.105626422526228, 11.641510465625943 ], [ 76.106323043709651, 11.641394731880483 ], [ 76.10722124195577, 11.641237592052576 ], [ 76.108092381588222, 11.641207125940804 ], [ 76.108898777099029, 11.641032238256525 ], [ 76.11013235878508, 11.641031959763604 ], [ 76.110477884587084, 11.641437533556481 ], [ 76.110745142275434, 11.641761940811422 ], [ 76.110965966563342, 11.641928363796287 ], [ 76.111384476553056, 11.642225148294884 ], [ 76.112235594350992, 11.642936135207872 ], [ 76.113031314512838, 11.643525232443382 ], [ 76.113666841227456, 11.644209974748669 ], [ 76.114556183726293, 11.645268886061904 ], [ 76.115540778711178, 11.646078802535927 ], [ 76.116621663635115, 11.646883847637397 ], [ 76.117603781873242, 11.647069865221065 ], [ 76.120553442949287, 11.647307045072495 ], [ 76.123688549798061, 11.648045236667709 ], [ 76.126483152082656, 11.648500004601038 ], [ 76.12978118091236, 11.648708561343003 ], [ 76.13152478144923, 11.648963367944255 ], [ 76.1347540052939, 11.649127542285775 ], [ 76.13662000080447, 11.649025241158181 ], [ 76.137046547841024, 11.649005793666673 ], [ 76.137333972328321, 11.648992688250049 ], [ 76.13848066984275, 11.649076186827722 ], [ 76.138979163712364, 11.649059023125492 ], [ 76.139947539966528, 11.64808851216933 ], [ 76.14169897561942, 11.648133649254149 ], [ 76.143751654391409, 11.64812271685639 ], [ 76.145717776540423, 11.64880589831203 ], [ 76.14990158621687, 11.650809112531228 ], [ 76.151463180278938, 11.651611107780804 ], [ 76.152676521889106, 11.651447660595933 ], [ 76.153567196301438, 11.650874648797757 ], [ 76.153835516489266, 11.650195350400454 ], [ 76.154323713669399, 11.649070887337686 ] ] ] ] } },
{ "type": "Feature", "properties": { "village_code": "627340", "village": "Vellarimala", "village_name": "Vellarimala", "district": "Wayanad", "subdistrict_code": 5637, "households_2011": 1711.0, "population_2011": 7548, "male_population_2011": 3692.0, "female_population_2011": 3856.0 }, "geometry": { "type": "MultiPolygon", "coordinates": [ [ [ [ 76.151137661902013, 11.532279641745346 ], [ 76.150964995784463, 11.531534345374324 ], [ 76.150458012051757, 11.530867292408468 ], [ 76.15008634157752, 11.52964820281221 ], [ 76.150117152233136, 11.529318057319097 ], [ 76.150815545091277, 11.528592001015015 ], [ 76.151233541281968, 11.527677131080166 ], [ 76.151761959707699, 11.526870422913726 ], [ 76.152885825945702, 11.525948246489914 ], [ 76.153612501576376, 11.525420972634866 ], [ 76.153781157619704, 11.52519873807773 ], [ 76.154622318788796, 11.524639390867263 ], [ 76.156304226101355, 11.523439193864712 ], [ 76.157391672721147, 11.52257595259614 ], [ 76.158090965501259, 11.522075868358689 ], [ 76.159019710778765, 11.521656309931748 ], [ 76.159496861818354, 11.521762876460397 ], [ 76.159862421968043, 11.521485719879372 ], [ 76.160223963494062, 11.521344107944618 ], [ 76.160672610554201, 11.521202129961344 ], [ 76.16120863961639, 11.521145780622087 ], [ 76.161772422851797, 11.521143534713653 ], [ 76.162418503646549, 11.521086713172 ], [ 76.163004856677134, 11.520998449860038 ], [ 76.163486100850903, 11.520996502657553 ], [ 76.164033866360569, 11.520987576908411 ], [ 76.165145136478344, 11.520908554076099 ], [ 76.165648397082293, 11.520685016303807 ], [ 76.166374789880635, 11.520098916537982 ], [ 76.166964463994873, 11.519707795706045 ], [ 76.167443776638635, 11.519235657720369 ], [ 76.168027946715128, 11.518623023818581 ], [ 76.168507653828783, 11.518232374520293 ], [ 76.168928008890077, 11.517896103150205 ], [ 76.169457592291835, 11.517396735369564 ], [ 76.171748863419126, 11.516139818988036 ], [ 76.173375435679432, 11.514885523361423 ], [ 76.174495802080727, 11.514270743870812 ], [ 76.17539277736374, 11.513932530205013 ], [ 76.176376774184234, 11.51356689861518 ], [ 76.178285899081843, 11.513034849837307 ], [ 76.179440297216132, 11.512862848382253 ], [ 76.180086407132848, 11.512833171219128 ], [ 76.180869293459736, 11.512608410089907 ], [ 76.181487602261683, 11.51249289946302 ], [ 76.182133710694316, 11.512463122068764 ], [ 76.182472030715786, 11.512240263437842 ], [ 76.183692223714075, 11.511941460748508 ], [ 76.184036790875638, 11.511587449417908 ], [ 76.184260416311758, 11.511337907718753 ], [ 76.184515782196286, 11.51103396371324 ], [ 76.184707232454059, 11.510784554633243 ], [ 76.184990138840078, 11.510476030391931 ], [ 76.185268611966592, 11.510199114227902 ], [ 76.185802632892262, 11.50966800652491 ], [ 76.186420025560153, 11.509335515595037 ], [ 76.187064789896169, 11.508971216435185 ], [ 76.188071241331457, 11.508524096569262 ], [ 76.188606371600329, 11.508241674910536 ], [ 76.189365316945896, 11.507795514748585 ], [ 76.189950691722643, 11.507490274664308 ], [ 76.191048748437126, 11.507011059303951 ], [ 76.192787972804695, 11.506420767155886 ], [ 76.19464402853167, 11.506358916224702 ], [ 76.19655590168351, 11.506491218036668 ], [ 76.197427036029481, 11.506569026520044 ], [ 76.198243385948189, 11.50667862796282 ], [ 76.199279248529649, 11.506674377094884 ], [ 76.200038813387351, 11.506391037060633 ], [ 76.200404428137105, 11.506140839030566 ], [ 76.200665809328015, 11.505938596727411 ], [ 76.199962218907984, 11.50562756101805 ], [ 76.199159759249838, 11.505544929119036 ], [ 76.198681166801506, 11.50508129074831 ], [ 76.19793435376944, 11.504067233241463 ], [ 76.197072225659667, 11.502886349650415 ], [ 76.196380203215398, 11.501817782038724 ], [ 76.194888315752564, 11.500182928049107 ], [ 76.194042626909791, 11.499621362051597 ], [ 76.192843670291865, 11.498979811303078 ], [ 76.191891656270698, 11.498210637873044 ], [ 76.191069198156924, 11.497725833928142 ], [ 76.190485799423854, 11.496304164329658 ], [ 76.189902809699845, 11.495004627022073 ], [ 76.189240076698795, 11.494360864315857 ], [ 76.189069877048624, 11.493100282757172 ], [ 76.189314805258945, 11.49248902995356 ], [ 76.189063720358789, 11.49163563231806 ], [ 76.188071214524115, 11.491029393713692 ], [ 76.187574629881937, 11.490665207688251 ], [ 76.187710089453205, 11.49016738676838 ], [ 76.187800203911181, 11.489798625838668 ], [ 76.187437313860556, 11.489598918203844 ], [ 76.186965443407075, 11.489659591466127 ], [ 76.186592964175574, 11.489358195780786 ], [ 76.186161116232171, 11.489115866071353 ], [ 76.185519081569538, 11.489014547651552 ], [ 76.1851689147787, 11.488572885565722 ], [ 76.184960839972703, 11.488144298732424 ], [ 76.184605834423877, 11.487639423170096 ], [ 76.18431485068038, 11.487089122643251 ], [ 76.184392883503463, 11.486030938895738 ], [ 76.184676134273673, 11.484709774744502 ], [ 76.184632283585358, 11.484090561027502 ], [ 76.184217762271729, 11.483604019614065 ], [ 76.183580433104197, 11.483525259089921 ], [ 76.182880199607808, 11.483754106010942 ], [ 76.182219358629624, 11.483553412718507 ], [ 76.181458053259945, 11.483434381505001 ], [ 76.181515395389638, 11.482887175295064 ], [ 76.182048408838099, 11.482130094072616 ], [ 76.182417023831789, 11.481500192903571 ], [ 76.182520446075713, 11.481011537981907 ], [ 76.182785043424772, 11.480725634349522 ], [ 76.183526672302406, 11.480519255879406 ], [ 76.183896138984196, 11.480110888683999 ], [ 76.184142990867841, 11.479965183053642 ], [ 76.184555089516266, 11.479864083586536 ], [ 76.184883501615232, 11.479496612835193 ], [ 76.185560218924721, 11.479105010066524 ], [ 76.186300004450487, 11.478482674031325 ], [ 76.186605726062481, 11.478155960038993 ], [ 76.186791499676943, 11.47764886877531 ], [ 76.186747971769449, 11.477097541749643 ], [ 76.1864736717651, 11.476162911671196 ], [ 76.185956147579674, 11.475152399977819 ], [ 76.185664880847995, 11.474543273183114 ], [ 76.185439201531693, 11.474277442169402 ], [ 76.185560830718543, 11.473770631492091 ], [ 76.185764745107406, 11.473218346546577 ], [ 76.185721445756101, 11.472712181732843 ], [ 76.185367717975979, 11.472528269465419 ], [ 76.184194918669917, 11.472614362799192 ], [ 76.183327438911775, 11.472314978876183 ], [ 76.182003409218993, 11.471321301422433 ], [ 76.181111827810071, 11.470719196026533 ], [ 76.179932252648683, 11.470294478857667 ], [ 76.179416688347558, 11.469726931992671 ], [ 76.178900090416889, 11.468937943331705 ], [ 76.178174135511043, 11.468493266552402 ], [ 76.176546366495955, 11.468278303573838 ], [ 76.175329087572635, 11.467591571127036 ], [ 76.174832192956771, 11.467123456378539 ], [ 76.174153555488928, 11.467044810511931 ], [ 76.172853003499043, 11.467276077459017 ], [ 76.172114463128011, 11.467093629300372 ], [ 76.171864022735576, 11.466384926685635 ], [ 76.171490064819025, 11.465712835951354 ], [ 76.170664584033773, 11.465575990425435 ], [ 76.170008889881714, 11.465497221169082 ], [ 76.16918235952231, 11.465093694179448 ], [ 76.168147707573652, 11.464243381163461 ], [ 76.167632616782811, 11.463806928931149 ], [ 76.167360445941313, 11.463360503808248 ], [ 76.167149427451264, 11.462204009586046 ], [ 76.166651341478882, 11.461432974021516 ], [ 76.166117861603809, 11.460964938138828 ], [ 76.165161079290499, 11.458979672161794 ], [ 76.164307807635254, 11.457640407119683 ], [ 76.162783260889299, 11.456891540248474 ], [ 76.160742641873043, 11.456574206624706 ], [ 76.160681737712295, 11.457370054289377 ], [ 76.159943160288933, 11.458308803618001 ], [ 76.159431350589301, 11.458654408961799 ], [ 76.15881197490873, 11.4584760019659 ], [ 76.158563750654878, 11.458291624760641 ], [ 76.158532709481548, 11.456298156420111 ], [ 76.158182952232963, 11.455946867450168 ], [ 76.154505971178295, 11.453276152887828 ], [ 76.152750642230231, 11.452103135552223 ], [ 76.152296144084318, 11.451883458458317 ], [ 76.151077740746501, 11.452028324439977 ], [ 76.148949249692691, 11.452647042751291 ], [ 76.147730635721871, 11.452733213016979 ], [ 76.147257874420518, 11.452549701062523 ], [ 76.146470662746481, 11.451662236401789 ], [ 76.146079409829383, 11.451234290480546 ], [ 76.145377586716407, 11.451056216620147 ], [ 76.144741134858862, 11.45119880168274 ], [ 76.143596682916098, 11.45134202816457 ], [ 76.143274951757419, 11.451234388455134 ], [ 76.143006383626698, 11.451104338475259 ], [ 76.142721296692343, 11.45080251950872 ], [ 76.141724947048047, 11.452128289782397 ], [ 76.13843564559518, 11.455830077567448 ], [ 76.137208805061135, 11.457308608612319 ], [ 76.135068113353199, 11.459464300803003 ], [ 76.133836824062882, 11.459826209283902 ], [ 76.132124854704699, 11.460334590200871 ], [ 76.131239871758964, 11.46250803064062 ], [ 76.130809401517141, 11.46374832022175 ], [ 76.12950740901357, 11.463635815383975 ], [ 76.128252594524398, 11.46385322300736 ], [ 76.126675494635109, 11.464862905984793 ], [ 76.12578933399945, 11.465603132321307 ], [ 76.124608186012978, 11.467063388176518 ], [ 76.12393847347542, 11.468065015623264 ], [ 76.124016967635797, 11.469380348852399 ], [ 76.123854496441922, 11.471166592221241 ], [ 76.123400718153107, 11.472312143475554 ], [ 76.123013294827771, 11.472860622179034 ], [ 76.122651175532127, 11.472839437855965 ], [ 76.122120464973491, 11.473081052941042 ], [ 76.121594613337507, 11.47336785568104 ], [ 76.121013031103843, 11.473487688818253 ], [ 76.120409198798797, 11.473779309446188 ], [ 76.119255783627153, 11.474163507271371 ], [ 76.118070090610217, 11.474502571609225 ], [ 76.116385665553963, 11.475033444508577 ], [ 76.115103839172207, 11.475395462867272 ], [ 76.113922180827956, 11.475612405263538 ], [ 76.112524159940577, 11.475545431466914 ], [ 76.111363341525177, 11.475219868647962 ], [ 76.109655985840902, 11.476930680569017 ], [ 76.109226893391181, 11.477388872644459 ], [ 76.108166127993456, 11.47803487141816 ], [ 76.107225472383675, 11.478919982242546 ], [ 76.106283320756887, 11.480591705260064 ], [ 76.105563383721844, 11.481665862836227 ], [ 76.104862398074246, 11.48174092482188 ], [ 76.10363523359392, 11.482030354979543 ], [ 76.101871912064112, 11.482348943132958 ], [ 76.10136294746836, 11.482278546322819 ], [ 76.100666018761018, 11.482208783297775 ], [ 76.099840694880527, 11.482117037697389 ], [ 76.099240685696856, 11.482214202160472 ], [ 76.097209534206982, 11.482009388022098 ], [ 76.094118578264727, 11.481519174189206 ], [ 76.092839818491953, 11.481501321529789 ], [ 76.092088325935862, 11.481549345096084 ], [ 76.091535007165646, 11.481876934078736 ], [ 76.091248310216329, 11.482402422129026 ], [ 76.0903818260728, 11.483526847907438 ], [ 76.089684248386348, 11.484483315090809 ], [ 76.088917602236094, 11.48536777580208 ], [ 76.087856974268831, 11.486058830877496 ], [ 76.08674983244029, 11.486587403325927 ], [ 76.086798070627282, 11.487206611630306 ], [ 76.087144260398318, 11.489040721143981 ], [ 76.087338912603812, 11.489614187623911 ], [ 76.087752294891757, 11.489825043661229 ], [ 76.088331179006744, 11.490207160494904 ], [ 76.088864224628836, 11.490562333298172 ], [ 76.08930045502953, 11.490773178488896 ], [ 76.090412585337859, 11.491533083640752 ], [ 76.09159743029214, 11.492147978994375 ], [ 76.09230020411772, 11.492547711372454 ], [ 76.092667649097919, 11.492745222399643 ], [ 76.092528314824861, 11.493459980606003 ], [ 76.091664983080392, 11.49539359963136 ], [ 76.091904295846959, 11.495650253407147 ], [ 76.092170008835893, 11.495608584849052 ], [ 76.092476820666263, 11.495535143099181 ], [ 76.092820057279823, 11.495420791229112 ], [ 76.093048259834546, 11.495153234007697 ], [ 76.09308231685533, 11.494474986019904 ], [ 76.0933445366623, 11.493533687842937 ], [ 76.093456068337986, 11.492742110403409 ], [ 76.093796700902445, 11.49194968543946 ], [ 76.094024781144768, 11.49165049277234 ], [ 76.094023438092449, 11.491311409738703 ], [ 76.093756733954493, 11.491086378250349 ], [ 76.093260837056093, 11.490862197600711 ], [ 76.093371962005108, 11.490561115461526 ], [ 76.093868432861484, 11.490330954932844 ], [ 76.094592698763364, 11.490368965438932 ], [ 76.095165066310642, 11.4902131075019 ], [ 76.096080225768347, 11.489834461840664 ], [ 76.096726326854878, 11.489795792684335 ], [ 76.097299947596753, 11.489979003135291 ], [ 76.097794633252818, 11.489904829612408 ], [ 76.098288480766058, 11.489600095854602 ], [ 76.099203409703421, 11.489144549066378 ], [ 76.09966226354544, 11.489291993303633 ], [ 76.100426635790384, 11.489610133885547 ], [ 76.100768880902592, 11.489816802189962 ], [ 76.100848895409058, 11.490345393618915 ], [ 76.101116257953407, 11.49075572193402 ], [ 76.101617785817737, 11.491242109124556 ], [ 76.102074768132297, 11.492072181988449 ], [ 76.102540525002638, 11.493987227680586 ], [ 76.103466111539745, 11.496280287006428 ], [ 76.103735480993691, 11.4971834782915 ], [ 76.104121697136733, 11.497484847555732 ], [ 76.104503511790526, 11.497858646519388 ], [ 76.104771612982674, 11.498422752756476 ], [ 76.105539826891814, 11.499134154353582 ], [ 76.10595707543095, 11.499173198978362 ], [ 76.10645222017331, 11.499207514683041 ], [ 76.106988184703454, 11.499128572389445 ], [ 76.10729033640898, 11.499055152020119 ], [ 76.10878057175816, 11.499198680721289 ], [ 76.109377270622488, 11.49941789720458 ], [ 76.109837992395541, 11.500035458928464 ], [ 76.110219007613324, 11.500174174387473 ], [ 76.110877107578872, 11.500266584379677 ], [ 76.111208098464772, 11.499939831047664 ], [ 76.111560643380798, 11.499843574900536 ], [ 76.111936445434338, 11.500196418821316 ], [ 76.111842628572816, 11.500802577604189 ], [ 76.112169157042743, 11.501223162951936 ], [ 76.113388496644376, 11.501934186470953 ], [ 76.114095633212116, 11.502256972742224 ], [ 76.114099285472705, 11.503188263198538 ], [ 76.1135390277299, 11.504076456538948 ], [ 76.113491564939594, 11.504822593304166 ], [ 76.114108830263035, 11.505611329428817 ], [ 76.114679915820602, 11.50630985288989 ], [ 76.114870202187547, 11.506910414426349 ], [ 76.115014559665482, 11.507470433726194 ], [ 76.114969799288673, 11.507750867533359 ], [ 76.115204254364798, 11.507935336739367 ], [ 76.115631644971856, 11.508214012984675 ], [ 76.11610502683952, 11.508537648289369 ], [ 76.116107068378781, 11.509053061467489 ], [ 76.116013935711607, 11.509844564839634 ], [ 76.116867356963965, 11.510071819475444 ], [ 76.11701295737214, 11.510957333692401 ], [ 76.117301047501186, 11.511937212960694 ], [ 76.117776799256291, 11.512866677113806 ], [ 76.118014081993834, 11.513751805924368 ], [ 76.118204556241935, 11.514402135287371 ], [ 76.118819892550448, 11.514680052693414 ], [ 76.11981507697584, 11.514816327121014 ], [ 76.120851119854436, 11.514857532795149 ], [ 76.121231674206626, 11.514878681780834 ], [ 76.12132710855451, 11.515832153931489 ], [ 76.121425251812468, 11.516297461553778 ], [ 76.121569187337869, 11.516762573046188 ], [ 76.121991958952748, 11.517041198223788 ], [ 76.122562198740141, 11.517504632913955 ], [ 76.122894318913026, 11.518018742855118 ], [ 76.123226187802601, 11.518483096345955 ], [ 76.123135678194132, 11.51879538080553 ], [ 76.123989421755041, 11.520238668887263 ], [ 76.12584038806493, 11.522324620187245 ], [ 76.126649639880839, 11.52409361740346 ], [ 76.127425482834823, 11.525537234342123 ], [ 76.127854891625304, 11.526326732299475 ], [ 76.128186999541555, 11.526836252478811 ], [ 76.129472929414604, 11.527441559324075 ], [ 76.129345976241268, 11.527799198944047 ], [ 76.129292320342074, 11.528133948184072 ], [ 76.130403031826191, 11.529626031616687 ], [ 76.13157784507959, 11.531106505321125 ], [ 76.13189429328952, 11.531143647229801 ], [ 76.132339370152025, 11.531250430669438 ], [ 76.132811507703394, 11.531248610475048 ], [ 76.133352579876586, 11.531305257924929 ], [ 76.1339207041854, 11.531230678508784 ], [ 76.135207981726808, 11.531017725109621 ], [ 76.135500786336365, 11.530894499030376 ], [ 76.136437401739244, 11.531261538527053 ], [ 76.137035797824879, 11.53188307136084 ], [ 76.138030288917079, 11.53181585675844 ], [ 76.138355244641659, 11.531683488770602 ], [ 76.138803753134653, 11.531519036046015 ], [ 76.139085913444092, 11.531002519494221 ], [ 76.139334540237627, 11.53013357500712 ], [ 76.139910913314537, 11.529837459502104 ], [ 76.141033184259186, 11.52964776099066 ], [ 76.141488646081314, 11.530061887188408 ], [ 76.141577763050677, 11.530558776414114 ], [ 76.142022531960023, 11.530597736894125 ], [ 76.142747215325187, 11.530694371119324 ], [ 76.143067964954483, 11.530670493806587 ], [ 76.143680308989303, 11.531337083063866 ], [ 76.144281332858398, 11.531456777883134 ], [ 76.145405033874638, 11.531624199172857 ], [ 76.14634261546523, 11.531654361282596 ], [ 76.147848770559349, 11.531743383747822 ], [ 76.148244478335556, 11.532096658650238 ], [ 76.148566066802317, 11.532289837951952 ], [ 76.149342940902059, 11.532815632151602 ], [ 76.149990123225038, 11.533034616810479 ], [ 76.150412040003687, 11.533087178500903 ], [ 76.150805706755705, 11.532945457731731 ], [ 76.15105661480851, 11.532641607046664 ], [ 76.151137661902013, 11.532279641745346 ] ] ] ] } },
{ "type": "Feature", "properties": { "village_code": "627337", "village": "Kottappadi Part", "village_name": "Kottappadi (Part)", "district": "Wayanad", "subdistrict_code": 5637, "households_2011": 5262.0, "population_2011": 23384, "male_population_2011": 11228.0, "female_population_2011": 12156.0 }, "geometry": { "type": "MultiPolygon", "coordinates": [ [ [ [ 76.113209347364588, 11.576269619027205 ], [ 76.114770330221731, 11.575662357673641 ], [ 76.115151445561992, 11.575739507772051 ], [ 76.115384500590565, 11.575605763101432 ], [ 76.116170625712641, 11.575010505796428 ], [ 76.116722822528587, 11.574927025835541 ], [ 76.117074057210573, 11.575065801429258 ], [ 76.117386436896524, 11.575216051022172 ], [ 76.117529599028032, 11.575479981352165 ], [ 76.117672982307454, 11.575786783133436 ], [ 76.118205936270556, 11.57608766911523 ], [ 76.118627753201338, 11.57608605838964 ], [ 76.119104084041922, 11.57597566949914 ], [ 76.119502385123297, 11.575833952837684 ], [ 76.120372473605684, 11.575577483625347 ], [ 76.121105221032437, 11.575380205799599 ], [ 76.122346543565627, 11.575099633161948 ], [ 76.123106395372304, 11.574789313543368 ], [ 76.124822060167659, 11.573892074714937 ], [ 76.125695679171827, 11.573386854649151 ], [ 76.126313542, 11.5731087290694 ], [ 76.127498451943964, 11.572489249696494 ], [ 76.128638810081, 11.572181910837507 ], [ 76.129426516369932, 11.571979953693072 ], [ 76.129990414881391, 11.571977738385014 ], [ 76.130614855887728, 11.572201362549212 ], [ 76.131235477366943, 11.57261482459057 ], [ 76.131971509161176, 11.573253896451625 ], [ 76.133723275830334, 11.574499308694145 ], [ 76.134487536717273, 11.575300954327776 ], [ 76.135309442764779, 11.575605177735502 ], [ 76.136323411699706, 11.575795590150085 ], [ 76.137030166283239, 11.575960113043042 ], [ 76.138130470521133, 11.57595577936023 ], [ 76.139429039935337, 11.575114340093311 ], [ 76.14009984047108, 11.574338604653502 ], [ 76.140551190313701, 11.57369495949294 ], [ 76.140851576798426, 11.573160283713682 ], [ 76.141272499192084, 11.572937082736223 ], [ 76.14284808545213, 11.572578281162533 ], [ 76.142553054712678, 11.572186193101093 ], [ 76.142468026734349, 11.571567189115205 ], [ 76.141814387040924, 11.570909665637767 ], [ 76.141313484527842, 11.570622355145987 ], [ 76.141018060777142, 11.570126224544508 ], [ 76.140991864361965, 11.569321664545441 ], [ 76.141116741195262, 11.568453218674426 ], [ 76.141637235751773, 11.567913137708739 ], [ 76.142492281966639, 11.567371811707773 ], [ 76.143012867620513, 11.566854446557878 ], [ 76.143202922270135, 11.566252437073102 ], [ 76.143029142329837, 11.565217909177813 ], [ 76.142919518125623, 11.564187550093893 ], [ 76.142875776776719, 11.56358653593106 ], [ 76.142602874035703, 11.562990875693771 ], [ 76.142324537894666, 11.562182773282682 ], [ 76.142345837079262, 11.561771294024581 ], [ 76.142488687736645, 11.560821321925662 ], [ 76.142546189710671, 11.560301203021265 ], [ 76.142632124448838, 11.560011544083666 ], [ 76.143038899879528, 11.560269927781825 ], [ 76.143343526194172, 11.560216720678273 ], [ 76.14357138820202, 11.559885818093218 ], [ 76.143338707328141, 11.55903686188576 ], [ 76.143213042069917, 11.55855813845711 ], [ 76.143253122854716, 11.558286712265749 ], [ 76.14341663690854, 11.557892778216409 ], [ 76.143373102063833, 11.557336947002396 ], [ 76.142971083731638, 11.556551937501681 ], [ 76.142615128848789, 11.555830013596159 ], [ 76.142397211251222, 11.555598801378617 ], [ 76.14161449468159, 11.555526523277033 ], [ 76.140879525194208, 11.555140599682684 ], [ 76.140789681776837, 11.554471924392834 ], [ 76.140374890627371, 11.55394014312321 ], [ 76.140181220989149, 11.553642486628473 ], [ 76.139922590607895, 11.553182440512311 ], [ 76.139866245136488, 11.552848112341994 ], [ 76.13972967431522, 11.551940020742068 ], [ 76.139110007000994, 11.551748040852797 ], [ 76.138115972502561, 11.551941751974482 ], [ 76.137583891935137, 11.551857958813915 ], [ 76.137270567328613, 11.551474945918976 ], [ 76.137044406070359, 11.551087079542683 ], [ 76.136960250303673, 11.550671504174185 ], [ 76.137041550734409, 11.550390925724564 ], [ 76.137265234225453, 11.550141329396723 ], [ 76.137489048815482, 11.549946095229942 ], [ 76.137773123917896, 11.549917898235687 ], [ 76.138052786964707, 11.549916804925287 ], [ 76.138364542786078, 11.549915496054496 ], [ 76.13875388981846, 11.549832632914498 ], [ 76.139147098437661, 11.549577971449972 ], [ 76.139539618352742, 11.54916049609904 ], [ 76.139850027973992, 11.54882922777136 ], [ 76.139903078616214, 11.548354357989833 ], [ 76.139844331594361, 11.547425576719085 ], [ 76.139924708591565, 11.54688510103165 ], [ 76.140005700741497, 11.54652312105428 ], [ 76.140032106855102, 11.546247191440845 ], [ 76.140171523107369, 11.545582114974131 ], [ 76.140283226020827, 11.544858331483663 ], [ 76.140308810876775, 11.544388133708637 ], [ 76.140361561802777, 11.543831862249572 ], [ 76.140415483422345, 11.543555869281441 ], [ 76.140317599566714, 11.543153906061317 ], [ 76.139789307201269, 11.542875703758808 ], [ 76.139398465971652, 11.542578859358866 ], [ 76.13917973541858, 11.5417660221538 ], [ 76.139178110136442, 11.541377208490925 ], [ 76.139128159460654, 11.539221094720395 ], [ 76.139538860633522, 11.537605561093672 ], [ 76.139722130515153, 11.536447557301589 ], [ 76.140252403430139, 11.536086055823983 ], [ 76.140587283992971, 11.536141209321116 ], [ 76.14110601867587, 11.536338109686579 ], [ 76.141393957597458, 11.536133523550124 ], [ 76.141791887559393, 11.535901439137374 ], [ 76.142371126718515, 11.534041152986623 ], [ 76.142679457517715, 11.533217155863497 ], [ 76.142829049260698, 11.532787100682921 ], [ 76.143328996862195, 11.532880099852521 ], [ 76.143846774940755, 11.532814756229511 ], [ 76.144044129919578, 11.531747102175936 ], [ 76.144281332858398, 11.531456777883134 ], [ 76.143680308989303, 11.531337083063866 ], [ 76.143067964954483, 11.530670493806587 ], [ 76.142747215325187, 11.530694371119324 ], [ 76.142022531960023, 11.530597736894125 ], [ 76.141577763050677, 11.530558776414114 ], [ 76.141488646081314, 11.530061887188408 ], [ 76.141033184259186, 11.52964776099066 ], [ 76.139910913314537, 11.529837459502104 ], [ 76.139334540237627, 11.53013357500712 ], [ 76.139085913444092, 11.531002519494221 ], [ 76.138803753134653, 11.531519036046015 ], [ 76.138355244641659, 11.531683488770602 ], [ 76.138030288917079, 11.53181585675844 ], [ 76.137035797824879, 11.53188307136084 ], [ 76.136437401739244, 11.531261538527053 ], [ 76.135500786336365, 11.530894499030376 ], [ 76.135207981726808, 11.531017725109621 ], [ 76.1339207041854, 11.531230678508784 ], [ 76.133352579876586, 11.531305257924929 ], [ 76.132811507703394, 11.531248610475048 ], [ 76.132339370152025, 11.531250430669438 ], [ 76.13189429328952, 11.531143647229801 ], [ 76.13157784507959, 11.531106505321125 ], [ 76.130403031826191, 11.529626031616687 ], [ 76.129292320342074, 11.528133948184072 ], [ 76.129345976241268, 11.527799198944047 ], [ 76.129472929414604, 11.527441559324075 ], [ 76.128186999541555, 11.526836252478811 ], [ 76.127854891625304, 11.526326732299475 ], [ 76.127425482834823, 11.525537234342123 ], [ 76.126649639880839, 11.52409361740346 ], [ 76.12584038806493, 11.522324620187245 ], [ 76.123989421755041, 11.520238668887263 ], [ 76.123135678194132, 11.51879538080553 ], [ 76.123226187802601, 11.518483096345955 ], [ 76.122894318913026, 11.518018742855118 ], [ 76.122562198740141, 11.517504632913955 ], [ 76.121991958952748, 11.517041198223788 ], [ 76.121569187337869, 11.516762573046188 ], [ 76.121425251812468, 11.516297461553778 ], [ 76.12132710855451, 11.515832153931489 ], [ 76.121231674206626, 11.514878681780834 ], [ 76.120851119854436, 11.514857532795149 ], [ 76.11981507697584, 11.514816327121014 ], [ 76.118819892550448, 11.514680052693414 ], [ 76.118204556241935, 11.514402135287371 ], [ 76.118014081993834, 11.513751805924368 ], [ 76.117776799256291, 11.512866677113806 ], [ 76.117301047501186, 11.511937212960694 ], [ 76.11701295737214, 11.510957333692401 ], [ 76.116867356963965, 11.510071819475444 ], [ 76.116013935711607, 11.509844564839634 ], [ 76.116107068378781, 11.509053061467489 ], [ 76.11610502683952, 11.508537648289369 ], [ 76.115631644971856, 11.508214012984675 ], [ 76.115204254364798, 11.507935336739367 ], [ 76.114969799288673, 11.507750867533359 ], [ 76.115014559665482, 11.507470433726194 ], [ 76.114870202187547, 11.506910414426349 ], [ 76.114679915820602, 11.50630985288989 ], [ 76.114108830263035, 11.505611329428817 ], [ 76.113491564939594, 11.504822593304166 ], [ 76.1135390277299, 11.504076456538948 ], [ 76.114099285472705, 11.503188263198538 ], [ 76.114095633212116, 11.502256972742224 ], [ 76.113388496644376, 11.501934186470953 ], [ 76.112169157042743, 11.501223162951936 ], [ 76.111842628572816, 11.500802577604189 ], [ 76.111936445434338, 11.500196418821316 ], [ 76.111560643380798, 11.499843574900536 ], [ 76.111208098464772, 11.499939831047664 ], [ 76.110877107578872, 11.500266584379677 ], [ 76.110219007613324, 11.500174174387473 ], [ 76.109837992395541, 11.500035458928464 ], [ 76.109377270622488, 11.49941789720458 ], [ 76.10878057175816, 11.499198680721289 ], [ 76.10729033640898, 11.499055152020119 ], [ 76.106988184703454, 11.499128572389445 ], [ 76.10645222017331, 11.499207514683041 ], [ 76.10595707543095, 11.499173198978362 ], [ 76.105539826891814, 11.499134154353582 ], [ 76.104771612982674, 11.498422752756476 ], [ 76.104503511790526, 11.497858646519388 ], [ 76.104121697136733, 11.497484847555732 ], [ 76.103735480993691, 11.4971834782915 ], [ 76.103466111539745, 11.496280287006428 ], [ 76.102540525002638, 11.493987227680586 ], [ 76.102074768132297, 11.492072181988449 ], [ 76.101617785817737, 11.491242109124556 ], [ 76.101116257953407, 11.49075572193402 ], [ 76.100848895409058, 11.490345393618915 ], [ 76.100768880902592, 11.489816802189962 ], [ 76.100426635790384, 11.489610133885547 ], [ 76.09966226354544, 11.489291993303633 ], [ 76.099203409703421, 11.489144549066378 ], [ 76.098288480766058, 11.489600095854602 ], [ 76.097794633252818, 11.489904829612408 ], [ 76.097299947596753, 11.489979003135291 ], [ 76.096726326854878, 11.489795792684335 ], [ 76.096080225768347, 11.489834461840664 ], [ 76.095165066310642, 11.4902131075019 ], [ 76.094592698763364, 11.490368965438932 ], [ 76.093868432861484, 11.490330954932844 ], [ 76.093371962005108, 11.490561115461526 ], [ 76.093260837056093, 11.490862197600711 ], [ 76.093756733954493, 11.491086378250349 ], [ 76.094023438092449, 11.491311409738703 ], [ 76.094024781144768, 11.49165049277234 ], [ 76.093796700902445, 11.49194968543946 ], [ 76.093456068337986, 11.492742110403409 ], [ 76.0933445366623, 11.493533687842937 ], [ 76.09308231685533, 11.494474986019904 ], [ 76.093048259834546, 11.495153234007697 ], [ 76.092820057279823, 11.495420791229112 ], [ 76.092476820666263, 11.495535143099181 ], [ 76.092170008835893, 11.495608584849052 ], [ 76.091904295846959, 11.495650253407147 ], [ 76.091664983080392, 11.49539359963136 ], [ 76.091282529612485, 11.496059599596412 ], [ 76.090776447324288, 11.496753199408408 ], [ 76.090971887330127, 11.497539071829122 ], [ 76.091143034327118, 11.497945355257475 ], [ 76.091241921876701, 11.498614001675985 ], [ 76.091170550656969, 11.4991341585347 ], [ 76.090862241206267, 11.499994257557306 ], [ 76.090733573721849, 11.500529094681061 ], [ 76.089539755687525, 11.501757801782595 ], [ 76.089285049354686, 11.502265093022405 ], [ 76.088984211486476, 11.502700281014208 ], [ 76.088872488044956, 11.503432944980759 ], [ 76.088805968217827, 11.504029931130399 ], [ 76.088540617351796, 11.504754348110515 ], [ 76.088693872377988, 11.505865913873738 ], [ 76.088746817287756, 11.506530261426443 ], [ 76.088932304447169, 11.507076561691354 ], [ 76.089236653636206, 11.507559153917759 ], [ 76.089472408860004, 11.508082678301088 ], [ 76.089983137765927, 11.508587142441614 ], [ 76.090265116696941, 11.509205376487586 ], [ 76.089575454985749, 11.511038865405967 ], [ 76.089252288504596, 11.511636866309537 ], [ 76.088859661489536, 11.512027104831679 ], [ 76.088324337375042, 11.51228229857195 ], [ 76.087816523623843, 11.512537341036538 ], [ 76.087235351097362, 11.512788119068709 ], [ 76.086562367163594, 11.512998616710938 ], [ 76.085866290441786, 11.513182069503074 ], [ 76.085469602691163, 11.512519012087918 ], [ 76.084380661946412, 11.513051942015649 ], [ 76.083895436811972, 11.513212054544869 ], [ 76.083245389752832, 11.51342235389812 ], [ 76.082686957065192, 11.513627861782087 ], [ 76.082271084596115, 11.51395039190527 ], [ 76.081993761376523, 11.514548196368237 ], [ 76.081746895633358, 11.515923338401493 ], [ 76.081493303142409, 11.516751710730496 ], [ 76.081193500120435, 11.517462560956057 ], [ 76.08075513707341, 11.517898221649547 ], [ 76.080243186373664, 11.51826624531031 ], [ 76.079804349306656, 11.518588865891282 ], [ 76.079682490749633, 11.518820946203181 ], [ 76.080239853538401, 11.519794206005068 ], [ 76.080385097558135, 11.520616421539412 ], [ 76.080849992413775, 11.521116528253932 ], [ 76.081133428280893, 11.522123614235923 ], [ 76.081273450960026, 11.522765063159968 ], [ 76.081508790435308, 11.523180097268547 ], [ 76.081927813331404, 11.523680297368927 ], [ 76.082163717960015, 11.524230998538398 ], [ 76.081326806649457, 11.524735870431531 ], [ 76.080958153733562, 11.525424394349047 ], [ 76.08096004789455, 11.525930731648762 ], [ 76.081288294137508, 11.526661900735469 ], [ 76.081706854338179, 11.527026531204411 ], [ 76.08207887130574, 11.527210517712815 ], [ 76.082313356474145, 11.527390458947345 ], [ 76.082777154859542, 11.527619321902275 ], [ 76.083103664206334, 11.527893813601626 ], [ 76.083292880744835, 11.528214116203239 ], [ 76.083528556249206, 11.528715063684778 ], [ 76.083903712130507, 11.529721802155397 ], [ 76.084046135401195, 11.531005191409948 ], [ 76.08428400433354, 11.532057660546741 ], [ 76.084376694200415, 11.532333046984579 ], [ 76.084793901914836, 11.532331500178131 ], [ 76.085211734153049, 11.532515292451782 ], [ 76.085584094155834, 11.532785092293912 ], [ 76.085635567305275, 11.53425420888205 ], [ 76.083456741258345, 11.53508514639155 ], [ 76.080997878141147, 11.535826615153741 ], [ 76.080673623815201, 11.536148795732009 ], [ 76.08053722051595, 11.536425114512873 ], [ 76.080121798498453, 11.536887756213316 ], [ 76.079565155639017, 11.537577006649483 ], [ 76.078782146452482, 11.538999453724765 ], [ 76.077627725360031, 11.540396115331921 ], [ 76.077115682731858, 11.540764248539544 ], [ 76.076933713852071, 11.541135586232127 ], [ 76.076512652454383, 11.541318005872425 ], [ 76.07604998772193, 11.54141013087969 ], [ 76.07567925831583, 11.541551654596567 ], [ 76.075401704567824, 11.542099744351711 ], [ 76.075174254884033, 11.542561641408396 ], [ 76.074706970500756, 11.542653772695502 ], [ 76.073963479914084, 11.542426017868598 ], [ 76.073829762938686, 11.54343462399815 ], [ 76.072899900350791, 11.543623419736873 ], [ 76.071598357586254, 11.543718613875376 ], [ 76.07146174276491, 11.543949765137874 ], [ 76.0711369333373, 11.544131751779833 ], [ 76.070811107151471, 11.54404256549712 ], [ 76.070530569623358, 11.543813012897919 ], [ 76.070113420516648, 11.543814517976671 ], [ 76.069885479575007, 11.544136362326613 ], [ 76.069433449876442, 11.544630789534903 ], [ 76.068705687183254, 11.544922834528911 ], [ 76.068427094828181, 11.545199564726243 ], [ 76.067267780763629, 11.545339466170882 ], [ 76.066524106252814, 11.545066505770246 ], [ 76.065728459034048, 11.544382237754673 ], [ 76.065589176252189, 11.543926165350852 ], [ 76.065170280068372, 11.543466536919638 ], [ 76.064799348417878, 11.543562866194675 ], [ 76.064681529524947, 11.543927216661011 ], [ 76.064522441426277, 11.54429619680884 ], [ 76.064289913734058, 11.544618087978765 ], [ 76.064524869381145, 11.544938163968009 ], [ 76.064805024632236, 11.545072798805009 ], [ 76.064852246846243, 11.545438813549355 ], [ 76.064764223254613, 11.546137004015222 ], [ 76.064705457443509, 11.546619233784858 ], [ 76.064820477306057, 11.547947943585122 ], [ 76.065109517285151, 11.549226285390578 ], [ 76.065111792422428, 11.549836616009326 ], [ 76.065060579518089, 11.550831378016262 ], [ 76.065117292783867, 11.551278700939202 ], [ 76.065313659965298, 11.551691648031023 ], [ 76.065848905163591, 11.551994847165062 ], [ 76.066134370779153, 11.552328307766128 ], [ 76.066361121863409, 11.552879020235286 ], [ 76.06641824090903, 11.553434889771488 ], [ 76.066474904512077, 11.553877705825254 ], [ 76.066477515380839, 11.554571665045161 ], [ 76.066649160474441, 11.555097652713094 ], [ 76.06676102847095, 11.555599051703286 ], [ 76.066206290226191, 11.556803620757794 ], [ 76.066209830385219, 11.557743938341869 ], [ 76.065928603081176, 11.558522625541803 ], [ 76.06548159526011, 11.559134576819467 ], [ 76.064866035806602, 11.560022873636184 ], [ 76.064867745659527, 11.560465898879754 ], [ 76.065039626871183, 11.561075606646362 ], [ 76.065157470765214, 11.561911540134567 ], [ 76.065782848620117, 11.563627133518592 ], [ 76.066181310223001, 11.564733220937617 ], [ 76.066466026445099, 11.566065876424348 ], [ 76.066467653775234, 11.566508908821302 ], [ 76.065680629785803, 11.566900570724004 ], [ 76.065908427389687, 11.567731522159299 ], [ 76.066420409339017, 11.568561468324665 ], [ 76.066927058624614, 11.569169948679011 ], [ 76.067599117328143, 11.56867017903269 ], [ 76.068275132302887, 11.569219221078352 ], [ 76.069123320152684, 11.570436680925278 ], [ 76.07031035373258, 11.571544458540149 ], [ 76.070987720297452, 11.572427989216303 ], [ 76.071062988702039, 11.572947610433197 ], [ 76.072105902841386, 11.572301870898531 ], [ 76.073727780927626, 11.572020015470368 ], [ 76.074912643463932, 11.571355620270522 ], [ 76.075885616269829, 11.571605196244851 ], [ 76.076499435427394, 11.571489892602195 ], [ 76.077342730490358, 11.571400808856689 ], [ 76.077896459391354, 11.571127531736634 ], [ 76.078395122123794, 11.57086797724072 ], [ 76.078820600376488, 11.570635800147295 ], [ 76.079445387768359, 11.57095449456645 ], [ 76.079862508721249, 11.570943854041651 ], [ 76.080205995138328, 11.570834099677503 ], [ 76.080663525303294, 11.570606399920178 ], [ 76.081217601266275, 11.570414436473422 ], [ 76.082034868563184, 11.570732360032695 ], [ 76.082713004036194, 11.571814809099189 ], [ 76.083956660359689, 11.57213116238653 ], [ 76.084626125209994, 11.572169341636988 ], [ 76.085277210130513, 11.57218492480553 ], [ 76.0857802200035, 11.57184856662248 ], [ 76.086212573143314, 11.571015076005548 ], [ 76.086613890786637, 11.570462002088554 ], [ 76.087279297708591, 11.571815791704465 ], [ 76.086972064800293, 11.572397860170637 ], [ 76.086756087594807, 11.572852973474609 ], [ 76.086715951446649, 11.573151532784316 ], [ 76.087212085893, 11.573416367579243 ], [ 76.087691492847441, 11.574083628383098 ], [ 76.090508064911603, 11.573887506546392 ], [ 76.095261660072694, 11.575936551864055 ], [ 76.097163098249794, 11.579103229343076 ], [ 76.099064535188617, 11.581711052589551 ], [ 76.100015254863635, 11.583201228180855 ], [ 76.100643634802367, 11.58412460020104 ], [ 76.101025442191869, 11.583870425092277 ], [ 76.102617553723107, 11.582996368366953 ], [ 76.10373269593984, 11.582097035292598 ], [ 76.104782999304007, 11.581021571767097 ], [ 76.1056825130471, 11.580095976093338 ], [ 76.106257935370493, 11.579524136999023 ], [ 76.107208520273446, 11.578742909505523 ], [ 76.108247071106234, 11.578182870412096 ], [ 76.109116290338108, 11.577713955128473 ], [ 76.109610556829125, 11.577485989034885 ], [ 76.110499196588336, 11.577270108735977 ], [ 76.111597962601351, 11.576877115880995 ], [ 76.113209347364588, 11.576269619027205 ] ] ] ] } },
{ "type": "Feature", "properties": { "village_code": "627321", "village": "Nenmeni", "village_name": "Nenmeni", "district": "Wayanad", "subdistrict_code": 5636, "households_2011": 7507.0, "population_2011": 31225, "male_population_2011": 15262.0, "female_population_2011": 15963.0 }, "geometry": { "type": "MultiPolygon", "coordinates": [ [ [ [ 76.279315901644139, 11.653938182121971 ], [ 76.280769499582348, 11.653938592540708 ], [ 76.282218477846016, 11.654309748044517 ], [ 76.283346515075763, 11.654364334395371 ], [ 76.285336645241173, 11.654306237756503 ], [ 76.285341506352282, 11.653433854719976 ], [ 76.285947180308327, 11.652141283542477 ], [ 76.287208529625389, 11.651187933446861 ], [ 76.287841654710604, 11.649917988177053 ], [ 76.28801151970012, 11.649538358291261 ], [ 76.289827517212103, 11.648770541948419 ], [ 76.291331643753509, 11.648386764201497 ], [ 76.293372519909141, 11.647338627560391 ], [ 76.295674863721985, 11.645712040941895 ], [ 76.297302881577238, 11.644659382261148 ], [ 76.298275077756216, 11.6443974650358 ], [ 76.299265529099884, 11.644397683115427 ], [ 76.300246854605106, 11.644194508780437 ], [ 76.301168768959428, 11.643241026312952 ], [ 76.302136672934779, 11.641659261789234 ], [ 76.303233015706525, 11.639842509907004 ], [ 76.304517245737728, 11.638477761703973 ], [ 76.305489564010117, 11.637641798832426 ], [ 76.304755966995899, 11.637460803513198 ], [ 76.304127756377554, 11.637578188854661 ], [ 76.303036544077742, 11.637193718964591 ], [ 76.302284679258406, 11.636981043623093 ], [ 76.30191807031791, 11.636239674199436 ], [ 76.301844756807299, 11.635832839233801 ], [ 76.301092867585837, 11.635710593339414 ], [ 76.300464496823139, 11.636239297978314 ], [ 76.299859176584661, 11.636523974888394 ], [ 76.299226417167276, 11.636523732933862 ], [ 76.298813837643849, 11.636306659267067 ], [ 76.298254385043421, 11.636356277451956 ], [ 76.297649111596087, 11.636405793673116 ], [ 76.296777969221594, 11.636238327321353 ], [ 76.295031135438663, 11.636070612885757 ], [ 76.294036088704885, 11.635998018920887 ], [ 76.293646486061633, 11.635636355372856 ], [ 76.292408899423791, 11.634298013053957 ], [ 76.291973438180975, 11.633674126946582 ], [ 76.292120430250193, 11.63283795377361 ], [ 76.291877521020027, 11.63248081597515 ], [ 76.291199027120058, 11.632001470214931 ], [ 76.290639681894618, 11.631951610996092 ], [ 76.290199726269435, 11.631232842688739 ], [ 76.289933951188956, 11.63060893946348 ], [ 76.289544764786115, 11.628719440046046 ], [ 76.289086666720721, 11.627571203797695 ], [ 76.288115075288687, 11.626133552670909 ], [ 76.287459602486351, 11.62536952047264 ], [ 76.286927978778209, 11.624745574280313 ], [ 76.286368877281447, 11.623692184558747 ], [ 76.2854247371734, 11.622471548261334 ], [ 76.284672973683286, 11.622019225735093 ], [ 76.283265346730275, 11.622018870960554 ], [ 76.282151337705159, 11.621467041852535 ], [ 76.281032911286815, 11.620725388280066 ], [ 76.280308535817326, 11.620535318786569 ], [ 76.279698933264442, 11.61998361890506 ], [ 76.279236114571034, 11.619070400832241 ], [ 76.278553355413337, 11.617849780078059 ], [ 76.277659956924083, 11.616104797536707 ], [ 76.277802297216041, 11.615458445091871 ], [ 76.278458435902962, 11.614071018897688 ], [ 76.279040835650065, 11.613592104019867 ], [ 76.2794306956486, 11.613257754447309 ], [ 76.279018313177843, 11.612466594782973 ], [ 76.279064309174458, 11.611964885047456 ], [ 76.279408420353008, 11.61136833535272 ], [ 76.27928525392791, 11.609356838001053 ], [ 76.279116100380207, 11.607874199351613 ], [ 76.279002541296265, 11.605026588460648 ], [ 76.279292226268751, 11.602490897264502 ], [ 76.279388892956305, 11.601247908725778 ], [ 76.278866408154286, 11.600901908537139 ], [ 76.277744837528516, 11.599724626341605 ], [ 76.276933027958037, 11.598938436091998 ], [ 76.275516062136816, 11.597481647412048 ], [ 76.274741768810941, 11.596157020169633 ], [ 76.274315844234835, 11.595325486730269 ], [ 76.274292614434458, 11.594998109183811 ], [ 76.274201636233656, 11.593715988644671 ], [ 76.273773054616228, 11.593728511783905 ], [ 76.27116562619085, 11.593804698830938 ], [ 76.27053393842202, 11.593823156011066 ], [ 76.268044442946731, 11.594066304492141 ], [ 76.264826479614001, 11.593929491086939 ], [ 76.265275437419831, 11.593029174144229 ], [ 76.26453611342879, 11.591314519266479 ], [ 76.264406837025049, 11.590931086102229 ], [ 76.263754831126548, 11.590759927019453 ], [ 76.263202251253233, 11.590525249827932 ], [ 76.262915727963119, 11.590484535308908 ], [ 76.262649328464178, 11.590498079981925 ], [ 76.261221100463928, 11.590393730433467 ], [ 76.261140427673951, 11.589736697653834 ], [ 76.261210779598258, 11.589399032419811 ], [ 76.260933668671314, 11.589185997315969 ], [ 76.259891538612251, 11.588893694502286 ], [ 76.259643090686467, 11.588738433827361 ], [ 76.259221189702615, 11.58872474083763 ], [ 76.258002463034558, 11.587969690676321 ], [ 76.257745522797066, 11.587838210176518 ], [ 76.257488800127803, 11.587725105990394 ], [ 76.257112937930486, 11.587611948036136 ], [ 76.256736807893702, 11.587503151735021 ], [ 76.255408183192898, 11.586232820887989 ], [ 76.255023227438187, 11.585703586647309 ], [ 76.25475291301926, 11.585341938269631 ], [ 76.254422105003371, 11.585195969213961 ], [ 76.253410062277311, 11.585440898553086 ], [ 76.253167170960083, 11.584469054223774 ], [ 76.253080137581037, 11.584080141599475 ], [ 76.252603624524909, 11.583560097433413 ], [ 76.252292023344907, 11.583288775053971 ], [ 76.252094988746393, 11.583071752154792 ], [ 76.251897895030069, 11.582850132649646 ], [ 76.251677973322472, 11.582651170030669 ], [ 76.251402977838652, 11.58249737134064 ], [ 76.251062427014361, 11.582446850188221 ], [ 76.250303595464018, 11.58219447844133 ], [ 76.249904076754831, 11.581281791312728 ], [ 76.249762545855916, 11.580964601861046 ], [ 76.249455506931554, 11.580480635248513 ], [ 76.249040794250718, 11.580046496872388 ], [ 76.247274969473054, 11.578955462999154 ], [ 76.246989956846974, 11.578780389780469 ], [ 76.246684635700092, 11.578524115847788 ], [ 76.246369863861986, 11.579258980541722 ], [ 76.245941286880225, 11.580050398642243 ], [ 76.245093533115153, 11.583263702587617 ], [ 76.242598900545403, 11.589336468452533 ], [ 76.23227286410274, 11.597436286890497 ], [ 76.232343693969881, 11.598941322096421 ], [ 76.232288151031511, 11.600907970300529 ], [ 76.231294968639531, 11.601305517347607 ], [ 76.230435847433426, 11.603013421208725 ], [ 76.229707051136003, 11.604096912170988 ], [ 76.228853611298874, 11.606048943677719 ], [ 76.227661779211346, 11.607166106726678 ], [ 76.227002419308519, 11.608412005642565 ], [ 76.2268737591845, 11.60939801776744 ], [ 76.226547931095951, 11.610380449080235 ], [ 76.225548341231459, 11.610384615726822 ], [ 76.224088594050542, 11.609997583948276 ], [ 76.222489007442491, 11.609086624001948 ], [ 76.220429006575472, 11.608769880204544 ], [ 76.219973875646616, 11.610607196401601 ], [ 76.219319278639176, 11.612965155112207 ], [ 76.21912835426221, 11.615456756163004 ], [ 76.218605587418736, 11.617556589170325 ], [ 76.217490101008579, 11.620440856642562 ], [ 76.216370984204744, 11.622479853959121 ], [ 76.21505007984895, 11.624515135200655 ], [ 76.214061574249044, 11.626024639103496 ], [ 76.213074223511143, 11.627796374956876 ], [ 76.213211454521471, 11.628781285729978 ], [ 76.213410931238187, 11.629304845948493 ], [ 76.215737941500109, 11.629819386218898 ], [ 76.217670334119077, 11.631316631341397 ], [ 76.219740890040697, 11.63399302185813 ], [ 76.221275801637148, 11.635821911234389 ], [ 76.222614165128974, 11.637782654642617 ], [ 76.224143102105586, 11.6382327837185 ], [ 76.225205826232099, 11.637966005614116 ], [ 76.227125386389076, 11.636515836023701 ], [ 76.228647175720724, 11.635329447640402 ], [ 76.229379071406228, 11.634933087327054 ], [ 76.229715621242022, 11.636373649268698 ], [ 76.229263406748728, 11.638866421407858 ], [ 76.229995681054746, 11.63958211466413 ], [ 76.231792632632875, 11.640492060291939 ], [ 76.232992560384616, 11.641210244773916 ], [ 76.233660087125898, 11.641795004301432 ], [ 76.233940806763215, 11.642399076714785 ], [ 76.234789287568887, 11.642052347420048 ], [ 76.236110742713834, 11.641196818687233 ], [ 76.236977355270909, 11.641193129496116 ], [ 76.237708257650596, 11.641583236217789 ], [ 76.239432856632561, 11.6406582210469 ], [ 76.239889612585685, 11.639214190177174 ], [ 76.243281197988011, 11.63985503287071 ], [ 76.245342941049103, 11.64050162202367 ], [ 76.246738966911579, 11.640952075328508 ], [ 76.247671610038836, 11.641341391100626 ], [ 76.24932628494787, 11.640154374870244 ], [ 76.250210865283691, 11.639088121707207 ], [ 76.250630841003058, 11.638767022130526 ], [ 76.251488766766769, 11.637813633359887 ], [ 76.253157849993443, 11.637764617861112 ], [ 76.255143522455612, 11.637128139406029 ], [ 76.255679605451377, 11.638082095748802 ], [ 76.256431050493404, 11.639248541263017 ], [ 76.25729277798844, 11.640094169439665 ], [ 76.258204639171765, 11.64158157869641 ], [ 76.257933452497269, 11.64311836249273 ], [ 76.257451472126149, 11.644388229527031 ], [ 76.257882184258932, 11.645183989587894 ], [ 76.259275651601186, 11.646350665445709 ], [ 76.261159859688547, 11.647359386229137 ], [ 76.262177500724064, 11.648046868693111 ], [ 76.263682220008775, 11.646352406224525 ], [ 76.264544770776055, 11.645082628301415 ], [ 76.265457206127621, 11.645345153362674 ], [ 76.265135824006848, 11.646298784786751 ], [ 76.265456280274321, 11.64751923464406 ], [ 76.26647870143681, 11.647944591718058 ], [ 76.26782211314098, 11.648315657202263 ], [ 76.269967665425924, 11.649586637235354 ], [ 76.271636308415893, 11.650703669011895 ], [ 76.272869468884878, 11.651707526533119 ], [ 76.272814065641654, 11.652769756516323 ], [ 76.273515377746847, 11.653457033597526 ], [ 76.27421187353174, 11.654890186231414 ], [ 76.275018798501989, 11.655365060165646 ], [ 76.276307217818328, 11.655473928472205 ], [ 76.277650925470425, 11.655103779936299 ], [ 76.27861864777654, 11.654733480877962 ], [ 76.279315901644139, 11.653938182121971 ] ] ] ] } },
{ "type": "Feature", "properties": { "village_code": "627298", "village": "Periya", "village_name": "Periya", "district": "Wayanad", "subdistrict_code": 5635, "households_2011": 2571.0, "population_2011": 11174, "male_population_2011": 5574.0, "female_population_2011": 5600.0 }, "geometry": { "type": "MultiPolygon", "coordinates": [ [ [ [ 75.82065590323289, 11.855902350182921 ], [ 75.821409623669197, 11.854702093212564 ], [ 75.822636093945491, 11.85274997036662 ], [ 75.823569836060486, 11.852665923436923 ], [ 75.824326772254736, 11.852532624663516 ], [ 75.82486761768979, 11.852291399753886 ], [ 75.825541192782467, 11.85194133300541 ], [ 75.825783229263465, 11.851515588300055 ], [ 75.826350732822789, 11.851003140910596 ], [ 75.826918893263056, 11.850685007021198 ], [ 75.827405014000277, 11.850547942851039 ], [ 75.828217063861544, 11.850464152007831 ], [ 75.829272678646134, 11.85046109970083 ], [ 75.830655399820003, 11.850859412426395 ], [ 75.831606147022541, 11.851096221705475 ], [ 75.832253768715503, 11.851252533851902 ], [ 75.833067019455811, 11.851571148149457 ], [ 75.83353028872861, 11.851465794169888 ], [ 75.834122069516852, 11.851382681549557 ], [ 75.834774275751343, 11.85153902924421 ], [ 75.835964456482941, 11.852019220605108 ], [ 75.837821078749627, 11.852813985840415 ], [ 75.839366596978778, 11.853926092844826 ], [ 75.840182152532492, 11.854963441470282 ], [ 75.840996073442199, 11.855471907607305 ], [ 75.841675313498882, 11.855469910233204 ], [ 75.842758350225566, 11.855439577183008 ], [ 75.843703657974359, 11.855382491446141 ], [ 75.845056739686513, 11.855084565036721 ], [ 75.846326575758141, 11.854601550433896 ], [ 75.84673311959564, 11.85398549208041 ], [ 75.846863024359777, 11.852945231272733 ], [ 75.847053153170961, 11.852090223133869 ], [ 75.847266833599519, 11.851425015699366 ], [ 75.847910637725221, 11.850356188659044 ], [ 75.848588609788735, 11.849951727511355 ], [ 75.849102296033521, 11.849841741627923 ], [ 75.850724471716958, 11.849014001526989 ], [ 75.851370040438269, 11.848528365284249 ], [ 75.852914389886038, 11.847777760446544 ], [ 75.853180078342234, 11.847674786167008 ], [ 75.854372099264097, 11.847212783482966 ], [ 75.854968853313522, 11.847238112450521 ], [ 75.856322992946673, 11.847315343599059 ], [ 75.857218464503518, 11.847470873899564 ], [ 75.857650160513316, 11.847578042188371 ], [ 75.858320802823812, 11.847761435444879 ], [ 75.858863010794963, 11.847972239561173 ], [ 75.859162005546438, 11.848188363984763 ], [ 75.859732401966582, 11.848584435042749 ], [ 75.860601707443649, 11.849196715894571 ], [ 75.86108907160623, 11.849461964956143 ], [ 75.8617908367533, 11.849324167757441 ], [ 75.862226281001043, 11.849164583522155 ], [ 75.862657019714604, 11.848950807182204 ], [ 75.86330800523902, 11.848709198844251 ], [ 75.864469211400575, 11.848728253460536 ], [ 75.866010330780682, 11.848434220600542 ], [ 75.867094247799329, 11.84867048762 ], [ 75.868342509623474, 11.848639595646137 ], [ 75.870237291413275, 11.848421247196919 ], [ 75.871591288898003, 11.848466837917618 ], [ 75.872401883515494, 11.847903752005021 ], [ 75.872915372567874, 11.847743952726356 ], [ 75.873727484988166, 11.847687159308574 ], [ 75.873998794657496, 11.847849120492581 ], [ 75.874833368092354, 11.847606893663635 ], [ 75.875323662193807, 11.847361229460454 ], [ 75.875809549975102, 11.847174362212673 ], [ 75.876162588922909, 11.847064792433207 ], [ 75.876621115899326, 11.846932274335485 ], [ 75.877740753383407, 11.846879092703389 ], [ 75.878364516922517, 11.846741493506162 ], [ 75.879011424138994, 11.84668523467499 ], [ 75.880769182973239, 11.845242112398088 ], [ 75.88149760177096, 11.844837517152149 ], [ 75.882148554449643, 11.844622989315868 ], [ 75.882689772650764, 11.844512777540706 ], [ 75.883281935628432, 11.844538124153905 ], [ 75.883773287997613, 11.844645036390597 ], [ 75.884531417636978, 11.844909419829465 ], [ 75.884963540651896, 11.845147725608083 ], [ 75.885616485922114, 11.845520888681243 ], [ 75.886209339931114, 11.845785743125363 ], [ 75.887215429165266, 11.846076469258376 ], [ 75.887619737811733, 11.846233472484871 ], [ 75.888104315083609, 11.845617074064767 ], [ 75.888400185376, 11.844870175344555 ], [ 75.888806179682618, 11.844122924869602 ], [ 75.889153704850074, 11.843719523999368 ], [ 75.889693462220791, 11.843157231654409 ], [ 75.890343702786083, 11.842703060136158 ], [ 75.891314928182709, 11.842193678221731 ], [ 75.892737680891656, 11.842189246799851 ], [ 75.893522649054674, 11.842268097815793 ], [ 75.894468356913436, 11.842341993381931 ], [ 75.89552403914702, 11.842392869190984 ], [ 75.896203076258843, 11.842336464763067 ], [ 75.897065765616176, 11.842284063423016 ], [ 75.898043137288127, 11.842253803049708 ], [ 75.899071079545052, 11.842223454975471 ], [ 75.900016635918831, 11.842274659475965 ], [ 75.900724363848468, 11.842561786217644 ], [ 75.901294582441082, 11.842908044430718 ], [ 75.901726703172812, 11.843119225461189 ], [ 75.902240690957143, 11.84311753020026 ], [ 75.90267226660248, 11.843170413468261 ], [ 75.903108791541499, 11.843331815295903 ], [ 75.90419263502362, 11.843567972871913 ], [ 75.905248371658132, 11.843614266358401 ], [ 75.906845744726922, 11.843690585532647 ], [ 75.90779186781802, 11.843900036986689 ], [ 75.9087423913371, 11.844059703142497 ], [ 75.909193774618188, 11.843176714175653 ], [ 75.909411195386781, 11.84368232037732 ], [ 75.909815779117565, 11.843920663528554 ], [ 75.910307821919403, 11.844212945231407 ], [ 75.91076831487436, 11.844668106816727 ], [ 75.911123567950696, 11.845250116672052 ], [ 75.911556673041446, 11.845755120346571 ], [ 75.911919389330393, 11.845102899643809 ], [ 75.912526970158709, 11.844951743327226 ], [ 75.913421098152909, 11.844709281306104 ], [ 75.914801871624618, 11.844519428411852 ], [ 75.916210101268888, 11.844302373293125 ], [ 75.916829256371685, 11.844191912816367 ], [ 75.917343220089094, 11.844163089845726 ], [ 75.917753464981374, 11.844695302641947 ], [ 75.918131673755084, 11.845254668765511 ], [ 75.918837489168226, 11.844985591065457 ], [ 75.919190988801475, 11.845011561720584 ], [ 75.919540197561574, 11.845146056355112 ], [ 75.919950456382949, 11.845678176319435 ], [ 75.920466145112869, 11.846182890341371 ], [ 75.92111141811057, 11.846694571725664 ], [ 75.921550304177643, 11.846500325241164 ], [ 75.921871237028711, 11.846390810258731 ], [ 75.922361517653115, 11.846176753255731 ], [ 75.923223904645397, 11.846038275409795 ], [ 75.923604439189717, 11.845933072930174 ], [ 75.924306959916251, 11.846034762816984 ], [ 75.924798773151053, 11.846245592140347 ], [ 75.925231088672518, 11.846510942920622 ], [ 75.925717746820112, 11.846563611760102 ], [ 75.92620256439271, 11.846082784797359 ], [ 75.926094881141822, 11.845441179005187 ], [ 75.925927552334826, 11.844831381917812 ], [ 75.9257649255822, 11.844217060825473 ], [ 75.925652357674196, 11.843498614861677 ], [ 75.925489387115434, 11.842802949028062 ], [ 75.925730653752979, 11.842214424830647 ], [ 75.926110571555611, 11.84192384865054 ], [ 75.926569705530838, 11.841999168522525 ], [ 75.926797810781039, 11.837495612627752 ], [ 75.925175412564272, 11.835434849255867 ], [ 75.92521899689909, 11.834742980537627 ], [ 75.92547579053722, 11.833322578757478 ], [ 75.925560144162063, 11.832458804637719 ], [ 75.925210740165198, 11.832288229372333 ], [ 75.923984344937551, 11.831948553122659 ], [ 75.923374788647081, 11.832208291904758 ], [ 75.922720876491582, 11.832902063649561 ], [ 75.921888377928283, 11.832344218935075 ], [ 75.921666066506191, 11.831739165994406 ], [ 75.921099847775679, 11.831225547694952 ], [ 75.919782888264521, 11.829891655227346 ], [ 75.918820533695225, 11.830283609692744 ], [ 75.918429469480714, 11.829981978448123 ], [ 75.918514446971145, 11.829335162251786 ], [ 75.918813464218701, 11.828172360388377 ], [ 75.918759988046915, 11.824515087710429 ], [ 75.919979665524778, 11.824208264337367 ], [ 75.920418586605962, 11.823732084230258 ], [ 75.92024107371779, 11.822787872799836 ], [ 75.919757613496998, 11.822314703383364 ], [ 75.91852992605169, 11.821586321345084 ], [ 75.917875751560942, 11.820810777281556 ], [ 75.917364494893704, 11.81887297585873 ], [ 75.916992259180191, 11.81872496995242 ], [ 75.916666093883563, 11.818617528432641 ], [ 75.916051918374123, 11.818836490273588 ], [ 75.915400956060552, 11.819051145979849 ], [ 75.914806113839788, 11.818171448847693 ], [ 75.912012013824238, 11.818352281408577 ], [ 75.911838796882975, 11.818700947335598 ], [ 75.911661784421028, 11.819302785208842 ], [ 75.908433467946452, 11.820000254545162 ], [ 75.905465871068458, 11.820443809321761 ], [ 75.903891263741031, 11.820272477903341 ], [ 75.903452766154473, 11.819500791585948 ], [ 75.903007528264595, 11.816658550324036 ], [ 75.902391180198222, 11.816230967684346 ], [ 75.899765887892713, 11.814688649736842 ], [ 75.897599243491953, 11.81308149039873 ], [ 75.896111885033221, 11.812914476856786 ], [ 75.894279892577927, 11.812576580530878 ], [ 75.893144055873492, 11.813267340279992 ], [ 75.893055250232436, 11.812752281033097 ], [ 75.893138515418215, 11.811544867279851 ], [ 75.892000598022221, 11.810174073540951 ], [ 75.891996464113035, 11.808881150719897 ], [ 75.891820078900764, 11.808280391613726 ], [ 75.889278376334218, 11.806995394201632 ], [ 75.88665371435421, 11.805624690278149 ], [ 75.88411796164057, 11.804769085308207 ], [ 75.88245330039689, 11.803657554149677 ], [ 75.881751104005843, 11.802194956977329 ], [ 75.879218483945337, 11.802288734563975 ], [ 75.877470447086623, 11.802380005830058 ], [ 75.876510321170301, 11.802039322901528 ], [ 75.875803615926529, 11.800576753206967 ], [ 75.874754351302997, 11.799630595612921 ], [ 75.87396730440237, 11.798859910460564 ], [ 75.874396932945444, 11.796878402981971 ], [ 75.874915362797395, 11.795412039018618 ], [ 75.873836494902065, 11.792336550662696 ], [ 75.87238826972235, 11.78997202743215 ], [ 75.87273455879351, 11.789197800195783 ], [ 75.874171093602953, 11.787855240909041 ], [ 75.874254184249139, 11.786566461454505 ], [ 75.875079322374887, 11.784882183180599 ], [ 75.8748606906627, 11.783937931953076 ], [ 75.873851314985927, 11.78251696327411 ], [ 75.873800649126409, 11.780814741995599 ], [ 75.872841207338411, 11.780847232841666 ], [ 75.87281258761189, 11.780494727831895 ], [ 75.87162268317158, 11.780028130352738 ], [ 75.871385611312974, 11.780499089691531 ], [ 75.870076699911749, 11.781560991383527 ], [ 75.868770292845667, 11.783445682168946 ], [ 75.866989117717822, 11.784626636456101 ], [ 75.86603362382202, 11.78427683150656 ], [ 75.864481229142299, 11.78381141688501 ], [ 75.863290101096709, 11.78440273777599 ], [ 75.861741270225764, 11.783584626419771 ], [ 75.861022566173958, 11.782646451599641 ], [ 75.859945980156041, 11.781709282970331 ], [ 75.85734349096775, 11.779958500227055 ], [ 75.856571357043649, 11.781014174370412 ], [ 75.855744128813015, 11.782074566958727 ], [ 75.853073548581435, 11.7864905546086 ], [ 75.852837995031095, 11.787490430462015 ], [ 75.852244363350422, 11.788432554405865 ], [ 75.851057388989588, 11.788906346653471 ], [ 75.850819734314101, 11.789200887984913 ], [ 75.848983063427895, 11.793279852785387 ], [ 75.848389804842299, 11.794339464670367 ], [ 75.848511637141186, 11.795161979054743 ], [ 75.848873735813484, 11.796512615730421 ], [ 75.848577262570103, 11.797101305936739 ], [ 75.847338395146096, 11.800102362140278 ], [ 75.845560865123574, 11.80404547463796 ], [ 75.845086881913858, 11.805104792062473 ], [ 75.846045493982075, 11.806458286556317 ], [ 75.84568985310294, 11.807223385703361 ], [ 75.844861212737158, 11.80934163438347 ], [ 75.845222728793786, 11.810516021418412 ], [ 75.845764150588636, 11.811983744650222 ], [ 75.844817199491217, 11.814455009661485 ], [ 75.843267763690449, 11.814988634025994 ], [ 75.841123514095244, 11.814583587797108 ], [ 75.839633697229857, 11.815116922534735 ], [ 75.837611980220515, 11.815769389603688 ], [ 75.83671565086614, 11.815301879309459 ], [ 75.83605893476431, 11.815127469811063 ], [ 75.83474661981235, 11.81519012806147 ], [ 75.834327801857157, 11.814779915582626 ], [ 75.834325135679066, 11.81389836164692 ], [ 75.833729095998564, 11.812548275383675 ], [ 75.832833211346752, 11.812198240929847 ], [ 75.831583044148175, 11.813083518403571 ], [ 75.830510180056478, 11.813380589930302 ], [ 75.829437784621774, 11.813853894385845 ], [ 75.827355186941517, 11.814144775433917 ], [ 75.826403875230028, 11.815205482852907 ], [ 75.824055851414087, 11.815705034293526 ], [ 75.823997546517532, 11.816175430357475 ], [ 75.822419915761046, 11.816482881278658 ], [ 75.820215576348772, 11.815960354053182 ], [ 75.816966651223012, 11.814446084139544 ], [ 75.814228417342449, 11.814924134988615 ], [ 75.813038071192537, 11.815867951648444 ], [ 75.812564281117972, 11.81704478953206 ], [ 75.811142960539001, 11.819042621856681 ], [ 75.809717820715662, 11.819751975829561 ], [ 75.808163636067562, 11.8186984218337 ], [ 75.805782596671136, 11.818940272112188 ], [ 75.804716484650541, 11.820001282909018 ], [ 75.80423612442182, 11.818944715271671 ], [ 75.802808244410244, 11.81871367902616 ], [ 75.798804102638186, 11.819439290837593 ], [ 75.798861159404296, 11.820135401837154 ], [ 75.798619807708221, 11.820773539061765 ], [ 75.798406172034774, 11.821497533928852 ], [ 75.798214954386694, 11.82200444727032 ], [ 75.798189147142168, 11.822614808936756 ], [ 75.798140864615533, 11.823365411211707 ], [ 75.798142386085829, 11.823898928105139 ], [ 75.797898259867395, 11.825151990610866 ], [ 75.797825585496938, 11.827019369723597 ], [ 75.797689083858856, 11.827422099567475 ], [ 75.797016409787062, 11.828088671903402 ], [ 75.796421788077751, 11.828781990670199 ], [ 75.795638515406054, 11.829295065333646 ], [ 75.79528549682496, 11.829400100223317 ], [ 75.793859361786502, 11.82979743743949 ], [ 75.793318880980365, 11.830169650234486 ], [ 75.792375836864537, 11.83097245548689 ], [ 75.791754960248909, 11.832122591527645 ], [ 75.791242791984871, 11.832765988505358 ], [ 75.790621336379587, 11.83369908465991 ], [ 75.78951546030116, 11.835356871140416 ], [ 75.789626877853138, 11.83578149677539 ], [ 75.789790654030767, 11.836902312693553 ], [ 75.789792427475064, 11.837517127526171 ], [ 75.789771812450567, 11.838317401937932 ], [ 75.789824999815579, 11.839275696922625 ], [ 75.789855240100451, 11.840211482200001 ], [ 75.790022530944583, 11.840929896885445 ], [ 75.790428353096601, 11.841597896370127 ], [ 75.791081873396777, 11.84223348033691 ], [ 75.791432032273548, 11.842716291014243 ], [ 75.792247583530113, 11.843830680860696 ], [ 75.79279183714074, 11.844765087450929 ], [ 75.793201605066201, 11.845188916095086 ], [ 75.793844106824153, 11.845200685719286 ], [ 75.794468236957599, 11.845171754556802 ], [ 75.7951973933082, 11.844984372800504 ], [ 75.795848580185975, 11.844797133488138 ], [ 75.796578159980328, 11.844740880280485 ], [ 75.798528887849017, 11.844789629011418 ], [ 75.800313661141672, 11.844621859969523 ], [ 75.800961796271082, 11.844968110601236 ], [ 75.801642092517028, 11.845314310224543 ], [ 75.802538796886935, 11.845926663842155 ], [ 75.803430156356256, 11.846267679851294 ], [ 75.803839430679062, 11.846533269505606 ], [ 75.804409709057666, 11.846934074130587 ], [ 75.8046822502711, 11.84754362858931 ], [ 75.804927548541869, 11.848239197823736 ], [ 75.804934643342804, 11.849328078420665 ], [ 75.804794891823661, 11.849948448047689 ], [ 75.804853877038681, 11.85128199770787 ], [ 75.805400782913154, 11.853120567306078 ], [ 75.805985446545947, 11.853973487263874 ], [ 75.806350332107186, 11.854505784799537 ], [ 75.807490980043553, 11.855325356292294 ], [ 75.808740938923549, 11.855832712315687 ], [ 75.810637116799427, 11.856066863886193 ], [ 75.811394627575979, 11.856118922372277 ], [ 75.812422705980794, 11.856115997822807 ], [ 75.813666188099305, 11.856031022299138 ], [ 75.814124760103226, 11.855894093019973 ], [ 75.814587666125263, 11.855680313197595 ], [ 75.815233895923882, 11.855357374809525 ], [ 75.815995787631607, 11.855355210744195 ], [ 75.81672526417772, 11.855249121756787 ], [ 75.81718956570819, 11.855514576019852 ], [ 75.81756783429617, 11.856150949868315 ], [ 75.817840812005173, 11.856900567845821 ], [ 75.818196178672423, 11.8575370835371 ], [ 75.818495384757654, 11.857830017902796 ], [ 75.819010492211461, 11.858203804426413 ], [ 75.819253367101496, 11.858067503539012 ], [ 75.819683047444187, 11.85747848465161 ], [ 75.819874834212527, 11.857161462035034 ], [ 75.82065590323289, 11.855902350182921 ] ] ] ] } },
{ "type": "Feature", "properties": { "village_code": "627300", "village": "Valat", "village_name": "Valat", "district": "Wayanad", "subdistrict_code": 5635, "households_2011": 2477.0, "population_2011": 10799, "male_population_2011": 5350.0, "female_population_2011": 5449.0 }, "geometry": { "type": "MultiPolygon", "coordinates": [ [ [ [ 75.912012013824238, 11.818352281408577 ], [ 75.914806113839788, 11.818171448847693 ], [ 75.915400956060552, 11.819051145979849 ], [ 75.916051918374123, 11.818836490273588 ], [ 75.916666093883563, 11.818617528432641 ], [ 75.916992259180191, 11.81872496995242 ], [ 75.917364494893704, 11.81887297585873 ], [ 75.917228100432155, 11.817883300731518 ], [ 75.917532081767192, 11.816847101423958 ], [ 75.918184703343712, 11.815768972800335 ], [ 75.918485842859184, 11.815252606501749 ], [ 75.919098925770754, 11.814690012079305 ], [ 75.920667466712374, 11.814427260314924 ], [ 75.921321893035426, 11.813909779652802 ], [ 75.921797825695791, 11.813519391996811 ], [ 75.92170630139087, 11.812226768147347 ], [ 75.921404789611373, 11.811251179365412 ], [ 75.921576077677244, 11.810337440127141 ], [ 75.921353866509207, 11.809745879180902 ], [ 75.921288214256833, 11.809312080855145 ], [ 75.92175896752272, 11.808754541441845 ], [ 75.922198780584864, 11.808536099056974 ], [ 75.922982475386277, 11.808253203493335 ], [ 75.923421157933532, 11.807695738070761 ], [ 75.923950526003665, 11.806825962961902 ], [ 75.924267444779005, 11.806915388117815 ], [ 75.924896756884721, 11.807098712587681 ], [ 75.925401251103722, 11.807038288723197 ], [ 75.926216039338087, 11.806416285154539 ], [ 75.926716148667097, 11.806414651979914 ], [ 75.927285665213006, 11.806566485319543 ], [ 75.928258247690579, 11.806499983779343 ], [ 75.928606432724465, 11.806313563410177 ], [ 75.928853062817353, 11.805973662060692 ], [ 75.929387139110773, 11.80513549366364 ], [ 75.929728523313472, 11.80432513934158 ], [ 75.930074984033666, 11.803641334213097 ], [ 75.930040477464573, 11.802931712787856 ], [ 75.929973614739893, 11.802154313058345 ], [ 75.930379773233412, 11.801501989071278 ], [ 75.930852106286679, 11.801410046880333 ], [ 75.932705421206805, 11.801277361421965 ], [ 75.934307464083489, 11.8014529353617 ], [ 75.934778512758598, 11.800985785597655 ], [ 75.93574904354827, 11.800299869280517 ], [ 75.936659053880163, 11.799397222097689 ], [ 75.938480339989056, 11.797935529982462 ], [ 75.939417357302474, 11.796847417227355 ], [ 75.939854982457376, 11.796009570332979 ], [ 75.94026083226332, 11.795262311479817 ], [ 75.94164275648302, 11.794141081416827 ], [ 75.942238381382381, 11.793890472496713 ], [ 75.943745156950129, 11.793049033770995 ], [ 75.944275684699676, 11.79254999393031 ], [ 75.944589608829617, 11.791775943763072 ], [ 75.94490030002396, 11.791372526784551 ], [ 75.946009929733165, 11.79048047663173 ], [ 75.946463075365841, 11.789477600576443 ], [ 75.947154851392582, 11.789163300339805 ], [ 75.948470723172775, 11.787549537154899 ], [ 75.951045069846415, 11.78648788680335 ], [ 75.950257412464339, 11.785387122631517 ], [ 75.949778405670685, 11.784859747624099 ], [ 75.949474232331809, 11.783151836161272 ], [ 75.949943728286101, 11.780916954780198 ], [ 75.94958269888285, 11.779977833044162 ], [ 75.949519587968794, 11.778974436104679 ], [ 75.949573150314407, 11.777211104190096 ], [ 75.94897203497699, 11.775861375617502 ], [ 75.948255250984701, 11.775569873357149 ], [ 75.946525801537362, 11.775634345606916 ], [ 75.944139301170793, 11.775465987236732 ], [ 75.943720168890422, 11.774997234122013 ], [ 75.943538654745382, 11.77423380776913 ], [ 75.943412283497494, 11.77217265008597 ], [ 75.942334891270818, 11.771059570663112 ], [ 75.941080129091048, 11.770417252678454 ], [ 75.93970717243829, 11.770069099396691 ], [ 75.938214611442376, 11.769662593921939 ], [ 75.937134025511881, 11.76896095652326 ], [ 75.936060256106543, 11.768905632038066 ], [ 75.933316936527604, 11.769032237779138 ], [ 75.93248371306467, 11.769563903340943 ], [ 75.931889626815106, 11.770271074247001 ], [ 75.930941069708226, 11.771978584871913 ], [ 75.930225740331494, 11.772098420920734 ], [ 75.929688543212066, 11.771982626178179 ], [ 75.929627045160458, 11.77145392201729 ], [ 75.929206380410207, 11.770514972044971 ], [ 75.928729690663474, 11.770634015995117 ], [ 75.928020789916104, 11.772697923420722 ], [ 75.926716480064272, 11.775052975981147 ], [ 75.926244433717002, 11.776582614084409 ], [ 75.925472333271742, 11.777584232581969 ], [ 75.925057258573148, 11.778295414504148 ], [ 75.924882767356138, 11.779647696288729 ], [ 75.923391756675727, 11.781063049348511 ], [ 75.922380261466273, 11.781830396947713 ], [ 75.918263831991553, 11.781608650139313 ], [ 75.916116688980154, 11.781674277755258 ], [ 75.914628985089706, 11.782736977138528 ], [ 75.91349920453743, 11.78380303397782 ], [ 75.912428398152301, 11.784688079820166 ], [ 75.910265286462618, 11.786869492108568 ], [ 75.909073476969297, 11.787225968540984 ], [ 75.907463946031214, 11.787525007941616 ], [ 75.906273075187841, 11.788175252298117 ], [ 75.904837917434079, 11.788491797371822 ], [ 75.903827150774134, 11.786700175438204 ], [ 75.902410012651359, 11.785488492992052 ], [ 75.901252999063573, 11.783860130990346 ], [ 75.902577701691627, 11.782038557195079 ], [ 75.902819329715385, 11.780175128775292 ], [ 75.902189358195002, 11.779743146896141 ], [ 75.90007631916248, 11.779017382441879 ], [ 75.899179554368331, 11.778373754579393 ], [ 75.899795542401634, 11.777331977533448 ], [ 75.9003578936845, 11.776710795681662 ], [ 75.902175257177021, 11.775425675051842 ], [ 75.903422083395441, 11.773658487525315 ], [ 75.904732163695272, 11.773007838959332 ], [ 75.906102646657288, 11.772587608248015 ], [ 75.905982662588997, 11.772352854972237 ], [ 75.904551671082586, 11.772533718075866 ], [ 75.903061862506704, 11.772954391867163 ], [ 75.901406132250742, 11.773126887006828 ], [ 75.898841529750996, 11.773193816808551 ], [ 75.897396060493364, 11.774554604813382 ], [ 75.895787482698722, 11.775147456856757 ], [ 75.895200761220678, 11.775316552892821 ], [ 75.892386301218451, 11.774746649740591 ], [ 75.889466250853431, 11.775578627625379 ], [ 75.887108242026926, 11.777123118245305 ], [ 75.885914556775106, 11.776891738996238 ], [ 75.885215126741215, 11.774814261491851 ], [ 75.884684697408559, 11.775403641401748 ], [ 75.882722400218711, 11.777290464420069 ], [ 75.881651538605709, 11.778175349646869 ], [ 75.880698287242083, 11.778530960755905 ], [ 75.880106424281209, 11.778532763058845 ], [ 75.878916031337468, 11.779359246825686 ], [ 75.878261836143295, 11.779949012765286 ], [ 75.87778533169238, 11.78018554740933 ], [ 75.876953514411028, 11.781187279481543 ], [ 75.876237910778613, 11.781248201143187 ], [ 75.875584999356761, 11.780838804330182 ], [ 75.874749807924687, 11.780782589470862 ], [ 75.873800649126409, 11.780814741995599 ], [ 75.873851314985927, 11.78251696327411 ], [ 75.8748606906627, 11.783937931953076 ], [ 75.875079322374887, 11.784882183180599 ], [ 75.874254184249139, 11.786566461454505 ], [ 75.874171093602953, 11.787855240909041 ], [ 75.87273455879351, 11.789197800195783 ], [ 75.87238826972235, 11.78997202743215 ], [ 75.873836494902065, 11.792336550662696 ], [ 75.874915362797395, 11.795412039018618 ], [ 75.874396932945444, 11.796878402981971 ], [ 75.87396730440237, 11.798859910460564 ], [ 75.874754351302997, 11.799630595612921 ], [ 75.875803615926529, 11.800576753206967 ], [ 75.876510321170301, 11.802039322901528 ], [ 75.877470447086623, 11.802380005830058 ], [ 75.879218483945337, 11.802288734563975 ], [ 75.881751104005843, 11.802194956977329 ], [ 75.88245330039689, 11.803657554149677 ], [ 75.88411796164057, 11.804769085308207 ], [ 75.88665371435421, 11.805624690278149 ], [ 75.889278376334218, 11.806995394201632 ], [ 75.891820078900764, 11.808280391613726 ], [ 75.891996464113035, 11.808881150719897 ], [ 75.892000598022221, 11.810174073540951 ], [ 75.893138515418215, 11.811544867279851 ], [ 75.893055250232436, 11.812752281033097 ], [ 75.893144055873492, 11.813267340279992 ], [ 75.894279892577927, 11.812576580530878 ], [ 75.896111885033221, 11.812914476856786 ], [ 75.897599243491953, 11.81308149039873 ], [ 75.899765887892713, 11.814688649736842 ], [ 75.902391180198222, 11.816230967684346 ], [ 75.903007528264595, 11.816658550324036 ], [ 75.903452766154473, 11.819500791585948 ], [ 75.903891263741031, 11.820272477903341 ], [ 75.905465871068458, 11.820443809321761 ], [ 75.908433467946452, 11.820000254545162 ], [ 75.911661784421028, 11.819302785208842 ], [ 75.911838796882975, 11.818700947335598 ], [ 75.912012013824238, 11.818352281408577 ] ] ] ] } },
{ "type": "Feature", "properties": { "village_code": "627299", "village": "Thondernad", "village_name": "Thondernad", "district": "Wayanad", "subdistrict_code": 5635, "households_2011": 2652.0, "population_2011": 11752, "male_population_2011": 5882.0, "female_population_2011": 5870.0 }, "geometry": { "type": "MultiPolygon", "coordinates": [ [ [ [ 75.873800649126409, 11.780814741995599 ], [ 75.874749807924687, 11.780782589470862 ], [ 75.875584999356761, 11.780838804330182 ], [ 75.876237910778613, 11.781248201143187 ], [ 75.876953514411028, 11.781187279481543 ], [ 75.87778533169238, 11.78018554740933 ], [ 75.878261836143295, 11.779949012765286 ], [ 75.878916031337468, 11.779359246825686 ], [ 75.880106424281209, 11.778532763058845 ], [ 75.880698287242083, 11.778530960755905 ], [ 75.881651538605709, 11.778175349646869 ], [ 75.882722400218711, 11.777290464420069 ], [ 75.884684697408559, 11.775403641401748 ], [ 75.885215126741215, 11.774814261491851 ], [ 75.885387186677264, 11.7726888926861 ], [ 75.885866303887497, 11.770404304607974 ], [ 75.884974239448226, 11.769819286537741 ], [ 75.88264785757913, 11.769749694999534 ], [ 75.881290345599979, 11.768506111570046 ], [ 75.880341088114349, 11.767211491150224 ], [ 75.880195067856604, 11.766013908542027 ], [ 75.878193149926872, 11.765558899634236 ], [ 75.877654508427881, 11.764972848188762 ], [ 75.877883848687105, 11.763502818155841 ], [ 75.879019017281266, 11.762653961434681 ], [ 75.879672686790002, 11.761887843660466 ], [ 75.880320779532241, 11.760818898316968 ], [ 75.880826557795231, 11.75973231982482 ], [ 75.8800335274411, 11.758500518172516 ], [ 75.877955817317911, 11.757250085188129 ], [ 75.876307449483832, 11.756843773311497 ], [ 75.876189596767446, 11.755867609623666 ], [ 75.877056096504333, 11.7556614784083 ], [ 75.876861823415467, 11.75515122689001 ], [ 75.875869585823224, 11.754765456899156 ], [ 75.876273275382843, 11.754755178864107 ], [ 75.875846707750995, 11.753341432407648 ], [ 75.875693401335838, 11.752736018985905 ], [ 75.876082886209389, 11.752581175797221 ], [ 75.877648258436395, 11.752870252773585 ], [ 75.878961923818849, 11.75333636030421 ], [ 75.880330931156465, 11.753915371823314 ], [ 75.880867753204456, 11.753913700659377 ], [ 75.881403946471693, 11.753735733143154 ], [ 75.881361174321526, 11.753261115546321 ], [ 75.881565071560914, 11.752473892367087 ], [ 75.882051068255691, 11.750917135192946 ], [ 75.882466512632774, 11.750269389661272 ], [ 75.882106368960606, 11.749565207342215 ], [ 75.881862310976985, 11.749445745300587 ], [ 75.881610295943773, 11.749340723537498 ], [ 75.881425945574236, 11.749104964226184 ], [ 75.881595222351649, 11.748893359914229 ], [ 75.881864253454495, 11.748514861500599 ], [ 75.882735391302333, 11.748340406978365 ], [ 75.883680195837186, 11.748247094766862 ], [ 75.884014873958549, 11.748173737555897 ], [ 75.884513733639992, 11.747805968244405 ], [ 75.884859699993612, 11.746950366307093 ], [ 75.885032835099821, 11.746579175069744 ], [ 75.885468573976212, 11.746546162691212 ], [ 75.886190487327084, 11.747032145739913 ], [ 75.886773575981451, 11.747170525139346 ], [ 75.887089775231161, 11.747056487337582 ], [ 75.88717563054378, 11.746658427654754 ], [ 75.88699964158144, 11.74614359280296 ], [ 75.886621464019257, 11.745516311468965 ], [ 75.886707322419937, 11.745118163197059 ], [ 75.887229607870538, 11.744886018045918 ], [ 75.8878351329232, 11.744856978124632 ], [ 75.88827014359336, 11.744597962548532 ], [ 75.88908047004719, 11.744080012965036 ], [ 75.889455468356772, 11.743708130880814 ], [ 75.88997323723251, 11.743507600381928 ], [ 75.891364162339514, 11.743758714465073 ], [ 75.89249309199306, 11.743870492306403 ], [ 75.893104233606209, 11.744180507929933 ], [ 75.893394366837299, 11.744523154029798 ], [ 75.894038241440441, 11.745004959842101 ], [ 75.894382787218163, 11.745148544750204 ], [ 75.89502039690619, 11.745114893216183 ], [ 75.896033245306882, 11.744799736660896 ], [ 75.896697448637667, 11.74448574967457 ], [ 75.897307362136274, 11.744397893625914 ], [ 75.898670289262711, 11.744506640306142 ], [ 75.899420857473544, 11.74396175087227 ], [ 75.899820353225721, 11.74264489559172 ], [ 75.899850151012188, 11.741930490615017 ], [ 75.899639001916739, 11.740475433809424 ], [ 75.899232717666919, 11.73967645136193 ], [ 75.898914285083848, 11.739107852904606 ], [ 75.898651480846283, 11.738710801765802 ], [ 75.898617842823413, 11.73822262972166 ], [ 75.898789894418599, 11.737539473106677 ], [ 75.897512650245091, 11.736946702530179 ], [ 75.897222708211018, 11.736662801182309 ], [ 75.897046697328889, 11.736147906726581 ], [ 75.897017394794347, 11.735578407803741 ], [ 75.896236274920284, 11.735210137964613 ], [ 75.895510274018747, 11.734841644684465 ], [ 75.894931755459567, 11.734698835596312 ], [ 75.89434884667574, 11.734614709828248 ], [ 75.894173625050499, 11.734330493029679 ], [ 75.894143763516496, 11.733616202515616 ], [ 75.894166590183161, 11.732160410271991 ], [ 75.894023208327724, 11.731790150046521 ], [ 75.893556860716743, 11.730851258738472 ], [ 75.892627346561255, 11.729967976372865 ], [ 75.89204796541145, 11.729567418226418 ], [ 75.890974694348316, 11.729629574339056 ], [ 75.889787417395794, 11.729890947986789 ], [ 75.889181552702809, 11.729806959037356 ], [ 75.88799193978295, 11.729340487460385 ], [ 75.886861582004613, 11.728774323392045 ], [ 75.886364774945378, 11.728346352462768 ], [ 75.886131731323204, 11.727203263453337 ], [ 75.886471871142248, 11.725976999399544 ], [ 75.88696318368136, 11.724686985193102 ], [ 75.886987821467983, 11.723778185640862 ], [ 75.886842982998047, 11.722951376757001 ], [ 75.886517687910711, 11.721641217303537 ], [ 75.886311783318192, 11.720357950440132 ], [ 75.886395113548275, 11.719155086160123 ], [ 75.886591301746833, 11.717386756906139 ], [ 75.887079065376696, 11.716413192463364 ], [ 75.887486235619136, 11.71606835078148 ], [ 75.887659578959486, 11.715787494164385 ], [ 75.887567894325258, 11.714359164601181 ], [ 75.887390754475106, 11.713473636255189 ], [ 75.88648587583809, 11.711649939899134 ], [ 75.886306976046214, 11.710221826662611 ], [ 75.885701910393962, 11.708921709960988 ], [ 75.885237007902205, 11.70692264294693 ], [ 75.8849804884495, 11.707036390979363 ], [ 75.883240496980818, 11.706585185179245 ], [ 75.881736730788688, 11.706815885839735 ], [ 75.879765723125445, 11.70727853071994 ], [ 75.877797426819527, 11.707171539711794 ], [ 75.876869813366895, 11.706830809906466 ], [ 75.876172776198942, 11.705463075699823 ], [ 75.875207998556746, 11.703522071001785 ], [ 75.873402576299512, 11.701212830991373 ], [ 75.872588340294158, 11.700464784218291 ], [ 75.87082869531072, 11.701035317403415 ], [ 75.869209338762829, 11.700990513186388 ], [ 75.867255917099868, 11.701186324660082 ], [ 75.866257772034928, 11.70179965227849 ], [ 75.863874328457229, 11.702371995908358 ], [ 75.862735307320904, 11.703406141920205 ], [ 75.858347029178503, 11.702433742981926 ], [ 75.856538018786537, 11.70187405384303 ], [ 75.854441182717579, 11.701694919397713 ], [ 75.852011077841055, 11.702032195615807 ], [ 75.850818389561823, 11.702035732181621 ], [ 75.850245447616288, 11.70217766366537 ], [ 75.848917319813424, 11.704387785307024 ], [ 75.84706198260163, 11.705193558238761 ], [ 75.845348390251843, 11.705858663198329 ], [ 75.84521091187672, 11.707409717435846 ], [ 75.845220054672012, 11.710416198568648 ], [ 75.845463242496209, 11.7119571901911 ], [ 75.845660096102151, 11.713321946191268 ], [ 75.844390814880938, 11.71379589654412 ], [ 75.842349373202836, 11.715257670443528 ], [ 75.840541655985092, 11.716673544633153 ], [ 75.839304646480997, 11.717192641051973 ], [ 75.838114179261908, 11.717951123315132 ], [ 75.836354305373533, 11.718516850596563 ], [ 75.834780748334836, 11.718476241526908 ], [ 75.833303597785473, 11.718480547598357 ], [ 75.832158883676101, 11.719189175698601 ], [ 75.830877862942941, 11.720327691304824 ], [ 75.83035805049181, 11.721409752226302 ], [ 75.829839345677897, 11.722817297525134 ], [ 75.829506704715016, 11.723573235241508 ], [ 75.828793548899625, 11.724420724509221 ], [ 75.827317415425085, 11.724755052675297 ], [ 75.827895455545104, 11.726304079666198 ], [ 75.826224769497486, 11.726024077160455 ], [ 75.824642992320918, 11.726336085604839 ], [ 75.824143948758021, 11.726667531907156 ], [ 75.823599744734011, 11.727234264517532 ], [ 75.822957149855498, 11.728691869767058 ], [ 75.822461928432901, 11.730316425677655 ], [ 75.821792036563011, 11.731819340316177 ], [ 75.821317260761873, 11.73262092531629 ], [ 75.820272288210546, 11.732953907844895 ], [ 75.819126078241908, 11.733192272134239 ], [ 75.818270724368688, 11.734040183061087 ], [ 75.816230974694818, 11.736198063708418 ], [ 75.814092600788072, 11.739165459019683 ], [ 75.811422140907908, 11.7390328462086 ], [ 75.810164549653521, 11.741997786472348 ], [ 75.808261177341805, 11.74219304354515 ], [ 75.804540368529828, 11.742153808294253 ], [ 75.802967410846094, 11.742393332318906 ], [ 75.802018911393802, 11.742771245967026 ], [ 75.800206252564749, 11.742636184675083 ], [ 75.798728596249148, 11.742500121987495 ], [ 75.796630769752753, 11.742081044693595 ], [ 75.792254273575892, 11.742500289892924 ], [ 75.793031139353715, 11.743436202645221 ], [ 75.793782144583602, 11.743838626643722 ], [ 75.795459520419229, 11.744801438983355 ], [ 75.796837299534971, 11.745285879512611 ], [ 75.7990993372307, 11.746974992179346 ], [ 75.799445408596753, 11.747652182558971 ], [ 75.799894624191438, 11.749102182705672 ], [ 75.799702519880327, 11.750897485007945 ], [ 75.799698794422696, 11.751205000571968 ], [ 75.799591180321713, 11.752059760944904 ], [ 75.799189150654158, 11.752644124408748 ], [ 75.797968307654557, 11.752516410042279 ], [ 75.79526167981146, 11.752605348708439 ], [ 75.793936912858655, 11.753006891179087 ], [ 75.792585559220441, 11.753756673727102 ], [ 75.790346164488469, 11.755205079453061 ], [ 75.78842755421546, 11.756517031882625 ], [ 75.787347265683579, 11.757401604805493 ], [ 75.786480150711952, 11.757404017497592 ], [ 75.785508936037047, 11.757940134844031 ], [ 75.784427193443094, 11.758313850892309 ], [ 75.78350728554453, 11.759116612502771 ], [ 75.783133020748068, 11.759809327445559 ], [ 75.783323967995017, 11.760826116036826 ], [ 75.783597389434377, 11.761756637044817 ], [ 75.784196103408746, 11.762555297579958 ], [ 75.785385162852435, 11.76281869309382 ], [ 75.786279874393117, 11.762843349557148 ], [ 75.787147529993348, 11.762999191546628 ], [ 75.78758015676496, 11.76348178797593 ], [ 75.788018429930318, 11.764330560077003 ], [ 75.788264880184059, 11.765451098622909 ], [ 75.788510364215881, 11.766277775150654 ], [ 75.788758124513691, 11.767877507535422 ], [ 75.789167063395993, 11.769693918862094 ], [ 75.7896069503078, 11.77110327944817 ], [ 75.789608207134137, 11.771532711224092 ], [ 75.788231174631107, 11.77297423634452 ], [ 75.787311608029853, 11.773908167499194 ], [ 75.78712500712156, 11.774442141862346 ], [ 75.787478985185004, 11.774680781503093 ], [ 75.788238026902491, 11.775402029288813 ], [ 75.788780268904958, 11.775667330586632 ], [ 75.789947439765001, 11.776251779078128 ], [ 75.790893724384532, 11.776647018871813 ], [ 75.791547257922005, 11.777314312093607 ], [ 75.792063908532128, 11.778298494688963 ], [ 75.792387461814641, 11.779124971424386 ], [ 75.79268864222874, 11.780136830045155 ], [ 75.792936572660651, 11.781772723851198 ], [ 75.793292191991881, 11.78259916034348 ], [ 75.793835028108859, 11.783076889832669 ], [ 75.793921446470236, 11.784410269359311 ], [ 75.793541873592659, 11.784863523261873 ], [ 75.793489608642346, 11.785826609210007 ], [ 75.793735347091541, 11.786707522410659 ], [ 75.793934059763799, 11.788786706016786 ], [ 75.793798633038733, 11.789587225136005 ], [ 75.793396326336222, 11.790094769603279 ], [ 75.792691761292531, 11.790815600705182 ], [ 75.791367974175529, 11.791619527367375 ], [ 75.790530081940702, 11.792263795174044 ], [ 75.789106363112651, 11.793429638605852 ], [ 75.787918842974221, 11.79377658979241 ], [ 75.786323756249004, 11.794395826078951 ], [ 75.783891119689883, 11.795790572021463 ], [ 75.782379795049764, 11.796834501524797 ], [ 75.781056390561318, 11.797796625333707 ], [ 75.779063702434001, 11.799004705174644 ], [ 75.777575970313322, 11.800315378946953 ], [ 75.776821075665225, 11.801090525584923 ], [ 75.775440520921862, 11.801333965984943 ], [ 75.773789213044694, 11.801578051238815 ], [ 75.772363937293264, 11.801826051566835 ], [ 75.77344172138649, 11.802035618846491 ], [ 75.774498593372314, 11.802539114896211 ], [ 75.775742931718298, 11.802829604270203 ], [ 75.777098908836948, 11.803626140186038 ], [ 75.778078176998761, 11.804260860560326 ], [ 75.778671289366727, 11.804688737865041 ], [ 75.779214072764518, 11.80513939826327 ], [ 75.780165966897044, 11.805855678593002 ], [ 75.780653666810963, 11.806310935158159 ], [ 75.780953545899067, 11.806870730627459 ], [ 75.781087731778712, 11.807268184945389 ], [ 75.781172497704176, 11.808013915478083 ], [ 75.781364519265964, 11.809374222300443 ], [ 75.781906827996963, 11.809666599374781 ], [ 75.782421473506801, 11.809931991656455 ], [ 75.783073981434569, 11.810224006188005 ], [ 75.783643500998338, 11.81040781904237 ], [ 75.784373550887352, 11.810541410524952 ], [ 75.784860540530374, 11.810725493074532 ], [ 75.785512778155123, 11.810936189928217 ], [ 75.786137310997347, 11.811097160293384 ], [ 75.786679727675448, 11.811416683321591 ], [ 75.787327579974445, 11.81170872276509 ], [ 75.787980244063746, 11.81207768726521 ], [ 75.788472241641145, 11.812401856575637 ], [ 75.789364003127659, 11.812932786730197 ], [ 75.790260066511607, 11.81335528902838 ], [ 75.791073790605097, 11.813859370033903 ], [ 75.792346024523894, 11.814231123527644 ], [ 75.793541161793627, 11.814919479141665 ], [ 75.793917560182734, 11.81497268992142 ], [ 75.794570729105715, 11.815504333176266 ], [ 75.795003170619452, 11.815878432775408 ], [ 75.795440434161733, 11.816329280769871 ], [ 75.796061173779037, 11.816725430517865 ], [ 75.796741749332668, 11.81722980913027 ], [ 75.797500939591117, 11.817896842764988 ], [ 75.798016362426495, 11.818401686530217 ], [ 75.798421392973168, 11.81882559619407 ], [ 75.798804102638186, 11.819439290837593 ], [ 75.802808244410244, 11.81871367902616 ], [ 75.80423612442182, 11.818944715271671 ], [ 75.804716484650541, 11.820001282909018 ], [ 75.805782596671136, 11.818940272112188 ], [ 75.808163636067562, 11.8186984218337 ], [ 75.809717820715662, 11.819751975829561 ], [ 75.811142960539001, 11.819042621856681 ], [ 75.812564281117972, 11.81704478953206 ], [ 75.813038071192537, 11.815867951648444 ], [ 75.814228417342449, 11.814924134988615 ], [ 75.816966651223012, 11.814446084139544 ], [ 75.820215576348772, 11.815960354053182 ], [ 75.822419915761046, 11.816482881278658 ], [ 75.823997546517532, 11.816175430357475 ], [ 75.824055851414087, 11.815705034293526 ], [ 75.826403875230028, 11.815205482852907 ], [ 75.827355186941517, 11.814144775433917 ], [ 75.829437784621774, 11.813853894385845 ], [ 75.830510180056478, 11.813380589930302 ], [ 75.831583044148175, 11.813083518403571 ], [ 75.832833211346752, 11.812198240929847 ], [ 75.833729095998564, 11.812548275383675 ], [ 75.834325135679066, 11.81389836164692 ], [ 75.834327801857157, 11.814779915582626 ], [ 75.83474661981235, 11.81519012806147 ], [ 75.83605893476431, 11.815127469811063 ], [ 75.83671565086614, 11.815301879309459 ], [ 75.837611980220515, 11.815769389603688 ], [ 75.839633697229857, 11.815116922534735 ], [ 75.841123514095244, 11.814583587797108 ], [ 75.843267763690449, 11.814988634025994 ], [ 75.844817199491217, 11.814455009661485 ], [ 75.845764150588636, 11.811983744650222 ], [ 75.845222728793786, 11.810516021418412 ], [ 75.844861212737158, 11.80934163438347 ], [ 75.84568985310294, 11.807223385703361 ], [ 75.846045493982075, 11.806458286556317 ], [ 75.845086881913858, 11.805104792062473 ], [ 75.845560865123574, 11.80404547463796 ], [ 75.847338395146096, 11.800102362140278 ], [ 75.848577262570103, 11.797101305936739 ], [ 75.848873735813484, 11.796512615730421 ], [ 75.848511637141186, 11.795161979054743 ], [ 75.848389804842299, 11.794339464670367 ], [ 75.848983063427895, 11.793279852785387 ], [ 75.850819734314101, 11.789200887984913 ], [ 75.851057388989588, 11.788906346653471 ], [ 75.852244363350422, 11.788432554405865 ], [ 75.852837995031095, 11.787490430462015 ], [ 75.853073548581435, 11.7864905546086 ], [ 75.855744128813015, 11.782074566958727 ], [ 75.856571357043649, 11.781014174370412 ], [ 75.85734349096775, 11.779958500227055 ], [ 75.859945980156041, 11.781709282970331 ], [ 75.861022566173958, 11.782646451599641 ], [ 75.861741270225764, 11.783584626419771 ], [ 75.863290101096709, 11.78440273777599 ], [ 75.864481229142299, 11.78381141688501 ], [ 75.86603362382202, 11.78427683150656 ], [ 75.866989117717822, 11.784626636456101 ], [ 75.868770292845667, 11.783445682168946 ], [ 75.870076699911749, 11.781560991383527 ], [ 75.871385611312974, 11.780499089691531 ], [ 75.87162268317158, 11.780028130352738 ], [ 75.87281258761189, 11.780494727831895 ], [ 75.872841207338411, 11.780847232841666 ], [ 75.873800649126409, 11.780814741995599 ] ] ] ] } },
{ "type": "Feature", "properties": { "village_code": "627326", "village": "Kottathara", "village_name": "Kottathara ", "district": "Wayanad", "subdistrict_code": 5637, "households_2011": 3920.0, "population_2011": 17295, "male_population_2011": 8489.0, "female_population_2011": 8806.0 }, "geometry": { "type": "MultiPolygon", "coordinates": [ [ [ [ 76.02954538530885, 11.695570584039269 ], [ 76.030462838702306, 11.695251745742262 ], [ 76.031785424990616, 11.695426193599667 ], [ 76.033266141804887, 11.695384754926637 ], [ 76.035491616039678, 11.695322442221977 ], [ 76.037541833342004, 11.694484064377711 ], [ 76.039466134764808, 11.693160127946818 ], [ 76.040812255301319, 11.692508788308903 ], [ 76.041390396802825, 11.6918361699454 ], [ 76.04129392788289, 11.690318522380116 ], [ 76.041406899306523, 11.688806682400454 ], [ 76.041791276110942, 11.687577810598185 ], [ 76.042582755040911, 11.686773386682168 ], [ 76.044152361422462, 11.6867823331275 ], [ 76.045430883419641, 11.687091371131547 ], [ 76.046268864692379, 11.686915529072028 ], [ 76.046673378725842, 11.686006230069166 ], [ 76.046281864842669, 11.685572472857363 ], [ 76.045419378313795, 11.685722757922974 ], [ 76.044746893663245, 11.685405615846841 ], [ 76.044567074357346, 11.684629424224905 ], [ 76.044970176625881, 11.683769851022539 ], [ 76.045866368672264, 11.683321968044883 ], [ 76.04843987997387, 11.682472659445713 ], [ 76.051324970880401, 11.682204103878822 ], [ 76.054559610933538, 11.68206952712192 ], [ 76.055835486150642, 11.681582306551194 ], [ 76.057021058628138, 11.680719423447636 ], [ 76.057430235836563, 11.680531692722337 ], [ 76.057661452862433, 11.679696726211617 ], [ 76.057646161884918, 11.679348902989044 ], [ 76.05915830346639, 11.677788112689324 ], [ 76.060099307142082, 11.676781083010086 ], [ 76.060831840871103, 11.676439276208274 ], [ 76.061785500191931, 11.676349850008565 ], [ 76.062657217538828, 11.676446101595644 ], [ 76.063060740348902, 11.676419745595899 ], [ 76.063463605103308, 11.676226169054686 ], [ 76.063891651643814, 11.675415301301509 ], [ 76.064458750213859, 11.673794813321052 ], [ 76.064594986876827, 11.673446219471685 ], [ 76.065105245878101, 11.672549152902295 ], [ 76.065748598149199, 11.671678838137467 ], [ 76.066933392271338, 11.670860667066565 ], [ 76.06813379249057, 11.670544238640522 ], [ 76.068968654155555, 11.670599936351664 ], [ 76.069441160544017, 11.670611757952807 ], [ 76.070214961823226, 11.670296928164628 ], [ 76.071253242513265, 11.669556131485297 ], [ 76.071788870613744, 11.669296520456797 ], [ 76.072339743598576, 11.669439087067174 ], [ 76.073126449759343, 11.670078086538739 ], [ 76.075329188044932, 11.669229015924403 ], [ 76.075291207753025, 11.668899172681002 ], [ 76.075435927760495, 11.668356107177736 ], [ 76.07565821597035, 11.667735905262708 ], [ 76.075875607479517, 11.667007261166722 ], [ 76.076458422206542, 11.665915577173234 ], [ 76.077011971842509, 11.665551833575822 ], [ 76.07759870217977, 11.665477305174383 ], [ 76.078079934089871, 11.665403126481593 ], [ 76.078556342624282, 11.665256758772273 ], [ 76.078849408946212, 11.665142605738714 ], [ 76.079109583870931, 11.664816168822203 ], [ 76.079181804571775, 11.664526509310255 ], [ 76.078735562435313, 11.664162025186327 ], [ 76.078440794869749, 11.663837588072299 ], [ 76.078438677977346, 11.663290591299138 ], [ 76.078034830724249, 11.663219810124913 ], [ 76.077995666048309, 11.662568993377214 ], [ 76.078131173445229, 11.662037273792084 ], [ 76.078599427199492, 11.662159824839376 ], [ 76.07874266404211, 11.661250604060458 ], [ 76.078850671628587, 11.66070771806271 ], [ 76.078995313610719, 11.660160153443719 ], [ 76.079140253735773, 11.659689430080897 ], [ 76.079400531126424, 11.65939465523752 ], [ 76.079693961609578, 11.659393507262509 ], [ 76.080581099513779, 11.659901055954315 ], [ 76.081240231791554, 11.659573071082866 ], [ 76.082013996311261, 11.659240154815153 ], [ 76.082417665198861, 11.659274756209747 ], [ 76.083048105700669, 11.659819395372347 ], [ 76.083087043168021, 11.660397964305181 ], [ 76.083161727046871, 11.660727719859885 ], [ 76.08371324459543, 11.661051063132332 ], [ 76.083939514315773, 11.661452605724456 ], [ 76.084307252572614, 11.661668198278182 ], [ 76.084857195216543, 11.6615576445787 ], [ 76.085338576534213, 11.661519609323486 ], [ 76.085815004037229, 11.66136862236295 ], [ 76.08618097854044, 11.66115031208027 ], [ 76.086257848316606, 11.660860688568176 ], [ 76.085736963304527, 11.660170988638328 ], [ 76.085331361750576, 11.659666154759234 ], [ 76.086378407205729, 11.658843956377957 ], [ 76.086728596416336, 11.659258578135614 ], [ 76.087097478172595, 11.659767994571778 ], [ 76.087319296593549, 11.660201148572172 ], [ 76.087727541985359, 11.660235771005622 ], [ 76.088574980687099, 11.659979412459968 ], [ 76.089678402861921, 11.659505058095039 ], [ 76.090594331127775, 11.65917156828673 ], [ 76.090929195912025, 11.659206428433274 ], [ 76.091371047835977, 11.659607180067697 ], [ 76.091775233996927, 11.659750254210962 ], [ 76.092146154454397, 11.659622286974729 ], [ 76.092326969417385, 11.658947966742476 ], [ 76.092395634444742, 11.657749760163522 ], [ 76.092280985301471, 11.656570265926076 ], [ 76.091907479284913, 11.656042708156411 ], [ 76.091465349084132, 11.655574233217033 ], [ 76.091134169614648, 11.655317821116505 ], [ 76.090688059403774, 11.654994060971909 ], [ 76.089398536169099, 11.654781946639694 ], [ 76.08756003514506, 11.654897375423845 ], [ 76.086121276631118, 11.655228338924493 ], [ 76.085936577183205, 11.65490351453929 ], [ 76.085751710693415, 11.654542525217783 ], [ 76.085566707654195, 11.654140952423015 ], [ 76.085928649865309, 11.652851157724049 ], [ 76.086223995392572, 11.65215831078161 ], [ 76.086697702517142, 11.651320203294219 ], [ 76.086879637400088, 11.650921650468215 ], [ 76.086932984333913, 11.650505600716201 ], [ 76.086803272901292, 11.65015794058197 ], [ 76.086361426990848, 11.64976178705296 ], [ 76.086177071388505, 11.649509388330975 ], [ 76.086249137831089, 11.64917906982029 ], [ 76.086577896463979, 11.648816191812731 ], [ 76.086760116297043, 11.648508048875454 ], [ 76.086538983298468, 11.648233139034724 ], [ 76.086354121404696, 11.647872158076481 ], [ 76.086127583004597, 11.647402820476398 ], [ 76.086015375094235, 11.646856270475022 ], [ 76.086012733952003, 11.646164563693986 ], [ 76.086046908536659, 11.645513455594086 ], [ 76.085569398635684, 11.645370616023436 ], [ 76.084675035719755, 11.645337821885166 ], [ 76.082868504427864, 11.645416994443682 ], [ 76.081581155289427, 11.645747270885678 ], [ 76.080403687670596, 11.646041053637731 ], [ 76.077975834031449, 11.64674182615631 ], [ 76.076467927557445, 11.646964467851538 ], [ 76.075362264609382, 11.646823916671632 ], [ 76.075104713049072, 11.646644072293149 ], [ 76.074841639964774, 11.646206537322227 ], [ 76.074508427347837, 11.645412149099219 ], [ 76.074175576989106, 11.644721655741979 ], [ 76.073472275830113, 11.644285824843449 ], [ 76.072994207951297, 11.643998292120394 ], [ 76.072448233873942, 11.643918905237783 ], [ 76.07181277819322, 11.64323866839471 ], [ 76.071107368096818, 11.642260286015444 ], [ 76.070262460022121, 11.641974025210418 ], [ 76.069598118374032, 11.642121222691154 ], [ 76.069195515380457, 11.642380398430957 ], [ 76.068787400052599, 11.642381887205497 ], [ 76.068417164021312, 11.641510735033757 ], [ 76.067860802571005, 11.641110481729187 ], [ 76.067530636887639, 11.641111678080197 ], [ 76.067128438045501, 11.641479333163721 ], [ 76.066636156823009, 11.641083767494665 ], [ 76.066449692559488, 11.641450285009027 ], [ 76.066322165909739, 11.641699345962127 ], [ 76.06623177716186, 11.642038794449528 ], [ 76.066072870283378, 11.642468783484324 ], [ 76.065785330461296, 11.642808935660256 ], [ 76.065460921206267, 11.643126610578694 ], [ 76.06522994852925, 11.64349663514691 ], [ 76.065791091960378, 11.644323372257466 ], [ 76.06674958527087, 11.645554024449279 ], [ 76.067474069230769, 11.646717638680988 ], [ 76.067972728668821, 11.647615428463764 ], [ 76.067671238740033, 11.64791498938594 ], [ 76.066612776404128, 11.649347417182103 ], [ 76.065427197687697, 11.648714397252164 ], [ 76.06493599086734, 11.648603213523595 ], [ 76.064059414773752, 11.64841658149909 ], [ 76.063146956021527, 11.648458360430935 ], [ 76.062955663637709, 11.648795845136677 ], [ 76.062575955720575, 11.649059515749641 ], [ 76.061893529347657, 11.649288063289561 ], [ 76.061247949225432, 11.649552612976409 ], [ 76.060337293328772, 11.650080378137949 ], [ 76.059728683457422, 11.650421688043805 ], [ 76.059348732312671, 11.650612934698248 ], [ 76.058625812493034, 11.649824525314957 ], [ 76.057937735781053, 11.649790849387784 ], [ 76.057557587982259, 11.649905255643827 ], [ 76.057181794480144, 11.64997902118891 ], [ 76.056685426256124, 11.649682448142244 ], [ 76.055994386046549, 11.648857664291107 ], [ 76.055424553959156, 11.648561402939274 ], [ 76.054433032909827, 11.648302822070805 ], [ 76.05376367661934, 11.648341424349217 ], [ 76.052581177317592, 11.648535649311242 ], [ 76.051179990351159, 11.649101386079169 ], [ 76.050685486723253, 11.649293050414581 ], [ 76.050686607433292, 11.649591383001669 ], [ 76.050646427842125, 11.649894434926209 ], [ 76.050265544861915, 11.649818981741268 ], [ 76.049925831672297, 11.649743313886434 ], [ 76.049582646659587, 11.649934470461387 ], [ 76.049244940039799, 11.650383227503944 ], [ 76.04907440837016, 11.650761399783251 ], [ 76.048903663585264, 11.651098807265207 ], [ 76.048487167257932, 11.651326348999886 ], [ 76.048221483376992, 11.651404219400151 ], [ 76.047799618037786, 11.651405718755658 ], [ 76.04734563718236, 11.651407413340348 ], [ 76.046584054940354, 11.651333323114491 ], [ 76.046011373080475, 11.651484576788011 ], [ 76.045521652117245, 11.651748589168507 ], [ 76.045178808690707, 11.65205264800443 ], [ 76.044340941099733, 11.652430925523108 ], [ 76.043584808207143, 11.652582864061698 ], [ 76.043146819615615, 11.652564110684748 ], [ 76.042630483378474, 11.652455219705292 ], [ 76.042196668487563, 11.652960911428327 ], [ 76.042101895149443, 11.653374856687549 ], [ 76.042121525900583, 11.653711625967837 ], [ 76.042276332995741, 11.654032029324306 ], [ 76.042485958993382, 11.654273106069844 ], [ 76.042716025580276, 11.65449833573021 ], [ 76.043056250687911, 11.654723188854017 ], [ 76.042641436275403, 11.655398223174831 ], [ 76.042186844893223, 11.655250730675522 ], [ 76.041728278273595, 11.655252370056912 ], [ 76.041305267576291, 11.655368435355081 ], [ 76.040783630677609, 11.656512587538984 ], [ 76.04128020619882, 11.656849811490233 ], [ 76.041849668376599, 11.6570692965095 ], [ 76.042381992379333, 11.657144275944857 ], [ 76.042650476421855, 11.657199774068362 ], [ 76.042841584426981, 11.657407066367513 ], [ 76.042801565150697, 11.657743943348569 ], [ 76.042692437990638, 11.658006588109403 ], [ 76.042464095825864, 11.658269628808346 ], [ 76.04217814135167, 11.658440172773128 ], [ 76.041703723246243, 11.658498456798071 ], [ 76.041396546397479, 11.65853566975562 ], [ 76.041093877855886, 11.658536752769738 ], [ 76.040713251737785, 11.65853820472184 ], [ 76.040563453879514, 11.658950138673845 ], [ 76.040679598615881, 11.659365564061364 ], [ 76.041100202621919, 11.660227511031902 ], [ 76.040646696400728, 11.660378351598187 ], [ 76.040073531551656, 11.660416581469475 ], [ 76.039464045217557, 11.660531806788885 ], [ 76.039311175267002, 11.660121041978543 ], [ 76.039080732670925, 11.659818960129165 ], [ 76.038777626777588, 11.659707034653248 ], [ 76.038475667523684, 11.659897960725932 ], [ 76.038435497293463, 11.66019651157691 ], [ 76.038437008358102, 11.660610114603458 ], [ 76.038041222526289, 11.660855702743344 ], [ 76.037754340644341, 11.660800225440655 ], [ 76.037679887896573, 11.660499848607396 ], [ 76.03767495291423, 11.659787884114312 ], [ 76.037296501216233, 11.659753087898604 ], [ 76.036727070778213, 11.660184587232546 ], [ 76.036270104928278, 11.660018972137181 ], [ 76.036304932094609, 11.659494374541318 ], [ 76.035957962267688, 11.658704523898463 ], [ 76.035691170281368, 11.658483942272179 ], [ 76.035305418247106, 11.658331661082574 ], [ 76.034694602769164, 11.65811235674261 ], [ 76.034471996801258, 11.658673670810597 ], [ 76.034244773152793, 11.65923964330805 ], [ 76.034131056309775, 11.659502244412739 ], [ 76.033786689424943, 11.659390424841728 ], [ 76.032911568040589, 11.658998072853667 ], [ 76.032756219288174, 11.658530648095397 ], [ 76.032565234083961, 11.65774476188921 ], [ 76.032412545062442, 11.657370070981571 ], [ 76.031989524925606, 11.657068672299495 ], [ 76.030923747989831, 11.65658422179135 ], [ 76.029859686534053, 11.6565518731904 ], [ 76.029248835409618, 11.656328033948119 ], [ 76.028103773385865, 11.655468653567775 ], [ 76.027612506812389, 11.65532126626211 ], [ 76.026773926845081, 11.655514114157874 ], [ 76.026321694470298, 11.656004011214952 ], [ 76.02589996994017, 11.656041613163797 ], [ 76.025671908702165, 11.655759913361868 ], [ 76.025366165665915, 11.655555318511992 ], [ 76.025099498451539, 11.65536637547841 ], [ 76.024489019722154, 11.655219359480773 ], [ 76.023956557478286, 11.655108237887418 ], [ 76.02330966099386, 11.655038206732355 ], [ 76.022927776758806, 11.654700507020133 ], [ 76.022545682061562, 11.654290476282368 ], [ 76.022204913425156, 11.653916405437473 ], [ 76.021592604705191, 11.653281197282206 ], [ 76.021210999463662, 11.653020332897905 ], [ 76.020295089057484, 11.652119393731601 ], [ 76.020709737926879, 11.651367503830768 ], [ 76.020900276881434, 11.650806227962454 ], [ 76.020097026977282, 11.650619202120012 ], [ 76.018843286814288, 11.65013989345217 ], [ 76.018269472203187, 11.649988192316076 ], [ 76.017968910755698, 11.650554422138912 ], [ 76.017628313775035, 11.650856265783435 ], [ 76.01694269562492, 11.650856412852828 ], [ 76.016710977876571, 11.650732554894935 ], [ 76.016030638258513, 11.651008819671498 ], [ 76.015535719474585, 11.651123612153176 ], [ 76.015118955295023, 11.651278730500479 ], [ 76.014986343864564, 11.651689508455069 ], [ 76.014531292415626, 11.651730677051527 ], [ 76.014321533478608, 11.651430717364635 ], [ 76.014016174038233, 11.6513188131603 ], [ 76.013691151989562, 11.651487215699607 ], [ 76.013296222960818, 11.651958780141802 ], [ 76.013156476819674, 11.652632922445591 ], [ 76.012854558898212, 11.652859952076197 ], [ 76.012625842394186, 11.653009938132831 ], [ 76.012302918775944, 11.65312415781124 ], [ 76.011902460651825, 11.653351547101135 ], [ 76.011830320324833, 11.653690945572516 ], [ 76.011831358595927, 11.653989280439587 ], [ 76.011947128151689, 11.654287214154959 ], [ 76.012063274092711, 11.654702746807153 ], [ 76.012138043704681, 11.65507771782705 ], [ 76.012103067242307, 11.65556613760746 ], [ 76.01214073571802, 11.655828163205101 ], [ 76.012124094279713, 11.656296175660932 ], [ 76.011784003917512, 11.656729101582032 ], [ 76.011118429398962, 11.657199339721089 ], [ 76.010737658308102, 11.657180369875743 ], [ 76.010356888161837, 11.657145482636345 ], [ 76.009751702925627, 11.657183778492461 ], [ 76.009103191808848, 11.657319423641535 ], [ 76.008895919449486, 11.657695363975195 ], [ 76.008800645707694, 11.657978298194616 ], [ 76.008534872585528, 11.658051588037791 ], [ 76.008230029235506, 11.658093303071057 ], [ 76.00802062549954, 11.657886084532745 ], [ 76.007886740743771, 11.657642425320423 ], [ 76.007620503015005, 11.657566496159081 ], [ 76.00731768069258, 11.657531434762278 ], [ 76.006785986978386, 11.657610096354247 ], [ 76.006062455247942, 11.65791100603367 ], [ 76.005265388282908, 11.65817603903805 ], [ 76.005225757146235, 11.658628262591591 ], [ 76.005269272028215, 11.659265514090027 ], [ 76.005326904902375, 11.659979586488934 ], [ 76.005121905058047, 11.660355541932548 ], [ 76.004778021778648, 11.660392912282793 ], [ 76.004168245834748, 11.66043123829272 ], [ 76.003448358459934, 11.660474417110198 ], [ 76.002838640484583, 11.6605488964298 ], [ 76.002550500615357, 11.660775937209992 ], [ 76.002057195372046, 11.66133829894375 ], [ 76.001791871600318, 11.661529092919091 ], [ 76.001489491759145, 11.661602427018298 ], [ 76.000916565531114, 11.661717427610681 ], [ 76.000461133253964, 11.661307622251888 ], [ 75.999886700513684, 11.661011265377404 ], [ 75.999070147316289, 11.661187934238916 ], [ 75.998328339403329, 11.661278855093427 ], [ 75.998596378724059, 11.66183853195745 ], [ 75.998447049625668, 11.662404199869798 ], [ 75.998146530876255, 11.663006491009025 ], [ 75.998221618619482, 11.66348997784195 ], [ 75.998338024952588, 11.663977779699414 ], [ 75.99827677386088, 11.66438040634841 ], [ 75.9979956853212, 11.664431091633887 ], [ 75.997692452109675, 11.664283002618571 ], [ 75.997388709530426, 11.66398113670212 ], [ 75.997007648738844, 11.663871672200441 ], [ 75.996703314099292, 11.664064882135202 ], [ 75.997010065725647, 11.66457014499203 ], [ 75.995970889870492, 11.665084652604053 ], [ 75.995353107086046, 11.664200611324631 ], [ 75.994692587231924, 11.664157752797045 ], [ 75.994317667022713, 11.664493541683713 ], [ 75.994012814676523, 11.665181826797483 ], [ 75.993044227823361, 11.666220444542912 ], [ 75.992350069699143, 11.667063751577063 ], [ 75.991885053236302, 11.667829345490112 ], [ 75.991346261974599, 11.668522888592232 ], [ 75.991000063698067, 11.6691751193028 ], [ 75.99080526656806, 11.669862982739902 ], [ 75.990537385990365, 11.670632396456512 ], [ 75.990461312661509, 11.671166130344462 ], [ 75.990385290504776, 11.671704377606366 ], [ 75.990231504269062, 11.6723152084746 ], [ 75.989964603024816, 11.673351419043984 ], [ 75.990011045027657, 11.674807035686392 ], [ 75.990167271286907, 11.676180783824071 ], [ 75.990246977960965, 11.676677867838389 ], [ 75.990170954584798, 11.677216034500431 ], [ 75.99019287943284, 11.677908823657503 ], [ 75.990558296141103, 11.677820502211393 ], [ 75.990911521881529, 11.677819316313242 ], [ 75.991452709383736, 11.677817449680758 ], [ 75.992113134637876, 11.677815137282632 ], [ 75.992851720486001, 11.677853342919713 ], [ 75.993819685578586, 11.67792683152393 ], [ 75.994517402559126, 11.678078145326362 ], [ 75.995100662820732, 11.678302097454846 ], [ 75.995455252650999, 11.678685131265574 ], [ 75.99588374278585, 11.679221656245737 ], [ 75.996153790604993, 11.679715729738454 ], [ 75.996487731181659, 11.680116986990708 ], [ 75.996850167597572, 11.680136068166036 ], [ 75.997593357953235, 11.680516609965061 ], [ 75.998061941662499, 11.680389513632271 ], [ 75.998950154664954, 11.679816220932661 ], [ 75.999373781784641, 11.679929762713002 ], [ 75.999770601895051, 11.679800359091967 ], [ 76.000123482794464, 11.679722302711193 ], [ 76.00063184389343, 11.679526123259878 ], [ 76.001176690970595, 11.679257552362973 ], [ 76.000819005588227, 11.67798386619306 ], [ 76.000970297151397, 11.676708459308227 ], [ 76.001185489891782, 11.675952735196741 ], [ 76.00175215666664, 11.676009485127887 ], [ 76.002499831830107, 11.676043113599029 ], [ 76.002890117664165, 11.676159275123284 ], [ 76.003088441972281, 11.676465948854409 ], [ 76.003167382190824, 11.676736998704213 ], [ 76.003283278944778, 11.677084654162563 ], [ 76.003481345341513, 11.677314574955544 ], [ 76.003638106742144, 11.677549109698461 ], [ 76.00403291926429, 11.677660704661367 ], [ 76.005166264155392, 11.677774272238647 ], [ 76.006147589639923, 11.677730180259305 ], [ 76.006693350444692, 11.677728294468858 ], [ 76.007088683049247, 11.677961915318305 ], [ 76.007286815838725, 11.678227996371286 ], [ 76.007366491565364, 11.678693324051713 ], [ 76.007679601233704, 11.679040355915085 ], [ 76.008388461897042, 11.67973411161387 ], [ 76.009032118163717, 11.68016585874812 ], [ 76.010090435830335, 11.681088878600317 ], [ 76.010522950524447, 11.681471617077786 ], [ 76.010798442848923, 11.681551996114255 ], [ 76.011582277287914, 11.681431690427319 ], [ 76.012051650660652, 11.681855000625182 ], [ 76.012328963811498, 11.68243271627799 ], [ 76.012915021253932, 11.682159386884233 ], [ 76.013697958585738, 11.681772408166536 ], [ 76.014010247445427, 11.681884291095372 ], [ 76.014857416754097, 11.682789982166607 ], [ 76.015584825836356, 11.683542352143382 ], [ 76.016959573393905, 11.684464320667518 ], [ 76.017077740170208, 11.684791657112086 ], [ 76.016842490933257, 11.685043398995035 ], [ 76.016572263630366, 11.685161860866364 ], [ 76.016256809175573, 11.685434274059311 ], [ 76.016023849494417, 11.685701768887309 ], [ 76.015827902624025, 11.686050566457801 ], [ 76.015714232597645, 11.686322289685773 ], [ 76.01594952513743, 11.68671025272471 ], [ 76.016261295108364, 11.686668436016221 ], [ 76.016770128948295, 11.686589725897075 ], [ 76.017008236062111, 11.686471358962956 ], [ 76.017516380976176, 11.686202870652782 ], [ 76.018181213163672, 11.686159793089717 ], [ 76.01948767212987, 11.688449507883293 ], [ 76.018901812263707, 11.688792887255277 ], [ 76.019032271668493, 11.689362093775737 ], [ 76.019612103181387, 11.689861832760521 ], [ 76.020310199418873, 11.690130554117175 ], [ 76.020403852709975, 11.690659144237406 ], [ 76.020934521952938, 11.691520795417269 ], [ 76.021779847593265, 11.691902015059847 ], [ 76.022367414224433, 11.692017485800546 ], [ 76.022927786464678, 11.692243761078615 ], [ 76.022927459279288, 11.692772715052959 ], [ 76.022403824373157, 11.69318375163925 ], [ 76.022906321644925, 11.693913859113138 ], [ 76.024318975178147, 11.69508099589674 ], [ 76.02488428348272, 11.697300369776993 ], [ 76.025315882364822, 11.699309444432638 ], [ 76.026432982596461, 11.699340501374618 ], [ 76.027503888781723, 11.698543891567915 ], [ 76.028109679319002, 11.696907976587418 ], [ 76.02954538530885, 11.695570584039269 ] ] ] ] } },
{ "type": "Feature", "properties": { "village_code": "627331", "village": "Kavumannam", "village_name": "Kavumannam", "district": "Wayanad", "subdistrict_code": 5637, "households_2011": 2358.0, "population_2011": 10106, "male_population_2011": 5027.0, "female_population_2011": 5079.0 }, "geometry": { "type": "MultiPolygon", "coordinates": [ [ [ [ 75.997007648738844, 11.663871672200441 ], [ 75.997388709530426, 11.66398113670212 ], [ 75.997692452109675, 11.664283002618571 ], [ 75.9979956853212, 11.664431091633887 ], [ 75.99827677386088, 11.66438040634841 ], [ 75.998338024952588, 11.663977779699414 ], [ 75.998221618619482, 11.66348997784195 ], [ 75.998146530876255, 11.663006491009025 ], [ 75.998447049625668, 11.662404199869798 ], [ 75.998596378724059, 11.66183853195745 ], [ 75.998328339403329, 11.661278855093427 ], [ 75.999070147316289, 11.661187934238916 ], [ 75.999886700513684, 11.661011265377404 ], [ 76.000461133253964, 11.661307622251888 ], [ 76.000916565531114, 11.661717427610681 ], [ 76.001489491759145, 11.661602427018298 ], [ 76.001791871600318, 11.661529092919091 ], [ 76.002057195372046, 11.66133829894375 ], [ 76.002550500615357, 11.660775937209992 ], [ 76.002838640484583, 11.6605488964298 ], [ 76.003448358459934, 11.660474417110198 ], [ 76.004168245834748, 11.66043123829272 ], [ 76.004778021778648, 11.660392912282793 ], [ 76.005121905058047, 11.660355541932548 ], [ 76.005326904902375, 11.659979586488934 ], [ 76.005269272028215, 11.659265514090027 ], [ 76.005225757146235, 11.658628262591591 ], [ 76.005265388282908, 11.65817603903805 ], [ 76.006062455247942, 11.65791100603367 ], [ 76.006785986978386, 11.657610096354247 ], [ 76.00731768069258, 11.657531434762278 ], [ 76.007620503015005, 11.657566496159081 ], [ 76.007886740743771, 11.657642425320423 ], [ 76.00802062549954, 11.657886084532745 ], [ 76.008230029235506, 11.658093303071057 ], [ 76.008534872585528, 11.658051588037791 ], [ 76.008800645707694, 11.657978298194616 ], [ 76.008895919449486, 11.657695363975195 ], [ 76.009103191808848, 11.657319423641535 ], [ 76.009751702925627, 11.657183778492461 ], [ 76.010356888161837, 11.657145482636345 ], [ 76.010737658308102, 11.657180369875743 ], [ 76.011118429398962, 11.657199339721089 ], [ 76.011784003917512, 11.656729101582032 ], [ 76.012124094279713, 11.656296175660932 ], [ 76.01214073571802, 11.655828163205101 ], [ 76.012103067242307, 11.65556613760746 ], [ 76.012138043704681, 11.65507771782705 ], [ 76.012063274092711, 11.654702746807153 ], [ 76.011947128151689, 11.654287214154959 ], [ 76.011831358595927, 11.653989280439587 ], [ 76.011830320324833, 11.653690945572516 ], [ 76.011902460651825, 11.653351547101135 ], [ 76.012302918775944, 11.65312415781124 ], [ 76.012625842394186, 11.653009938132831 ], [ 76.012854558898212, 11.652859952076197 ], [ 76.013156476819674, 11.652632922445591 ], [ 76.013296222960818, 11.651958780141802 ], [ 76.013691151989562, 11.651487215699607 ], [ 76.014016174038233, 11.6513188131603 ], [ 76.014321533478608, 11.651430717364635 ], [ 76.014531292415626, 11.651730677051527 ], [ 76.014986343864564, 11.651689508455069 ], [ 76.015118955295023, 11.651278730500479 ], [ 76.015535719474585, 11.651123612153176 ], [ 76.016030638258513, 11.651008819671498 ], [ 76.016710977876571, 11.650732554894935 ], [ 76.016734477824855, 11.65034625433778 ], [ 76.016755886107362, 11.649934836233236 ], [ 76.016542648831987, 11.649293600062729 ], [ 76.016220691054826, 11.649046110122391 ], [ 76.01582082628407, 11.648794285079489 ], [ 76.015568034751027, 11.64865503983915 ], [ 76.015447111209369, 11.648176262519224 ], [ 76.015330673674683, 11.647697519906091 ], [ 76.015095941454902, 11.647467791567482 ], [ 76.014819700811302, 11.647170353786624 ], [ 76.014538966970321, 11.646895608205098 ], [ 76.014235364811015, 11.646620853861423 ], [ 76.013954843915542, 11.646418432521708 ], [ 76.013628529868683, 11.646211577150339 ], [ 76.013398504375516, 11.646031570653212 ], [ 76.012964104537033, 11.64573247467351 ], [ 76.01290551752983, 11.645391376607495 ], [ 76.012927267968394, 11.645070329919827 ], [ 76.012948499285216, 11.644600076426917 ], [ 76.012809593823533, 11.644220759262147 ], [ 76.012457871829369, 11.643663700554002 ], [ 76.011993155793789, 11.643561346071287 ], [ 76.011411399834685, 11.643104521900094 ], [ 76.011244984573992, 11.642738910897846 ], [ 76.01127147589628, 11.642463088135971 ], [ 76.011640590781539, 11.641797176008756 ], [ 76.012169990243905, 11.641108143266752 ], [ 76.012631260173549, 11.640577629833047 ], [ 76.011634311137456, 11.640079286419443 ], [ 76.012233471894902, 11.639620613977874 ], [ 76.012560514575355, 11.640030828995535 ], [ 76.013399370844098, 11.639937457488829 ], [ 76.013757321460986, 11.640004026880838 ], [ 76.014083122111472, 11.640059372027636 ], [ 76.014255900338782, 11.639636094892174 ], [ 76.014487890298582, 11.639128940637557 ], [ 76.015686511718584, 11.637058638743358 ], [ 76.016079005972372, 11.636555421199551 ], [ 76.016448411673693, 11.635980052444578 ], [ 76.016959389308056, 11.63526841299001 ], [ 76.017512208345806, 11.63469229489751 ], [ 76.018130069541201, 11.634161873561739 ], [ 76.017793858963486, 11.633956729624302 ], [ 76.017517763647987, 11.633693218840563 ], [ 76.017654102754989, 11.633358203239148 ], [ 76.017882621582316, 11.633140403643596 ], [ 76.018194172176962, 11.633066940041058 ], [ 76.018707500565256, 11.63299048505486 ], [ 76.019133451990271, 11.632839819545563 ], [ 76.019462453594883, 11.63252446007666 ], [ 76.019509183280604, 11.632135503353989 ], [ 76.019359347856053, 11.631923575506736 ], [ 76.019129432448224, 11.631743504338234 ], [ 76.018768319689798, 11.631429246185357 ], [ 76.017428223195296, 11.631763147203426 ], [ 76.017097236235898, 11.631818492875249 ], [ 76.016446899768312, 11.631775607472008 ], [ 76.015983294116467, 11.63164618260172 ], [ 76.015999783526851, 11.631135196996254 ], [ 76.016025166148452, 11.630556470824624 ], [ 76.015977686304439, 11.63011358557913 ], [ 76.014828332564051, 11.629299406887116 ], [ 76.014199705781422, 11.629193059001562 ], [ 76.01350659991931, 11.629010158531724 ], [ 76.013143568790795, 11.628905954564475 ], [ 76.012678218210354, 11.628825464468072 ], [ 76.012303332716968, 11.62875669124074 ], [ 76.011955686948369, 11.62875796391554 ], [ 76.011602587088902, 11.628759200722548 ], [ 76.010778052946648, 11.62898361156425 ], [ 76.010425461448961, 11.629129491514142 ], [ 76.009930945531167, 11.629334615994212 ], [ 76.009640332957019, 11.629322063130392 ], [ 76.009306827910393, 11.629214755974004 ], [ 76.009122705710951, 11.62903008704323 ], [ 76.008903760047147, 11.628707613156115 ], [ 76.008767081385599, 11.628317013709806 ], [ 76.008637529596186, 11.627888931387913 ], [ 76.007941620943299, 11.628306310263703 ], [ 76.006807602626509, 11.629209955006182 ], [ 76.005330697030246, 11.630395081446469 ], [ 76.004924110264412, 11.630821399395904 ], [ 76.00436686924138, 11.631460818662696 ], [ 76.003343746969179, 11.63194356533187 ], [ 76.002373160713574, 11.631748069322429 ], [ 76.001348548284142, 11.631191004973177 ], [ 76.000318701387542, 11.630466702500897 ], [ 75.999317363005645, 11.629892873534343 ], [ 75.999014223418598, 11.629871134240021 ], [ 75.997927784435575, 11.629968661428844 ], [ 75.997129687850006, 11.629912676645112 ], [ 75.996329776780229, 11.629354838731087 ], [ 75.99632750794521, 11.628735489714025 ], [ 75.996667868478696, 11.62772619708471 ], [ 75.997688300126498, 11.627103307494677 ], [ 75.997915355417405, 11.626483171783759 ], [ 75.997061195739377, 11.626151592374184 ], [ 75.995688563944981, 11.625704220961634 ], [ 75.994833789070185, 11.62520083981822 ], [ 75.994263640510184, 11.624755205854417 ], [ 75.993577193908223, 11.623857902076573 ], [ 75.991981723747415, 11.622857403165055 ], [ 75.991185557591322, 11.623151809879083 ], [ 75.990926697226428, 11.623871573585953 ], [ 75.991015695879824, 11.624391186019791 ], [ 75.99031986192864, 11.624741626495606 ], [ 75.989598872496018, 11.62574778381439 ], [ 75.98925314114075, 11.626526518857343 ], [ 75.989030291059407, 11.627047214721605 ], [ 75.988732249411228, 11.62707085778989 ], [ 75.988090966302167, 11.627267458328674 ], [ 75.987864968008353, 11.628204016836266 ], [ 75.988206051839768, 11.628682113594015 ], [ 75.988060229092781, 11.628958359918077 ], [ 75.98772093074011, 11.630270548059853 ], [ 75.987457305057518, 11.630940553147083 ], [ 75.987091811294633, 11.631004003652624 ], [ 75.986718370675092, 11.630744195332312 ], [ 75.986120700801663, 11.630307756731764 ], [ 75.985571283123321, 11.630562745405207 ], [ 75.985172972653146, 11.630744971252591 ], [ 75.984780421195964, 11.631275236680525 ], [ 75.984603132224876, 11.631718854778272 ], [ 75.984418135702072, 11.632564962515962 ], [ 75.984443168849054, 11.633179731504285 ], [ 75.984348611903116, 11.633681855641139 ], [ 75.984267023758392, 11.633944306306915 ], [ 75.984084411097783, 11.634173260621832 ], [ 75.983505048395287, 11.634387682494266 ], [ 75.983048987442373, 11.634450293874883 ], [ 75.982329226376564, 11.634525100750059 ], [ 75.981725089382991, 11.634852662238272 ], [ 75.981363728950669, 11.635107066859517 ], [ 75.980842195195891, 11.635465982895461 ], [ 75.980384370407847, 11.635693594682838 ], [ 75.979940116594165, 11.635844309927718 ], [ 75.979449705168761, 11.635927314584848 ], [ 75.978825734557091, 11.635852634136716 ], [ 75.977779609258633, 11.635702452062523 ], [ 75.977179336188954, 11.635826587337018 ], [ 75.976772993399138, 11.636338780567419 ], [ 75.976604422573175, 11.636660324807448 ], [ 75.976338611109867, 11.636719973892125 ], [ 75.975930735315771, 11.636789195308186 ], [ 75.975468200419797, 11.636958047357172 ], [ 75.97515716637335, 11.637198706301813 ], [ 75.974837127142649, 11.637475539822347 ], [ 75.974441566588467, 11.63780466705073 ], [ 75.973881579147758, 11.638315186654872 ], [ 75.97349768985832, 11.638705282363903 ], [ 75.973040447625195, 11.639073019721552 ], [ 75.972646823751887, 11.639300345678368 ], [ 75.97238576733713, 11.639400745084579 ], [ 75.971639010908319, 11.639629301325582 ], [ 75.97119016059014, 11.639779951792717 ], [ 75.970759744007353, 11.639966830220194 ], [ 75.970196597071222, 11.640235451214235 ], [ 75.969619397522052, 11.640427294431269 ], [ 75.968914410402647, 11.640773248327253 ], [ 75.968150010166653, 11.641196243486602 ], [ 75.967891156288289, 11.641929451202897 ], [ 75.967890626012618, 11.642447129134696 ], [ 75.967719707696716, 11.642761885561004 ], [ 75.967358729449245, 11.643133861176894 ], [ 75.966773222292773, 11.643560727498548 ], [ 75.966237891966301, 11.643919757331842 ], [ 75.965825818260797, 11.64412003607182 ], [ 75.965417982567061, 11.644202756490063 ], [ 75.964964481561395, 11.644348932572292 ], [ 75.96454750198491, 11.644472423687876 ], [ 75.964062013605982, 11.64464582645323 ], [ 75.963617959392977, 11.644882439326134 ], [ 75.962715675480936, 11.645220000458909 ], [ 75.962087923122624, 11.645362235744308 ], [ 75.96112096009962, 11.645564409567688 ], [ 75.960406326600179, 11.645806353193398 ], [ 75.959862382691114, 11.646319048544894 ], [ 75.959634297144845, 11.646681509030557 ], [ 75.95939182247885, 11.646840487353828 ], [ 75.958687589815767, 11.647435129905347 ], [ 75.958236235940376, 11.648214203003125 ], [ 75.958045619082569, 11.648807136991618 ], [ 75.958079094978928, 11.649200261399894 ], [ 75.958058046132692, 11.649747402103658 ], [ 75.958087018580997, 11.650163218728716 ], [ 75.958143248866207, 11.65053832203963 ], [ 75.958144744612696, 11.650967790020109 ], [ 75.957278743312017, 11.653859563580532 ], [ 75.957007043466163, 11.656215826602972 ], [ 75.958554134700861, 11.657251918507336 ], [ 75.960232757011894, 11.658847955607211 ], [ 75.961624015981229, 11.658674721536638 ], [ 75.963050276844854, 11.660476152199644 ], [ 75.964867175307361, 11.660497097355009 ], [ 75.966527534192295, 11.660604692585006 ], [ 75.966417273076033, 11.661991450719281 ], [ 75.968812799406251, 11.660421447345287 ], [ 75.968991426992716, 11.657712790128752 ], [ 75.969026399687806, 11.654588711392298 ], [ 75.970259753437119, 11.65448966911117 ], [ 75.970589804430816, 11.654443333826974 ], [ 75.971012733481558, 11.653415684152327 ], [ 75.97101094557874, 11.652900265591123 ], [ 75.970395444719415, 11.651927501446288 ], [ 75.971337974131075, 11.651967847222418 ], [ 75.973220876287527, 11.650094363655993 ], [ 75.976251762169909, 11.651250489958302 ], [ 75.980848108894463, 11.652866944501239 ], [ 75.983496787196657, 11.653558581653064 ], [ 75.985296174250863, 11.654018096384265 ], [ 75.986669671057172, 11.654668892022833 ], [ 75.987107217383979, 11.65779135083382 ], [ 75.985928266474033, 11.659011470263774 ], [ 75.988022762866933, 11.662498929205132 ], [ 75.987934326062273, 11.663435047232753 ], [ 75.988214655523436, 11.663574311952434 ], [ 75.988595086564587, 11.663523217034857 ], [ 75.988970994230655, 11.663476770109645 ], [ 75.9897776797837, 11.663333835434777 ], [ 75.990534319154222, 11.663285985027363 ], [ 75.991479214187464, 11.66332791035058 ], [ 75.993177298625895, 11.663647600317725 ], [ 75.994692587231924, 11.664157752797045 ], [ 75.995353107086046, 11.664200611324631 ], [ 75.995970889870492, 11.665084652604053 ], [ 75.997010065725647, 11.66457014499203 ], [ 75.996703314099292, 11.664064882135202 ], [ 75.997007648738844, 11.663871672200441 ] ] ] ] } },
{ "type": "Feature", "properties": { "village_code": "627325", "village": "Kuppadithara", "village_name": "Kuppadithara", "district": "Wayanad", "subdistrict_code": 5637, "households_2011": 2131.0, "population_2011": 9761, "male_population_2011": 4764.0, "female_population_2011": 4997.0 }, "geometry": { "type": "MultiPolygon", "coordinates": [ [ [ [ 76.031404269963616, 11.723165668436534 ], [ 76.031364856411969, 11.721482617899389 ], [ 76.031279250124342, 11.719884547087334 ], [ 76.030391777088013, 11.718781740933473 ], [ 76.028397587108259, 11.718122580261946 ], [ 76.025000462162495, 11.717553765453243 ], [ 76.023747195626314, 11.717001394954687 ], [ 76.022498881650733, 11.71627664741521 ], [ 76.022544558982801, 11.714682251199941 ], [ 76.02244249487488, 11.712134986745072 ], [ 76.022047224314079, 11.710657719423283 ], [ 76.022565227667599, 11.709378374017763 ], [ 76.023695355730567, 11.708116059268143 ], [ 76.023558719181437, 11.706775386853957 ], [ 76.022264304426017, 11.706135625688894 ], [ 76.02050426478533, 11.706474763711057 ], [ 76.01942402312018, 11.707522808236158 ], [ 76.018781002225538, 11.708583029273836 ], [ 76.017272143059685, 11.709317250769262 ], [ 76.015734381914172, 11.709533149412636 ], [ 76.014970847892045, 11.708692486902665 ], [ 76.015137886539748, 11.707446515976649 ], [ 76.015646048290549, 11.706511933745375 ], [ 76.015808132358273, 11.705438331059653 ], [ 76.015393164877182, 11.704650521734262 ], [ 76.014462191906802, 11.703546457155207 ], [ 76.013180220547355, 11.702475724400722 ], [ 76.012111928787448, 11.70158344104591 ], [ 76.011520472120907, 11.699324494640397 ], [ 76.012123498044744, 11.698133855587471 ], [ 76.013749816566005, 11.697877351278434 ], [ 76.015299019154455, 11.698783019947525 ], [ 76.018337699709932, 11.701153255077406 ], [ 76.020028018229894, 11.701717816924113 ], [ 76.02076511065475, 11.70195395836739 ], [ 76.021052139866583, 11.701099467491106 ], [ 76.02028071610269, 11.699008049799096 ], [ 76.019550565158312, 11.697004037836576 ], [ 76.018891815074966, 11.695562625744934 ], [ 76.01887280489332, 11.694699633395489 ], [ 76.019641977451741, 11.693815473867534 ], [ 76.020922181761492, 11.693419887110638 ], [ 76.022906321644925, 11.693913859113138 ], [ 76.022403824373157, 11.69318375163925 ], [ 76.022927459279288, 11.692772715052959 ], [ 76.022927786464678, 11.692243761078615 ], [ 76.022367414224433, 11.692017485800546 ], [ 76.021779847593265, 11.691902015059847 ], [ 76.020934521952938, 11.691520795417269 ], [ 76.020403852709975, 11.690659144237406 ], [ 76.020310199418873, 11.690130554117175 ], [ 76.019612103181387, 11.689861832760521 ], [ 76.019032271668493, 11.689362093775737 ], [ 76.018901812263707, 11.688792887255277 ], [ 76.01948767212987, 11.688449507883293 ], [ 76.018181213163672, 11.686159793089717 ], [ 76.017516380976176, 11.686202870652782 ], [ 76.017008236062111, 11.686471358962956 ], [ 76.016770128948295, 11.686589725897075 ], [ 76.016261295108364, 11.686668436016221 ], [ 76.01594952513743, 11.68671025272471 ], [ 76.015714232597645, 11.686322289685773 ], [ 76.015827902624025, 11.686050566457801 ], [ 76.016023849494417, 11.685701768887309 ], [ 76.016256809175573, 11.685434274059311 ], [ 76.016572263630366, 11.685161860866364 ], [ 76.016842490933257, 11.685043398995035 ], [ 76.017077740170208, 11.684791657112086 ], [ 76.016959573393905, 11.684464320667518 ], [ 76.015584825836356, 11.683542352143382 ], [ 76.014857416754097, 11.682789982166607 ], [ 76.014010247445427, 11.681884291095372 ], [ 76.013697958585738, 11.681772408166536 ], [ 76.012915021253932, 11.682159386884233 ], [ 76.012328963811498, 11.68243271627799 ], [ 76.012051650660652, 11.681855000625182 ], [ 76.011582277287914, 11.681431690427319 ], [ 76.010798442848923, 11.681551996114255 ], [ 76.010522950524447, 11.681471617077786 ], [ 76.010090435830335, 11.681088878600317 ], [ 76.009032118163717, 11.68016585874812 ], [ 76.008388461897042, 11.67973411161387 ], [ 76.007679601233704, 11.679040355915085 ], [ 76.007366491565364, 11.678693324051713 ], [ 76.007286815838725, 11.678227996371286 ], [ 76.007088683049247, 11.677961915318305 ], [ 76.006693350444692, 11.677728294468858 ], [ 76.006147589639923, 11.677730180259305 ], [ 76.005166264155392, 11.677774272238647 ], [ 76.00403291926429, 11.677660704661367 ], [ 76.003638106742144, 11.677549109698461 ], [ 76.003481345341513, 11.677314574955544 ], [ 76.003283278944778, 11.677084654162563 ], [ 76.003167382190824, 11.676736998704213 ], [ 76.003088441972281, 11.676465948854409 ], [ 76.002890117664165, 11.676159275123284 ], [ 76.002499831830107, 11.676043113599029 ], [ 76.00175215666664, 11.676009485127887 ], [ 76.001185489891782, 11.675952735196741 ], [ 76.000970297151397, 11.676708459308227 ], [ 76.000819005588227, 11.67798386619306 ], [ 76.001176690970595, 11.679257552362973 ], [ 76.00063184389343, 11.679526123259878 ], [ 76.000123482794464, 11.679722302711193 ], [ 75.999770601895051, 11.679800359091967 ], [ 75.999373781784641, 11.679929762713002 ], [ 75.998950154664954, 11.679816220932661 ], [ 75.998061941662499, 11.680389513632271 ], [ 75.997593357953235, 11.680516609965061 ], [ 75.996850167597572, 11.680136068166036 ], [ 75.996487731181659, 11.680116986990708 ], [ 75.996153790604993, 11.679715729738454 ], [ 75.99588374278585, 11.679221656245737 ], [ 75.995455252650999, 11.678685131265574 ], [ 75.995100662820732, 11.678302097454846 ], [ 75.994517402559126, 11.678078145326362 ], [ 75.993819685578586, 11.67792683152393 ], [ 75.992851720486001, 11.677853342919713 ], [ 75.992113134637876, 11.677815137282632 ], [ 75.991452709383736, 11.677817449680758 ], [ 75.990911521881529, 11.677819316313242 ], [ 75.990558296141103, 11.677820502211393 ], [ 75.99019287943284, 11.677908823657503 ], [ 75.989977383836987, 11.678247465936368 ], [ 75.989708675633935, 11.678781855546035 ], [ 75.989475920481851, 11.679126326832757 ], [ 75.989129690529566, 11.679778486565889 ], [ 75.988860831597592, 11.680276708049306 ], [ 75.988472586927941, 11.680739201222899 ], [ 75.9881678704173, 11.681468104731875 ], [ 75.988170592083691, 11.682232064885637 ], [ 75.98836490847718, 11.682692602128128 ], [ 75.988600700698115, 11.683225192524125 ], [ 75.988716955680019, 11.683685976568581 ], [ 75.988562848477514, 11.684183816162006 ], [ 75.98817916588574, 11.684646262057216 ], [ 75.988180153274541, 11.684912975054635 ], [ 75.988452250687132, 11.685332409932615 ], [ 75.988843245531626, 11.685674735684414 ], [ 75.988649061713062, 11.686520752739488 ], [ 75.98826690011866, 11.687399106686353 ], [ 75.988149839024715, 11.688014335219625 ], [ 75.987728828624171, 11.689584523819677 ], [ 75.9872305300851, 11.69134943870694 ], [ 75.986807124289953, 11.692232417598465 ], [ 75.986851864784597, 11.693226850561119 ], [ 75.986620157665925, 11.693837971459267 ], [ 75.986772402751299, 11.694090631202824 ], [ 75.985915664136229, 11.694364836384434 ], [ 75.985470998161858, 11.694436450845421 ], [ 75.985182324028727, 11.694534633826445 ], [ 75.984829143661074, 11.694535897396255 ], [ 75.984142425401032, 11.69489080759721 ], [ 75.983946278526318, 11.695198984044367 ], [ 75.983503852618512, 11.695270564555475 ], [ 75.982932970268877, 11.69530642716315 ], [ 75.982467754521252, 11.695425527581113 ], [ 75.982079811177954, 11.695309325065443 ], [ 75.981883415318563, 11.695540557778505 ], [ 75.981300882317342, 11.695542578726426 ], [ 75.981030396385535, 11.695579618991241 ], [ 75.980540008990545, 11.695698862292708 ], [ 75.97996196158266, 11.69566916840553 ], [ 75.979206422143022, 11.696042505964327 ], [ 75.979143956026221, 11.69783295193427 ], [ 75.979508892767896, 11.698573142851078 ], [ 75.979295059967271, 11.69907121489442 ], [ 75.979139932586079, 11.699302253487936 ], [ 75.978484122268952, 11.699340715657442 ], [ 75.97825258781323, 11.700010557537828 ], [ 75.978185151909571, 11.700757230198246 ], [ 75.978495255103155, 11.701212263064253 ], [ 75.978621397444172, 11.701849328613427 ], [ 75.978416248398545, 11.702211637821144 ], [ 75.977950847347998, 11.70263837850127 ], [ 75.977839474928516, 11.702910484801009 ], [ 75.977655881727983, 11.703766111967447 ], [ 75.977873827872514, 11.704062477319921 ], [ 75.978076876375553, 11.704338579002675 ], [ 75.981435998936931, 11.704691802941818 ], [ 75.984148028477549, 11.704724895621023 ], [ 75.985076166189032, 11.704405968241538 ], [ 75.986269245096082, 11.705517594844649 ], [ 75.988325598935674, 11.707041571511603 ], [ 75.990027228515544, 11.708728076660718 ], [ 75.992245940820254, 11.709178427295001 ], [ 75.994218483882022, 11.709061215674566 ], [ 75.996344564236395, 11.708172020633906 ], [ 75.997387717270172, 11.70841685941703 ], [ 75.997316661504712, 11.709363628555508 ], [ 75.99918685717418, 11.709760985061138 ], [ 76.001939283134092, 11.711433641096203 ], [ 76.003161704131003, 11.714572892349844 ], [ 76.003179378671774, 11.715479038538275 ], [ 76.003666063256418, 11.717761283617213 ], [ 76.005085373076483, 11.719198074660277 ], [ 76.006898360162594, 11.720068140030579 ], [ 76.008919731033885, 11.719779571178076 ], [ 76.01161225240061, 11.72050162183311 ], [ 76.013421586387949, 11.72150088825834 ], [ 76.014430231073234, 11.722952212862197 ], [ 76.016243325733797, 11.723822171272108 ], [ 76.018108355981354, 11.722882201007836 ], [ 76.019128936655761, 11.722393095798814 ], [ 76.021618245538065, 11.724101234393729 ], [ 76.025187967101019, 11.724761188741381 ], [ 76.026082742435634, 11.724826847340768 ], [ 76.028026653822167, 11.724969469196527 ], [ 76.029907006709308, 11.72502170099466 ], [ 76.030968824534568, 11.724619912869906 ], [ 76.031404269963616, 11.723165668436534 ] ] ] ] } },
{ "type": "Feature", "properties": { "village_code": "627303", "village": "Cherukottur", "village_name": "Cherukottur", "district": "Wayanad", "subdistrict_code": 5635, "households_2011": 2540.0, "population_2011": 11462, "male_population_2011": 5724.0, "female_population_2011": 5738.0 }, "geometry": { "type": "MultiPolygon", "coordinates": [ [ [ [ 76.076192050472372, 11.794881268223437 ], [ 76.075859231990705, 11.794283182246382 ], [ 76.07513656152895, 11.793618077751027 ], [ 76.074237648731497, 11.792550089276755 ], [ 76.07187345426965, 11.788693756017468 ], [ 76.07227802312751, 11.786522288527896 ], [ 76.072769037978233, 11.784178731140484 ], [ 76.070010334371545, 11.780323909090979 ], [ 76.069353959952693, 11.779060515515706 ], [ 76.068512860493058, 11.775112551897466 ], [ 76.068263624914763, 11.77354480067055 ], [ 76.068938897590428, 11.772574796261896 ], [ 76.069805129622154, 11.77233653579556 ], [ 76.07089567093422, 11.771988781702625 ], [ 76.07141243441616, 11.771539370428377 ], [ 76.072084991949907, 11.77106212280939 ], [ 76.073786139384794, 11.769636196365861 ], [ 76.07480647382188, 11.768904525197705 ], [ 76.075720049923575, 11.769072858871899 ], [ 76.076203066010649, 11.769392029368818 ], [ 76.076682653489243, 11.770014039555406 ], [ 76.077358654142031, 11.770418340540566 ], [ 76.078532580708412, 11.770264699268296 ], [ 76.079535170334054, 11.769722947980457 ], [ 76.080399159463298, 11.768924071867394 ], [ 76.080571352075268, 11.76836739670653 ], [ 76.08021967743241, 11.767595640704942 ], [ 76.079996092830811, 11.765553146810609 ], [ 76.080752931743348, 11.764352248830679 ], [ 76.080965485166075, 11.763555823720743 ], [ 76.081031170695866, 11.762759886796326 ], [ 76.080631197295176, 11.761364549442243 ], [ 76.079735247234467, 11.759844387177427 ], [ 76.078946389497858, 11.75873076505189 ], [ 76.077718109131553, 11.756696586476739 ], [ 76.076910936072579, 11.755564962530794 ], [ 76.076691418521122, 11.754566642095245 ], [ 76.076947849858669, 11.753277295955057 ], [ 76.077725602217683, 11.752718326119926 ], [ 76.079337016400743, 11.753010596239374 ], [ 76.081120064285201, 11.75261953574881 ], [ 76.080942751417339, 11.751847188095391 ], [ 76.079799367704055, 11.750792076371878 ], [ 76.079022717493729, 11.750055166939424 ], [ 76.077423364493924, 11.749324367656914 ], [ 76.076542940908553, 11.748233698622636 ], [ 76.076521879482954, 11.747537540733902 ], [ 76.076793887623694, 11.746691113241365 ], [ 76.077217192260889, 11.745848657613337 ], [ 76.078347811924303, 11.745188881395332 ], [ 76.080058616902818, 11.745119161149598 ], [ 76.080077918092385, 11.744169738429891 ], [ 76.079583437347026, 11.743244839913556 ], [ 76.079025688239398, 11.74257339312129 ], [ 76.077730943049318, 11.742284405877475 ], [ 76.07679444556031, 11.743296064071524 ], [ 76.076056874021177, 11.74356556087049 ], [ 76.075523914699147, 11.743355096316803 ], [ 76.075394478241336, 11.743102399454287 ], [ 76.074835406509621, 11.742073779642231 ], [ 76.074401683567601, 11.741419886222367 ], [ 76.073697882583829, 11.740938894371562 ], [ 76.070803897687668, 11.739914497961863 ], [ 76.068861771443053, 11.739501287750741 ], [ 76.067891398033098, 11.740065526870177 ], [ 76.067151069007124, 11.740800624229445 ], [ 76.066351813099246, 11.740523355836055 ], [ 76.065210367772806, 11.740753629823553 ], [ 76.063817064348015, 11.741097921375864 ], [ 76.06313227145715, 11.740761369070436 ], [ 76.062099879768297, 11.740706414826038 ], [ 76.061417639067159, 11.741048078092174 ], [ 76.060244603791674, 11.740799221836115 ], [ 76.059697684397676, 11.739928788439782 ], [ 76.058899209438877, 11.739872951463262 ], [ 76.057697344670018, 11.739877430123432 ], [ 76.056385960883802, 11.740054055252072 ], [ 76.055582548306546, 11.739885219745794 ], [ 76.055184995021605, 11.74028449864918 ], [ 76.055531397747004, 11.740902576074779 ], [ 76.055819213290519, 11.741801105590865 ], [ 76.05507860929734, 11.742482016743802 ], [ 76.055028550074468, 11.743779682200671 ], [ 76.054686151563601, 11.744228479411833 ], [ 76.053941276416609, 11.743783683591486 ], [ 76.053426427756918, 11.743500751933862 ], [ 76.05291344097337, 11.743728701227896 ], [ 76.052742528974846, 11.744633436290773 ], [ 76.052292667275324, 11.74576076789026 ], [ 76.051268496909657, 11.746664224828615 ], [ 76.052184875816863, 11.747564986622422 ], [ 76.052127365677308, 11.748125747877411 ], [ 76.051276214592377, 11.748693999362583 ], [ 76.050874438184564, 11.749201774483975 ], [ 76.050644001344466, 11.748922352099315 ], [ 76.049615933908314, 11.748813124635852 ], [ 76.048132739068791, 11.74966401359676 ], [ 76.047732044908614, 11.750792531156124 ], [ 76.047557029409077, 11.752717605880006 ], [ 76.047321181000413, 11.753419224667566 ], [ 76.048514226957138, 11.754703219665007 ], [ 76.049109554598019, 11.755636829059643 ], [ 76.047923188900782, 11.756111378574632 ], [ 76.046494802819979, 11.75447554447944 ], [ 76.046252231024113, 11.753423136131095 ], [ 76.04577794586254, 11.752959245719595 ], [ 76.045451778566829, 11.75284287663515 ], [ 76.045153570387257, 11.752844009284498 ], [ 76.044743099234054, 11.753491901424065 ], [ 76.044086024822406, 11.753200478549774 ], [ 76.043080855665835, 11.753086603890054 ], [ 76.041658521297066, 11.754262705416187 ], [ 76.040534373852864, 11.755437676090475 ], [ 76.041374622156155, 11.758070262973421 ], [ 76.041493524053706, 11.759181971762454 ], [ 76.040848206105565, 11.760820825623803 ], [ 76.039549661829426, 11.761996399985422 ], [ 76.038780407044499, 11.762410633786551 ], [ 76.038247157842079, 11.763348404481063 ], [ 76.037899372749621, 11.764809859078698 ], [ 76.037485575819247, 11.765805885049183 ], [ 76.036599284318456, 11.766803702443761 ], [ 76.034884070040306, 11.76821589125491 ], [ 76.033937643913148, 11.769096378487145 ], [ 76.033348909553922, 11.769916782965138 ], [ 76.032992816249404, 11.770388287995063 ], [ 76.033180208866895, 11.772670594785827 ], [ 76.034132828474171, 11.773426590749697 ], [ 76.035440333554533, 11.774651531208979 ], [ 76.036153941471014, 11.775290825607037 ], [ 76.036514018694788, 11.775872777000565 ], [ 76.0363385790221, 11.77680913731942 ], [ 76.036651438569564, 11.777056703891978 ], [ 76.037164169816677, 11.777959007380488 ], [ 76.037029718719012, 11.778822895967709 ], [ 76.037265573307323, 11.779323910235501 ], [ 76.038052862018716, 11.780048880549783 ], [ 76.039067063788096, 11.78009033173085 ], [ 76.039763106314282, 11.779726187726292 ], [ 76.040729791456698, 11.779356454989919 ], [ 76.041636097823968, 11.780280030031204 ], [ 76.04297153258382, 11.78008512330838 ], [ 76.044613889095075, 11.780020320674543 ], [ 76.045976294639772, 11.77995659712556 ], [ 76.047695978169926, 11.77971968733266 ], [ 76.048400729280729, 11.779251453270188 ], [ 76.049658194391782, 11.776909625734518 ], [ 76.051072483031319, 11.77480218693966 ], [ 76.052187140229762, 11.773541358201388 ], [ 76.053137335720066, 11.773655368225755 ], [ 76.052961161928948, 11.775590855837567 ], [ 76.053144975683011, 11.776874108560888 ], [ 76.05402528914955, 11.776712651257814 ], [ 76.056302559001082, 11.775917617006893 ], [ 76.057934757983489, 11.775631262457811 ], [ 76.058734182184622, 11.775922141271989 ], [ 76.058973747532562, 11.776178913438356 ], [ 76.059087576081666, 11.77714591820822 ], [ 76.059183445885111, 11.77939693395337 ], [ 76.059800065957234, 11.781089887665129 ], [ 76.060040622922955, 11.781586304317072 ], [ 76.060374567945573, 11.783718869779941 ], [ 76.060731565459818, 11.785878431726735 ], [ 76.061197468655934, 11.787721175903842 ], [ 76.061300883762087, 11.789578760998076 ], [ 76.061006260457262, 11.790515701051916 ], [ 76.060654601764341, 11.792126371093309 ], [ 76.061309228380438, 11.792937718038077 ], [ 76.062454579507374, 11.79367930173154 ], [ 76.06521080428891, 11.794509871295775 ], [ 76.06623094488441, 11.793705920030092 ], [ 76.06748950455669, 11.792873873955267 ], [ 76.06868571694325, 11.792525762872671 ], [ 76.069080389081435, 11.792542388754448 ], [ 76.070388458289401, 11.793848470118883 ], [ 76.071462471680164, 11.795119335146133 ], [ 76.071982950633512, 11.795619115913052 ], [ 76.073169870120509, 11.796428434069499 ], [ 76.074239427847445, 11.79771279139544 ], [ 76.074792481765115, 11.798857755137474 ], [ 76.074968976229172, 11.799617315035468 ], [ 76.075379924489241, 11.797637379225691 ], [ 76.0759128450769, 11.795859686148832 ], [ 76.076192050472372, 11.794881268223437 ] ] ] ] } },
{ "type": "Feature", "properties": { "village_code": "627301", "village": "Edavaka", "village_name": "Edavaka", "district": "Wayanad", "subdistrict_code": 5635, "households_2011": 3727.0, "population_2011": 16737, "male_population_2011": 8245.0, "female_population_2011": 8492.0 }, "geometry": { "type": "MultiPolygon", "coordinates": [ [ [ [ 75.988395947086616, 11.798299903126312 ], [ 75.989616198010566, 11.798209713794792 ], [ 75.989968149235509, 11.799112710496008 ], [ 75.991280710927484, 11.79919399397688 ], [ 75.991715587742618, 11.79889409981454 ], [ 75.993330138106643, 11.798716675353264 ], [ 75.994640113579237, 11.798065596502365 ], [ 75.995422343778742, 11.797416423323448 ], [ 75.996601743799985, 11.797452965019373 ], [ 75.99787189358338, 11.798483777872276 ], [ 75.99861506881922, 11.79843591821229 ], [ 75.999013743943095, 11.797647058699139 ], [ 75.999143590157459, 11.796119421580944 ], [ 75.998958881181551, 11.794546811192165 ], [ 75.998985937633805, 11.793131708448389 ], [ 75.998999002949276, 11.79167147158663 ], [ 75.999738075896545, 11.791777318474477 ], [ 76.000483676596104, 11.792394092295135 ], [ 76.001462688639791, 11.792865363085518 ], [ 76.002072484332601, 11.792732103937318 ], [ 76.002030261679906, 11.791222234206128 ], [ 76.001348648817142, 11.789249074437276 ], [ 76.001038113408811, 11.788391232151129 ], [ 76.000317013118192, 11.786915446680986 ], [ 76.000600763799454, 11.786729050163739 ], [ 75.999013782809627, 11.78562492782185 ], [ 75.997369050577646, 11.783752135641322 ], [ 75.995632360110818, 11.785652430284465 ], [ 75.994755397789675, 11.785483697209202 ], [ 75.994055140919329, 11.784713091883917 ], [ 75.994314270987118, 11.784025030071975 ], [ 75.995535591755541, 11.782985540612883 ], [ 75.995268204362674, 11.782642888171296 ], [ 75.991944744511073, 11.78093196584665 ], [ 75.990714761450946, 11.779557471142088 ], [ 75.990537059130119, 11.778608628280823 ], [ 75.990100531337447, 11.778438417736648 ], [ 75.989404959191006, 11.778956154311206 ], [ 75.988440241118255, 11.778615946608733 ], [ 75.986779932100418, 11.777505056921212 ], [ 75.986863082644589, 11.776383642799855 ], [ 75.987118825946766, 11.774746170994222 ], [ 75.986421138334919, 11.774662715240481 ], [ 75.985657398675741, 11.77537509625347 ], [ 75.985047925583785, 11.77559416861008 ], [ 75.984783504825003, 11.77477687025198 ], [ 75.984124501854765, 11.773960847819604 ], [ 75.983380941473456, 11.773877532141338 ], [ 75.983076620893286, 11.773449116481912 ], [ 75.982900465175447, 11.772929846696277 ], [ 75.983420873770015, 11.772200186064744 ], [ 75.98346017354919, 11.771639425627338 ], [ 75.983330312216822, 11.771251098983386 ], [ 75.98218835719976, 11.770093126895333 ], [ 75.981883384549874, 11.769488413368354 ], [ 75.98231899429743, 11.769401059822842 ], [ 75.9825807810779, 11.769485998371614 ], [ 75.983105369096378, 11.769918254049252 ], [ 75.983454526199083, 11.770043626320005 ], [ 75.983717559057283, 11.769183688821878 ], [ 75.984024447566625, 11.769051572617773 ], [ 75.984416446223321, 11.76961082024558 ], [ 75.984986919448005, 11.770042821555471 ], [ 75.986652675711255, 11.771411423681512 ], [ 75.987302613393268, 11.770979672572388 ], [ 75.98725955020943, 11.770464416665684 ], [ 75.987036069918418, 11.769561045719161 ], [ 75.985939710196789, 11.768317062944961 ], [ 75.985849242579889, 11.767408679790138 ], [ 75.98650275179061, 11.766678610663662 ], [ 75.986722039372708, 11.766415655405643 ], [ 75.98641093928677, 11.76538597482384 ], [ 75.986976953911793, 11.764565675677309 ], [ 75.987150519853728, 11.76434808003024 ], [ 75.987169040870953, 11.763118364976986 ], [ 75.985923105591127, 11.76237224278159 ], [ 75.985394116311085, 11.761985264026372 ], [ 75.985438598704107, 11.761596345505032 ], [ 75.986048435443564, 11.761508278843021 ], [ 75.986396389479694, 11.761294592474098 ], [ 75.986091771959991, 11.760775798778978 ], [ 75.985521914145124, 11.760520015028831 ], [ 75.982637431234139, 11.759585138493385 ], [ 75.982328057668596, 11.759025612620361 ], [ 75.981580506243674, 11.757821120289982 ], [ 75.980927662069078, 11.757434616189926 ], [ 75.979089181529858, 11.756496060460565 ], [ 75.97790695598934, 11.755595880530866 ], [ 75.977113744047855, 11.75443673053085 ], [ 75.976893157427284, 11.753013413817966 ], [ 75.97675894452297, 11.751326688981424 ], [ 75.975701786292277, 11.750503907039617 ], [ 75.974657821360765, 11.75009157994837 ], [ 75.974042001505154, 11.749790805023986 ], [ 75.973283350876343, 11.74949197069343 ], [ 75.97319499849614, 11.749004742802176 ], [ 75.971420917590635, 11.749370207321499 ], [ 75.970815223982243, 11.750660718058 ], [ 75.971036778076723, 11.752341699250875 ], [ 75.970909669688695, 11.75273098090822 ], [ 75.97038847819114, 11.753248078840423 ], [ 75.96929494124673, 11.752777119602754 ], [ 75.968986143501112, 11.752389351530631 ], [ 75.967110569422644, 11.752612770441013 ], [ 75.966495348200823, 11.752483735273053 ], [ 75.965581139529746, 11.752143195228959 ], [ 75.965098266173555, 11.751801298425631 ], [ 75.964748868424834, 11.751585487891559 ], [ 75.964179826111305, 11.75154669166742 ], [ 75.963523468725185, 11.751463030378146 ], [ 75.962562665310827, 11.750905650111502 ], [ 75.961598120170876, 11.750565290672386 ], [ 75.959978589547291, 11.749232611831646 ], [ 75.958937543890755, 11.748356720419217 ], [ 75.958038927936457, 11.74731588044698 ], [ 75.957725637405943, 11.746923547083737 ], [ 75.957498969770697, 11.746395373484724 ], [ 75.957271242297708, 11.745532680490879 ], [ 75.957463895730214, 11.744198366075784 ], [ 75.956897338835844, 11.741987437110142 ], [ 75.952247992873708, 11.745167101049743 ], [ 75.95225038388412, 11.745854282439371 ], [ 75.951963528489685, 11.74648357034145 ], [ 75.95097777650227, 11.746658714294869 ], [ 75.950979288156688, 11.747115301714656 ], [ 75.950167855360377, 11.747289785337021 ], [ 75.949766565784998, 11.747978252416443 ], [ 75.949449623474422, 11.749227146316917 ], [ 75.948226960794699, 11.749877640450274 ], [ 75.947837916165014, 11.750136701118171 ], [ 75.947666013264893, 11.750869651845216 ], [ 75.947360742442001, 11.75147640943408 ], [ 75.946617654461903, 11.751519574985601 ], [ 75.946308826024193, 11.751091160118976 ], [ 75.94617828602118, 11.750485762430234 ], [ 75.945520627711062, 11.750017779391458 ], [ 75.944121352378787, 11.750022380324994 ], [ 75.943948668992874, 11.750493157389267 ], [ 75.943582123383209, 11.751314898145601 ], [ 75.942557393826078, 11.75149235348918 ], [ 75.941776385906664, 11.752525645578121 ], [ 75.940599906488856, 11.753307116812637 ], [ 75.940905262965913, 11.754038555889956 ], [ 75.941914637434422, 11.755409549000921 ], [ 75.942050161466511, 11.756141491841547 ], [ 75.941918626570683, 11.756575916459797 ], [ 75.9407437407244, 11.757827630007768 ], [ 75.939042799159651, 11.75817679845423 ], [ 75.936948321206927, 11.758830149774308 ], [ 75.934069305504849, 11.759486061510753 ], [ 75.933502163679961, 11.76000335786804 ], [ 75.933022011008973, 11.760479556244782 ], [ 75.932020893038498, 11.761558894131751 ], [ 75.931193238386783, 11.762379829699128 ], [ 75.930148055768299, 11.762640933158567 ], [ 75.928923541880962, 11.762776033170887 ], [ 75.927088052737361, 11.762696149914209 ], [ 75.925649162595676, 11.76321619212092 ], [ 75.924868010852308, 11.764254036796062 ], [ 75.924174968858267, 11.765549247276978 ], [ 75.924002113411802, 11.765979246740732 ], [ 75.92441627956309, 11.766364498875623 ], [ 75.924963096397903, 11.766622627761274 ], [ 75.925271668500713, 11.76696521971693 ], [ 75.925488487635633, 11.767308171551328 ], [ 75.925926216353844, 11.767867349022344 ], [ 75.926544280584281, 11.768855409333129 ], [ 75.927201702538326, 11.769242038011958 ], [ 75.928424339204, 11.769884553748772 ], [ 75.929206380410207, 11.770514972044971 ], [ 75.929627045160458, 11.77145392201729 ], [ 75.929688543212066, 11.771982626178179 ], [ 75.930225740331494, 11.772098420920734 ], [ 75.930941069708226, 11.771978584871913 ], [ 75.931889626815106, 11.770271074247001 ], [ 75.93248371306467, 11.769563903340943 ], [ 75.933316936527604, 11.769032237779138 ], [ 75.936060256106543, 11.768905632038066 ], [ 75.937134025511881, 11.76896095652326 ], [ 75.938214611442376, 11.769662593921939 ], [ 75.93970717243829, 11.770069099396691 ], [ 75.941080129091048, 11.770417252678454 ], [ 75.942334891270818, 11.771059570663112 ], [ 75.943412283497494, 11.77217265008597 ], [ 75.943538654745382, 11.77423380776913 ], [ 75.943720168890422, 11.774997234122013 ], [ 75.944139301170793, 11.775465987236732 ], [ 75.946525801537362, 11.775634345606916 ], [ 75.948255250984701, 11.775569873357149 ], [ 75.94897203497699, 11.775861375617502 ], [ 75.949573150314407, 11.777211104190096 ], [ 75.949519587968794, 11.778974436104679 ], [ 75.94958269888285, 11.779977833044162 ], [ 75.949943728286101, 11.780916954780198 ], [ 75.949474232331809, 11.783151836161272 ], [ 75.949778405670685, 11.784859747624099 ], [ 75.950257412464339, 11.785387122631517 ], [ 75.951045069846415, 11.78648788680335 ], [ 75.951516045776671, 11.787146072626109 ], [ 75.952534133752266, 11.788318089682033 ], [ 75.953372447892761, 11.789255581452938 ], [ 75.954267428114804, 11.789311403481905 ], [ 75.955221400257955, 11.789190607573031 ], [ 75.956473140081442, 11.788951376752658 ], [ 75.958131930280203, 11.78962387206793 ], [ 75.959328318808161, 11.790619001277735 ], [ 75.960226406730428, 11.791556253449526 ], [ 75.96011156094967, 11.792849686289086 ], [ 75.958984960085473, 11.794797437511789 ], [ 75.958212575377459, 11.795681631497565 ], [ 75.958393777929089, 11.796327432886576 ], [ 75.959050972366938, 11.796619113332341 ], [ 75.960839876308611, 11.796436789250285 ], [ 75.962629538906, 11.796489496707432 ], [ 75.96358355037529, 11.796368735724011 ], [ 75.963475453397294, 11.797935928217456 ], [ 75.964327810208459, 11.797953053726896 ], [ 75.965591248649048, 11.797089802793366 ], [ 75.966507877357657, 11.796783728540245 ], [ 75.968210823741472, 11.796949768919056 ], [ 75.97105081692095, 11.796854150727862 ], [ 75.97222821103415, 11.796334790598886 ], [ 75.973096527295155, 11.795341705403754 ], [ 75.974014230549699, 11.795338585201437 ], [ 75.975851712374435, 11.795933545625765 ], [ 75.977865725279969, 11.797133705197881 ], [ 75.980098012335134, 11.799060957094955 ], [ 75.982283792781658, 11.799528127362297 ], [ 75.985599418842128, 11.799001227194685 ], [ 75.987392787511865, 11.79877800322841 ], [ 75.988395947086616, 11.798299903126312 ] ] ] ] } },
{ "type": "Feature", "properties": { "village_code": "627295", "village": "Payyampally", "village_name": "Payyampally", "district": "Wayanad", "subdistrict_code": 5635, "households_2011": 3193.0, "population_2011": 13311, "male_population_2011": 6569.0, "female_population_2011": 6742.0 }, "geometry": { "type": "MultiPolygon", "coordinates": [ [ [ [ 76.06763578226213, 11.830653074271909 ], [ 76.068107969422485, 11.830533776875761 ], [ 76.068820167527718, 11.830766214318921 ], [ 76.069290949132409, 11.830298755592066 ], [ 76.067744692942568, 11.827976439138061 ], [ 76.067144569165123, 11.82588108938619 ], [ 76.067852660322046, 11.825064659222914 ], [ 76.069027994637068, 11.824011401302238 ], [ 76.071510490182376, 11.824002109860867 ], [ 76.074936862486936, 11.824802875217872 ], [ 76.076002367670526, 11.825033872279199 ], [ 76.076589743736179, 11.825031670775598 ], [ 76.0777709272908, 11.824326435260801 ], [ 76.076464559269226, 11.823517686577949 ], [ 76.076463226291835, 11.823169631568481 ], [ 76.076931230531542, 11.822001447456577 ], [ 76.079177455826382, 11.822576097302502 ], [ 76.079769400834692, 11.822573827871029 ], [ 76.079531271810097, 11.821525955960777 ], [ 76.080115857882632, 11.820827544415589 ], [ 76.081176375552275, 11.819774667310114 ], [ 76.082234082541476, 11.819187473684073 ], [ 76.083655655150139, 11.820113363637208 ], [ 76.084249382052818, 11.82057670682374 ], [ 76.084843204390353, 11.821040052607174 ], [ 76.085082724795569, 11.82243605495181 ], [ 76.085879985000417, 11.823305499099042 ], [ 76.087063174694336, 11.823124664926093 ], [ 76.089417797444966, 11.823100795848292 ], [ 76.090373672432094, 11.821568716528946 ], [ 76.091440372981609, 11.819293279673914 ], [ 76.091587670336423, 11.816700087747263 ], [ 76.090405417894175, 11.813851096899919 ], [ 76.088767705228037, 11.812672336260244 ], [ 76.086710553185526, 11.811884461799661 ], [ 76.085874715706609, 11.811239728532909 ], [ 76.0861416543367, 11.809674113876682 ], [ 76.08629727958153, 11.808105456115735 ], [ 76.085619151238419, 11.807135837921534 ], [ 76.083944430413183, 11.8072728819314 ], [ 76.08185436587236, 11.807654581581161 ], [ 76.080114724183332, 11.807460589765952 ], [ 76.078217464629134, 11.806274614376001 ], [ 76.076554853199909, 11.803213427344325 ], [ 76.076373681703259, 11.802820307341179 ], [ 76.075202364465625, 11.800197805176067 ], [ 76.074968976229172, 11.799617315035468 ], [ 76.074792481765115, 11.798857755137474 ], [ 76.074239427847445, 11.79771279139544 ], [ 76.073169870120509, 11.796428434069499 ], [ 76.071982950633512, 11.795619115913052 ], [ 76.071462471680164, 11.795119335146133 ], [ 76.070388458289401, 11.793848470118883 ], [ 76.069080389081435, 11.792542388754448 ], [ 76.06868571694325, 11.792525762872671 ], [ 76.06748950455669, 11.792873873955267 ], [ 76.06623094488441, 11.793705920030092 ], [ 76.06521080428891, 11.794509871295775 ], [ 76.062454579507374, 11.79367930173154 ], [ 76.061309228380438, 11.792937718038077 ], [ 76.060654601764341, 11.792126371093309 ], [ 76.061006260457262, 11.790515701051916 ], [ 76.061300883762087, 11.789578760998076 ], [ 76.061197468655934, 11.787721175903842 ], [ 76.060731565459818, 11.785878431726735 ], [ 76.060374567945573, 11.783718869779941 ], [ 76.060040622922955, 11.781586304317072 ], [ 76.059800065957234, 11.781089887665129 ], [ 76.059183445885111, 11.77939693395337 ], [ 76.059087576081666, 11.77714591820822 ], [ 76.058973747532562, 11.776178913438356 ], [ 76.058734182184622, 11.775922141271989 ], [ 76.057934757983489, 11.775631262457811 ], [ 76.056302559001082, 11.775917617006893 ], [ 76.05402528914955, 11.776712651257814 ], [ 76.053144975683011, 11.776874108560888 ], [ 76.052961161928948, 11.775590855837567 ], [ 76.053137335720066, 11.773655368225755 ], [ 76.052187140229762, 11.773541358201388 ], [ 76.051072483031319, 11.77480218693966 ], [ 76.049658194391782, 11.776909625734518 ], [ 76.048400729280729, 11.779251453270188 ], [ 76.047695978169926, 11.77971968733266 ], [ 76.045976294639772, 11.77995659712556 ], [ 76.044613889095075, 11.780020320674543 ], [ 76.04297153258382, 11.78008512330838 ], [ 76.041636097823968, 11.780280030031204 ], [ 76.041235624617556, 11.780887101803918 ], [ 76.042283356338913, 11.782524328590243 ], [ 76.042888959610309, 11.783742704596737 ], [ 76.043319220515002, 11.784681515582783 ], [ 76.044627106795645, 11.785960556921028 ], [ 76.044697053107228, 11.78624063632968 ], [ 76.044568330344191, 11.78740289125516 ], [ 76.043739632904604, 11.787880683980971 ], [ 76.04189542766261, 11.78794621184001 ], [ 76.04167830207912, 11.788765261299861 ], [ 76.041399095932135, 11.790181297137146 ], [ 76.040838304991553, 11.791128154572663 ], [ 76.04060079897107, 11.791409292019823 ], [ 76.040195228670754, 11.792156730273136 ], [ 76.039710839451743, 11.792678418593908 ], [ 76.039213429036664, 11.793389929235078 ], [ 76.038784035975553, 11.793915935505298 ], [ 76.037135410585478, 11.795974415466928 ], [ 76.036782053418278, 11.797191739454375 ], [ 76.036596595915512, 11.797897646760282 ], [ 76.036363716403997, 11.799417498324583 ], [ 76.036023093762111, 11.80034548033227 ], [ 76.035765598837756, 11.801431404936551 ], [ 76.034067576941851, 11.80137430691622 ], [ 76.031592604451845, 11.800890523754168 ], [ 76.030463845294719, 11.800894650122437 ], [ 76.030067346264772, 11.800380735779507 ], [ 76.028453002933333, 11.798148797453781 ], [ 76.027866959610975, 11.799724154393143 ], [ 76.027400826218468, 11.801470842462285 ], [ 76.027055378184016, 11.803569706759212 ], [ 76.027179457195359, 11.804853176332891 ], [ 76.027950039509903, 11.806021258920634 ], [ 76.027893406510103, 11.806835237140509 ], [ 76.027659151176579, 11.808002482236443 ], [ 76.02760652049858, 11.8086446049061 ], [ 76.027668040519885, 11.810389408293586 ], [ 76.027623233906056, 11.813129184871974 ], [ 76.027096603930843, 11.814645546304291 ], [ 76.026626309888385, 11.815284654157674 ], [ 76.025918168119489, 11.816105457789433 ], [ 76.02486051776286, 11.816746734091183 ], [ 76.023562534781632, 11.818148364133465 ], [ 76.022978206316623, 11.818968723915406 ], [ 76.021390579544232, 11.821488007518896 ], [ 76.02180467201498, 11.821775814506884 ], [ 76.022278397346682, 11.822063473059261 ], [ 76.023283778652086, 11.822177335423863 ], [ 76.023877258251517, 11.822582102637966 ], [ 76.02464425051987, 11.822755642902235 ], [ 76.026181711520394, 11.822808841663011 ], [ 76.028072921889674, 11.822973807553316 ], [ 76.029313910251858, 11.823493714452454 ], [ 76.030382004892203, 11.824425590027481 ], [ 76.031270667126805, 11.825236172285047 ], [ 76.032573954853007, 11.826452025604533 ], [ 76.034646145060847, 11.827145183544555 ], [ 76.036764530261109, 11.827915027636077 ], [ 76.037468630230521, 11.827216288171865 ], [ 76.039004320099409, 11.826803791521826 ], [ 76.040656120505361, 11.826738906333979 ], [ 76.043555629195737, 11.82777714584847 ], [ 76.044737185081942, 11.828351403675127 ], [ 76.046031866780268, 11.827302342788967 ], [ 76.047447443350322, 11.826655167409145 ], [ 76.048566906768599, 11.826592260770827 ], [ 76.049692213792667, 11.826877442803106 ], [ 76.050641302599814, 11.827863995870294 ], [ 76.051289653661826, 11.828214223718316 ], [ 76.053358598096821, 11.828030234382712 ], [ 76.055069372437657, 11.827788783289137 ], [ 76.056130701160527, 11.828137477739569 ], [ 76.057078051496049, 11.828658340895865 ], [ 76.057493685989186, 11.829352949628881 ], [ 76.058441721565487, 11.830050144246659 ], [ 76.060902176778939, 11.829046421895486 ], [ 76.062431679737941, 11.8282269143386 ], [ 76.064320469002212, 11.827754206965148 ], [ 76.065619097130465, 11.827749333333562 ], [ 76.066329405721177, 11.828677962119576 ], [ 76.066098994055238, 11.829610038894735 ], [ 76.065511084249295, 11.830661049711145 ], [ 76.065633578145977, 11.831474349561645 ], [ 76.066698601689112, 11.831587922656167 ], [ 76.06763578226213, 11.830653074271909 ] ] ] ] } },
{ "type": "Feature", "properties": { "village_code": "627302", "village": "Nalloornad", "village_name": "Nalloornad", "district": "Wayanad", "subdistrict_code": 5635, "households_2011": 3812.0, "population_2011": 16928, "male_population_2011": 8557.0, "female_population_2011": 8371.0 }, "geometry": { "type": "MultiPolygon", "coordinates": [ [ [ [ 76.041636097823968, 11.780280030031204 ], [ 76.040729791456698, 11.779356454989919 ], [ 76.039763106314282, 11.779726187726292 ], [ 76.039067063788096, 11.78009033173085 ], [ 76.038052862018716, 11.780048880549783 ], [ 76.037265573307323, 11.779323910235501 ], [ 76.037029718719012, 11.778822895967709 ], [ 76.037164169816677, 11.777959007380488 ], [ 76.036651438569564, 11.777056703891978 ], [ 76.0363385790221, 11.77680913731942 ], [ 76.036514018694788, 11.775872777000565 ], [ 76.036153941471014, 11.775290825607037 ], [ 76.035440333554533, 11.774651531208979 ], [ 76.034132828474171, 11.773426590749697 ], [ 76.033180208866895, 11.772670594785827 ], [ 76.032992816249404, 11.770388287995063 ], [ 76.032800653157636, 11.769317527162906 ], [ 76.032386396049773, 11.76771411937097 ], [ 76.032036634334219, 11.767426104496685 ], [ 76.031337752297048, 11.767026278607988 ], [ 76.030288840096148, 11.767491167724208 ], [ 76.029301795434449, 11.76732293717542 ], [ 76.028832151156038, 11.766863517806541 ], [ 76.027671161746667, 11.766813406597704 ], [ 76.025982592142071, 11.76676079873395 ], [ 76.025223695585055, 11.766248131403453 ], [ 76.024287932963475, 11.765044385407069 ], [ 76.023941533494579, 11.765678603130596 ], [ 76.023479441097123, 11.766023805811924 ], [ 76.022950115930684, 11.765564602915978 ], [ 76.022424195277893, 11.764766295936425 ], [ 76.021315353109401, 11.763906840300887 ], [ 76.021312803754554, 11.763219622441987 ], [ 76.021604892771947, 11.76281629226802 ], [ 76.022299125432909, 11.761954777818515 ], [ 76.02235347396406, 11.760521473536169 ], [ 76.021941071989616, 11.759433508520546 ], [ 76.022171926713796, 11.758569217119579 ], [ 76.022456298030676, 11.75730687458479 ], [ 76.021931167541865, 11.75673458295995 ], [ 76.020949658895702, 11.756214411458403 ], [ 76.021119138174825, 11.757059115335087 ], [ 76.020013060532264, 11.756945517881798 ], [ 76.01913404049445, 11.756202701104478 ], [ 76.018492741461387, 11.755228528378236 ], [ 76.017769530564678, 11.756926437140045 ], [ 76.018617158185307, 11.757868296889267 ], [ 76.017980890642505, 11.758272852249133 ], [ 76.016754895328077, 11.757992427427464 ], [ 76.015764139416518, 11.756788925293295 ], [ 76.014833013963042, 11.756851020768563 ], [ 76.013843764555858, 11.75731112325335 ], [ 76.013203523816642, 11.756626255545584 ], [ 76.013549298990085, 11.755820306330172 ], [ 76.014477250827099, 11.754899244020937 ], [ 76.014298068321636, 11.753579806115953 ], [ 76.014122670421585, 11.753295628900403 ], [ 76.013127955033653, 11.752263865801899 ], [ 76.012490860683499, 11.752442483717211 ], [ 76.011676378587168, 11.753014965043864 ], [ 76.010919605019467, 11.753076394266186 ], [ 76.01016453461915, 11.753594505014892 ], [ 76.009353929696246, 11.753999654608657 ], [ 76.008422405650336, 11.753948752838525 ], [ 76.007603986459955, 11.753431732369037 ], [ 76.004691354114243, 11.752352476842486 ], [ 76.002999547608709, 11.751381898709919 ], [ 76.001906961393161, 11.750776304377505 ], [ 76.000400925526336, 11.749941522562642 ], [ 75.999014735611695, 11.74900828213498 ], [ 75.998224682604246, 11.748735209957298 ], [ 75.997430806610339, 11.748683761627641 ], [ 75.996487560835021, 11.749202476586401 ], [ 75.995618726390376, 11.749978563521497 ], [ 75.994939065550795, 11.750191860273461 ], [ 75.994301638728885, 11.750159325576835 ], [ 75.993650510180188, 11.749944713613498 ], [ 75.99330009200439, 11.749471221420793 ], [ 75.993124712966775, 11.749168979319689 ], [ 75.992861816550516, 11.748781112694125 ], [ 75.992340058451873, 11.7491310207627 ], [ 75.989857563264621, 11.75154918466388 ], [ 75.989379046290225, 11.752455085654574 ], [ 75.9888173049995, 11.753148732007753 ], [ 75.988376035780462, 11.752933200542214 ], [ 75.988112525316353, 11.752373544256574 ], [ 75.988724703786659, 11.751639006488219 ], [ 75.989156992749074, 11.750647467649239 ], [ 75.989631082138203, 11.749786918372354 ], [ 75.989541898881868, 11.749226566834684 ], [ 75.98947936076928, 11.748422139863358 ], [ 75.989912244404152, 11.747593271499404 ], [ 75.990138837618574, 11.746819420850997 ], [ 75.989967319893935, 11.746304666501935 ], [ 75.989617660409209, 11.74602108064636 ], [ 75.988428888245664, 11.745880471367787 ], [ 75.988053310779705, 11.746053593451938 ], [ 75.987706528488744, 11.746570133001608 ], [ 75.987098299212889, 11.747114786603557 ], [ 75.986606894351127, 11.746971812348416 ], [ 75.985880871517068, 11.746635255513011 ], [ 75.985530027788556, 11.746035174958479 ], [ 75.985120200836249, 11.745607088510678 ], [ 75.984629248251196, 11.74558166534595 ], [ 75.984107296333221, 11.745868297493583 ], [ 75.983906776936948, 11.746239730203792 ], [ 75.983559757761768, 11.746697525450088 ], [ 75.983675742467568, 11.747067842252104 ], [ 75.984084432359438, 11.747183963893235 ], [ 75.984810897909071, 11.747638086653543 ], [ 75.984987068466026, 11.748152799468409 ], [ 75.984699163178121, 11.748465765652103 ], [ 75.984117599293569, 11.74878419542136 ], [ 75.983559430224446, 11.749202056315992 ], [ 75.983302050086394, 11.750369340585033 ], [ 75.98282067366884, 11.750456851270327 ], [ 75.982775231682155, 11.749290708896369 ], [ 75.982826281119856, 11.748146677579053 ], [ 75.98282199117503, 11.746944175923208 ], [ 75.982645832839424, 11.746429370698522 ], [ 75.981139907200642, 11.746090986562525 ], [ 75.980215019432052, 11.74660956643087 ], [ 75.979116411744783, 11.7473005159195 ], [ 75.978596393874668, 11.748161268555284 ], [ 75.978889513222299, 11.749299463717144 ], [ 75.979722900404965, 11.750164638458223 ], [ 75.979854206987994, 11.750982469380485 ], [ 75.979286926812904, 11.751413860419499 ], [ 75.978368721962795, 11.751245235460258 ], [ 75.978207239048928, 11.7504991735697 ], [ 75.977903850786007, 11.750328443015498 ], [ 75.977454686238772, 11.750945464095675 ], [ 75.97675894452297, 11.751326688981424 ], [ 75.976893157427284, 11.753013413817966 ], [ 75.977113744047855, 11.75443673053085 ], [ 75.97790695598934, 11.755595880530866 ], [ 75.979089181529858, 11.756496060460565 ], [ 75.980927662069078, 11.757434616189926 ], [ 75.981580506243674, 11.757821120289982 ], [ 75.982328057668596, 11.759025612620361 ], [ 75.982637431234139, 11.759585138493385 ], [ 75.985521914145124, 11.760520015028831 ], [ 75.986091771959991, 11.760775798778978 ], [ 75.986396389479694, 11.761294592474098 ], [ 75.986048435443564, 11.761508278843021 ], [ 75.985438598704107, 11.761596345505032 ], [ 75.985394116311085, 11.761985264026372 ], [ 75.985923105591127, 11.76237224278159 ], [ 75.987169040870953, 11.763118364976986 ], [ 75.987150519853728, 11.76434808003024 ], [ 75.986976953911793, 11.764565675677309 ], [ 75.98641093928677, 11.76538597482384 ], [ 75.986722039372708, 11.766415655405643 ], [ 75.98650275179061, 11.766678610663662 ], [ 75.985849242579889, 11.767408679790138 ], [ 75.985939710196789, 11.768317062944961 ], [ 75.987036069918418, 11.769561045719161 ], [ 75.98725955020943, 11.770464416665684 ], [ 75.987302613393268, 11.770979672572388 ], [ 75.986652675711255, 11.771411423681512 ], [ 75.984986919448005, 11.770042821555471 ], [ 75.984416446223321, 11.76961082024558 ], [ 75.984024447566625, 11.769051572617773 ], [ 75.983717559057283, 11.769183688821878 ], [ 75.983454526199083, 11.770043626320005 ], [ 75.983105369096378, 11.769918254049252 ], [ 75.9825807810779, 11.769485998371614 ], [ 75.98231899429743, 11.769401059822842 ], [ 75.981883384549874, 11.769488413368354 ], [ 75.98218835719976, 11.770093126895333 ], [ 75.983330312216822, 11.771251098983386 ], [ 75.98346017354919, 11.771639425627338 ], [ 75.983420873770015, 11.772200186064744 ], [ 75.982900465175447, 11.772929846696277 ], [ 75.983076620893286, 11.773449116481912 ], [ 75.983380941473456, 11.773877532141338 ], [ 75.984124501854765, 11.773960847819604 ], [ 75.984783504825003, 11.77477687025198 ], [ 75.985047925583785, 11.77559416861008 ], [ 75.985657398675741, 11.77537509625347 ], [ 75.986421138334919, 11.774662715240481 ], [ 75.987118825946766, 11.774746170994222 ], [ 75.986863082644589, 11.776383642799855 ], [ 75.986779932100418, 11.777505056921212 ], [ 75.988440241118255, 11.778615946608733 ], [ 75.989404959191006, 11.778956154311206 ], [ 75.990100531337447, 11.778438417736648 ], [ 75.990537059130119, 11.778608628280823 ], [ 75.990714761450946, 11.779557471142088 ], [ 75.991944744511073, 11.78093196584665 ], [ 75.995268204362674, 11.782642888171296 ], [ 75.995535591755541, 11.782985540612883 ], [ 75.994314270987118, 11.784025030071975 ], [ 75.994055140919329, 11.784713091883917 ], [ 75.994755397789675, 11.785483697209202 ], [ 75.995632360110818, 11.785652430284465 ], [ 75.997369050577646, 11.783752135641322 ], [ 75.999013782809627, 11.78562492782185 ], [ 76.000600763799454, 11.786729050163739 ], [ 76.000773846841085, 11.786375809492547 ], [ 76.001544684955547, 11.786373096572381 ], [ 76.002339693095593, 11.78671389147425 ], [ 76.002776447585603, 11.786947502669351 ], [ 76.004374182912585, 11.787231150657632 ], [ 76.006145507367805, 11.787283705303164 ], [ 76.007225039407928, 11.786380165818979 ], [ 76.008344506272991, 11.785096831699118 ], [ 76.009440906842258, 11.783777395544645 ], [ 76.009684808351835, 11.782727737945827 ], [ 76.009575479535286, 11.781701879809935 ], [ 76.009049258937225, 11.780822180907744 ], [ 76.008919289569491, 11.780415729613479 ], [ 76.008959298162807, 11.780072033651772 ], [ 76.009426384718935, 11.779817214965092 ], [ 76.010490154208199, 11.779628121559117 ], [ 76.011429491665169, 11.779285698717334 ], [ 76.012567130590114, 11.779218368967419 ], [ 76.014055246442126, 11.7783902564379 ], [ 76.014490937719373, 11.778348089281016 ], [ 76.015174802026962, 11.778413431561171 ], [ 76.015887889256902, 11.778921738261966 ], [ 76.016303820187062, 11.77973400817184 ], [ 76.016309444102589, 11.78128004754779 ], [ 76.016341511665857, 11.782514132621076 ], [ 76.016166433653083, 11.783563643078594 ], [ 76.015257939338724, 11.784805543852171 ], [ 76.014669954360116, 11.785851940778931 ], [ 76.014438645095908, 11.786607760227728 ], [ 76.014896352171078, 11.78752840010989 ], [ 76.016007906139606, 11.78786801912026 ], [ 76.017094042270628, 11.787497970731321 ], [ 76.018437023481056, 11.78713145825529 ], [ 76.019321480015321, 11.786838957661619 ], [ 76.020032086253167, 11.786691743199297 ], [ 76.02150677700736, 11.787170166026199 ], [ 76.024011030859015, 11.788169358738932 ], [ 76.024815074564103, 11.78845578950939 ], [ 76.025111673450184, 11.789245792811762 ], [ 76.025009741706342, 11.790218154991331 ], [ 76.025426307600398, 11.79118409201371 ], [ 76.026279340649111, 11.792315806776983 ], [ 76.026392993071894, 11.793278288596666 ], [ 76.026701637124461, 11.794841390541778 ], [ 76.026967620142329, 11.796020319876092 ], [ 76.028125289461528, 11.797625515179542 ], [ 76.028453002933333, 11.798148797453781 ], [ 76.030067346264772, 11.800380735779507 ], [ 76.030463845294719, 11.800894650122437 ], [ 76.031592604451845, 11.800890523754168 ], [ 76.034067576941851, 11.80137430691622 ], [ 76.035765598837756, 11.801431404936551 ], [ 76.036023093762111, 11.80034548033227 ], [ 76.036363716403997, 11.799417498324583 ], [ 76.036596595915512, 11.797897646760282 ], [ 76.036782053418278, 11.797191739454375 ], [ 76.037135410585478, 11.795974415466928 ], [ 76.038784035975553, 11.793915935505298 ], [ 76.039213429036664, 11.793389929235078 ], [ 76.039710839451743, 11.792678418593908 ], [ 76.040195228670754, 11.792156730273136 ], [ 76.04060079897107, 11.791409292019823 ], [ 76.040838304991553, 11.791128154572663 ], [ 76.041399095932135, 11.790181297137146 ], [ 76.04167830207912, 11.788765261299861 ], [ 76.04189542766261, 11.78794621184001 ], [ 76.043739632904604, 11.787880683980971 ], [ 76.044568330344191, 11.78740289125516 ], [ 76.044697053107228, 11.78624063632968 ], [ 76.044627106795645, 11.785960556921028 ], [ 76.043319220515002, 11.784681515582783 ], [ 76.042888959610309, 11.783742704596737 ], [ 76.042283356338913, 11.782524328590243 ], [ 76.041235624617556, 11.780887101803918 ], [ 76.041636097823968, 11.780280030031204 ] ] ] ] } },
{ "type": "Feature", "properties": { "village_code": "627304", "village": "Panamaram", "village_name": "Panamaram", "district": "Wayanad", "subdistrict_code": 5635, "households_2011": 2916.0, "population_2011": 12683, "male_population_2011": 6219.0, "female_population_2011": 6464.0 }, "geometry": { "type": "MultiPolygon", "coordinates": [ [ [ [ 76.096774712871408, 11.784104223761092 ], [ 76.098913802209452, 11.783284772373953 ], [ 76.100422382704323, 11.783764834825005 ], [ 76.102215422351307, 11.784691548871386 ], [ 76.103437365147016, 11.783481265218375 ], [ 76.104702536066867, 11.782052699494209 ], [ 76.105090217297857, 11.781856532659317 ], [ 76.105614375214898, 11.781591302717388 ], [ 76.106623079995572, 11.781080884174076 ], [ 76.109509293645488, 11.781415469752265 ], [ 76.111945803122353, 11.781285362905866 ], [ 76.113552154005518, 11.781386895628488 ], [ 76.114946030853019, 11.781945549933095 ], [ 76.11516661600831, 11.782877367610933 ], [ 76.115962977660132, 11.783801683555645 ], [ 76.116471704873376, 11.782831808709485 ], [ 76.116520470331523, 11.780669023337479 ], [ 76.116987412817053, 11.77951285990836 ], [ 76.118019559411877, 11.778253501594211 ], [ 76.117385750099231, 11.777745994844492 ], [ 76.116543903120657, 11.777193211204246 ], [ 76.116088631438387, 11.776941865075047 ], [ 76.116110208278542, 11.776602702827459 ], [ 76.116323666975035, 11.776068384777899 ], [ 76.116703272344736, 11.774615778064733 ], [ 76.117026262458424, 11.77393639708639 ], [ 76.117712718667832, 11.772374130119932 ], [ 76.117839679089471, 11.772011942121814 ], [ 76.118300617096992, 11.771402120718422 ], [ 76.117359119405549, 11.771159458768659 ], [ 76.116495459958401, 11.770887016963602 ], [ 76.116017562699156, 11.77069902509395 ], [ 76.11588698659321, 11.770166108880428 ], [ 76.116011501230474, 11.769184639069612 ], [ 76.115879375988541, 11.768271982247256 ], [ 76.115637861696854, 11.767545077912249 ], [ 76.114551720202982, 11.765569341823849 ], [ 76.113270027425131, 11.763996585746055 ], [ 76.113117013895916, 11.763608397454867 ], [ 76.11337488333966, 11.762694266963042 ], [ 76.113242826608214, 11.761799669878251 ], [ 76.113108175385051, 11.761393313124064 ], [ 76.113175530506339, 11.761031416063615 ], [ 76.113540429791996, 11.760519110633007 ], [ 76.113515354292502, 11.759985741261373 ], [ 76.112864767836086, 11.759048008867575 ], [ 76.112001478787349, 11.758579897066205 ], [ 76.111306134177568, 11.758052101062734 ], [ 76.109897649451597, 11.757632123291339 ], [ 76.108806364026478, 11.757411594609566 ], [ 76.107831622829977, 11.757639505648005 ], [ 76.107172285534261, 11.758130441266829 ], [ 76.106699337731925, 11.758880894525694 ], [ 76.106350053664244, 11.759825550020569 ], [ 76.106135130453964, 11.760583030986002 ], [ 76.105787620832871, 11.761464126281618 ], [ 76.105628288360265, 11.762541186130576 ], [ 76.104963570309735, 11.763222810057705 ], [ 76.103997700692062, 11.763132882499233 ], [ 76.103230717454394, 11.762857533261853 ], [ 76.103060383978075, 11.762025939037597 ], [ 76.102356132915716, 11.761815906454503 ], [ 76.101006788308439, 11.7615882821576 ], [ 76.100040932600891, 11.761498329291904 ], [ 76.099080439556246, 11.761217679676378 ], [ 76.098066158807313, 11.760553889566369 ], [ 76.09686551211081, 11.759630560535035 ], [ 76.095987420810545, 11.758716030462248 ], [ 76.09497317411828, 11.758052221584322 ], [ 76.093898005842902, 11.757259523075968 ], [ 76.092817484647597, 11.756657503847508 ], [ 76.092070240975815, 11.7556829242038 ], [ 76.091582822641058, 11.754651835159585 ], [ 76.091491391661734, 11.753313525511757 ], [ 76.091597057499172, 11.751853388856254 ], [ 76.09195894922766, 11.750463877299875 ], [ 76.092188247550709, 11.749197961756739 ], [ 76.092161643414059, 11.748254133013015 ], [ 76.092124586820958, 11.747996763148304 ], [ 76.091335262215381, 11.747413943792703 ], [ 76.08786070029079, 11.745005514114519 ], [ 76.087040946262846, 11.743039291822686 ], [ 76.086406474017778, 11.740695409010776 ], [ 76.086041691528933, 11.740329288388022 ], [ 76.084818433878539, 11.739532731181809 ], [ 76.083199464450686, 11.738827970979552 ], [ 76.082723657898569, 11.738600312496802 ], [ 76.082616444797267, 11.737925550371571 ], [ 76.082709702478041, 11.736410281092121 ], [ 76.083045404044611, 11.735781566743665 ], [ 76.083443070174042, 11.735413882234521 ], [ 76.083873399072644, 11.735186181838875 ], [ 76.084791468040748, 11.735349969748988 ], [ 76.08464642617615, 11.734618157794227 ], [ 76.084981925468597, 11.733735483731603 ], [ 76.084774484625058, 11.733033102517405 ], [ 76.08477277557563, 11.732269877404761 ], [ 76.08399448318103, 11.731145599249146 ], [ 76.083567871430205, 11.729789636496514 ], [ 76.083218031494496, 11.728238051009317 ], [ 76.083084917520537, 11.72669175090182 ], [ 76.083482312342923, 11.725135111333206 ], [ 76.083956105798649, 11.722659969877643 ], [ 76.083447369855207, 11.721003886572683 ], [ 76.082324759771879, 11.719629562293706 ], [ 76.081485288693742, 11.718063946628952 ], [ 76.081241469113067, 11.716862991271757 ], [ 76.080465817540272, 11.714826405584942 ], [ 76.079805794057904, 11.713131331634736 ], [ 76.078889256379043, 11.712543944198217 ], [ 76.0775347453054, 11.712233101620685 ], [ 76.076409102714763, 11.71097064356718 ], [ 76.075874852399721, 11.710222018039333 ], [ 76.074786767868659, 11.708525187513988 ], [ 76.073564846051056, 11.707098360486924 ], [ 76.072497024262461, 11.706471912816884 ], [ 76.069949956621784, 11.706377030072067 ], [ 76.068496739576773, 11.705988752575987 ], [ 76.066252519203417, 11.705006466905758 ], [ 76.064858344372141, 11.703946844242868 ], [ 76.064563534257374, 11.704829561151749 ], [ 76.06433039131268, 11.706245397563388 ], [ 76.0639139564895, 11.706482055400542 ], [ 76.062543857160179, 11.706839728076018 ], [ 76.061471602087281, 11.707137504839659 ], [ 76.061473618977587, 11.707666457132966 ], [ 76.060823101171451, 11.709079371426485 ], [ 76.060052129232275, 11.710198814684567 ], [ 76.061189796170126, 11.711428764054345 ], [ 76.060596921621809, 11.71231257570604 ], [ 76.059100790740843, 11.710907587045901 ], [ 76.0585089002697, 11.712085181392164 ], [ 76.058214596265273, 11.713089872425076 ], [ 76.058637173158033, 11.714440029209035 ], [ 76.05977609510964, 11.715990964330741 ], [ 76.059602347143269, 11.717343363700648 ], [ 76.058474683368829, 11.718757958480682 ], [ 76.058391861390433, 11.721104607126444 ], [ 76.057869624904924, 11.722489906693626 ], [ 76.057826329798772, 11.723163668320106 ], [ 76.057539893098408, 11.726243293609427 ], [ 76.056742450534813, 11.726440666311602 ], [ 76.053879145434408, 11.7262161650055 ], [ 76.052331777534661, 11.72704459762425 ], [ 76.053654180888302, 11.729792899808862 ], [ 76.05521032970897, 11.731265447000213 ], [ 76.055453768925901, 11.732562049385743 ], [ 76.056770207484007, 11.733732566302244 ], [ 76.061721771088685, 11.73659398718126 ], [ 76.064509261704373, 11.738554643805829 ], [ 76.068861771443053, 11.739501287750741 ], [ 76.070803897687668, 11.739914497961863 ], [ 76.073697882583829, 11.740938894371562 ], [ 76.074401683567601, 11.741419886222367 ], [ 76.074835406509621, 11.742073779642231 ], [ 76.075394478241336, 11.743102399454287 ], [ 76.075523914699147, 11.743355096316803 ], [ 76.076056874021177, 11.74356556087049 ], [ 76.07679444556031, 11.743296064071524 ], [ 76.077730943049318, 11.742284405877475 ], [ 76.079025688239398, 11.74257339312129 ], [ 76.079583437347026, 11.743244839913556 ], [ 76.080077918092385, 11.744169738429891 ], [ 76.080058616902818, 11.745119161149598 ], [ 76.078347811924303, 11.745188881395332 ], [ 76.077217192260889, 11.745848657613337 ], [ 76.076793887623694, 11.746691113241365 ], [ 76.076521879482954, 11.747537540733902 ], [ 76.076542940908553, 11.748233698622636 ], [ 76.077423364493924, 11.749324367656914 ], [ 76.079022717493729, 11.750055166939424 ], [ 76.079799367704055, 11.750792076371878 ], [ 76.080942751417339, 11.751847188095391 ], [ 76.081120064285201, 11.75261953574881 ], [ 76.079337016400743, 11.753010596239374 ], [ 76.077725602217683, 11.752718326119926 ], [ 76.076947849858669, 11.753277295955057 ], [ 76.076691418521122, 11.754566642095245 ], [ 76.076910936072579, 11.755564962530794 ], [ 76.077718109131553, 11.756696586476739 ], [ 76.078946389497858, 11.75873076505189 ], [ 76.079735247234467, 11.759844387177427 ], [ 76.080631197295176, 11.761364549442243 ], [ 76.081031170695866, 11.762759886796326 ], [ 76.080965485166075, 11.763555823720743 ], [ 76.080752931743348, 11.764352248830679 ], [ 76.079996092830811, 11.765553146810609 ], [ 76.08021967743241, 11.767595640704942 ], [ 76.080571352075268, 11.76836739670653 ], [ 76.080399159463298, 11.768924071867394 ], [ 76.079535170334054, 11.769722947980457 ], [ 76.078532580708412, 11.770264699268296 ], [ 76.077358654142031, 11.770418340540566 ], [ 76.076682653489243, 11.770014039555406 ], [ 76.076203066010649, 11.769392029368818 ], [ 76.075720049923575, 11.769072858871899 ], [ 76.07480647382188, 11.768904525197705 ], [ 76.073786139384794, 11.769636196365861 ], [ 76.072084991949907, 11.77106212280939 ], [ 76.07141243441616, 11.771539370428377 ], [ 76.07089567093422, 11.771988781702625 ], [ 76.069805129622154, 11.77233653579556 ], [ 76.068938897590428, 11.772574796261896 ], [ 76.068263624914763, 11.77354480067055 ], [ 76.068512860493058, 11.775112551897466 ], [ 76.069353959952693, 11.779060515515706 ], [ 76.070010334371545, 11.780323909090979 ], [ 76.072769037978233, 11.784178731140484 ], [ 76.07227802312751, 11.786522288527896 ], [ 76.07187345426965, 11.788693756017468 ], [ 76.074237648731497, 11.792550089276755 ], [ 76.07513656152895, 11.793618077751027 ], [ 76.075859231990705, 11.794283182246382 ], [ 76.076192050472372, 11.794881268223437 ], [ 76.076560143360126, 11.793975410829752 ], [ 76.077676263497253, 11.792579507047661 ], [ 76.080074245474719, 11.791803986419209 ], [ 76.083055441116016, 11.791410174162653 ], [ 76.085615151396865, 11.791480268841006 ], [ 76.089666992951791, 11.791298510386619 ], [ 76.090444971382922, 11.790039585190895 ], [ 76.090077059414142, 11.788603029636828 ], [ 76.090692219526161, 11.787851737747216 ], [ 76.092483134314818, 11.787534919998681 ], [ 76.094325534063671, 11.786707419655787 ], [ 76.094836576522937, 11.785697237975723 ], [ 76.09534246912628, 11.784869798482369 ], [ 76.096774712871408, 11.784104223761092 ] ] ] ] } },
{ "type": "Feature", "properties": { "village_code": "627296", "village": "Mananthavady", "village_name": "Mananthavady", "district": "Wayanad", "subdistrict_code": 5635, "households_2011": 8183.0, "population_2011": 34663, "male_population_2011": 16899.0, "female_population_2011": 17764.0 }, "geometry": { "type": "MultiPolygon", "coordinates": [ [ [ [ 75.980685112137976, 11.88520799396472 ], [ 75.981252145368046, 11.884613826742134 ], [ 75.984456870630396, 11.884882977530152 ], [ 75.985828481239224, 11.884652166409692 ], [ 75.98702052407441, 11.884277227143501 ], [ 75.98833888598449, 11.88331422616413 ], [ 75.988557823266561, 11.882911079448863 ], [ 75.989086866514228, 11.88197801398751 ], [ 75.989710989323299, 11.880678312870971 ], [ 75.990174768933642, 11.879469603038942 ], [ 75.990795044080627, 11.878368891315098 ], [ 75.992922422499845, 11.877733044149899 ], [ 75.994896820794821, 11.876672776956973 ], [ 75.995491907978717, 11.876236660259012 ], [ 75.996682447321049, 11.875459378653986 ], [ 75.997309598581225, 11.875023163175774 ], [ 75.998024836337677, 11.873546867612818 ], [ 75.997797690485314, 11.871653441186595 ], [ 75.997444426798225, 11.870447696119282 ], [ 75.997092329771576, 11.869544763548058 ], [ 75.997431017362118, 11.86674515793381 ], [ 75.99773334519152, 11.865320072097022 ], [ 75.998512795831061, 11.863890111996215 ], [ 75.999013527352218, 11.863435301106907 ], [ 76.001280309125747, 11.861329225841311 ], [ 76.004991753222399, 11.858409163374972 ], [ 76.006642413381897, 11.856717011973219 ], [ 76.00769986844584, 11.854733148809014 ], [ 76.008633234949102, 11.8526954750287 ], [ 76.00992622118045, 11.851117691925847 ], [ 76.009688112687343, 11.850015441895781 ], [ 76.010705865936345, 11.847236033531818 ], [ 76.011032798406532, 11.846280949298624 ], [ 76.01127508301353, 11.846026915237438 ], [ 76.012183672615151, 11.845992064537853 ], [ 76.013156157391492, 11.845866494749064 ], [ 76.014602020759412, 11.845947219574349 ], [ 76.0153764510803, 11.845623452612575 ], [ 76.015515060101677, 11.844637492972128 ], [ 76.015601258748447, 11.843131747390347 ], [ 76.015088928318576, 11.841085597642238 ], [ 76.01508554727404, 11.840163373326133 ], [ 76.015556302348458, 11.839637325891198 ], [ 76.017384731879446, 11.838929995339811 ], [ 76.018501275950172, 11.83805349080364 ], [ 76.020739671315852, 11.836535490928874 ], [ 76.022214145262026, 11.835653129524944 ], [ 76.024867317070189, 11.834599323731929 ], [ 76.026956214140554, 11.833601714624139 ], [ 76.027307389688772, 11.833017186277795 ], [ 76.026711009862083, 11.831857533892675 ], [ 76.026239502207474, 11.830927927655738 ], [ 76.026351633549922, 11.830226862264366 ], [ 76.027294740533037, 11.829644803270183 ], [ 76.029668557866728, 11.832430003623466 ], [ 76.031676066039367, 11.833001321150832 ], [ 76.033214278847765, 11.833230868576628 ], [ 76.035804672184156, 11.83135887744656 ], [ 76.038134744117329, 11.831056465155557 ], [ 76.038899330455109, 11.830588039532067 ], [ 76.037834627411883, 11.829366834647795 ], [ 76.036764530261109, 11.827915027636077 ], [ 76.034646145060847, 11.827145183544555 ], [ 76.032573954853007, 11.826452025604533 ], [ 76.031270667126805, 11.825236172285047 ], [ 76.030382004892203, 11.824425590027481 ], [ 76.029313910251858, 11.823493714452454 ], [ 76.028072921889674, 11.822973807553316 ], [ 76.026181711520394, 11.822808841663011 ], [ 76.02464425051987, 11.822755642902235 ], [ 76.023877258251517, 11.822582102637966 ], [ 76.023283778652086, 11.822177335423863 ], [ 76.022278397346682, 11.822063473059261 ], [ 76.02180467201498, 11.821775814506884 ], [ 76.021390579544232, 11.821488007518896 ], [ 76.022978206316623, 11.818968723915406 ], [ 76.023562534781632, 11.818148364133465 ], [ 76.02486051776286, 11.816746734091183 ], [ 76.025918168119489, 11.816105457789433 ], [ 76.026626309888385, 11.815284654157674 ], [ 76.027096603930843, 11.814645546304291 ], [ 76.027623233906056, 11.813129184871974 ], [ 76.027668040519885, 11.810389408293586 ], [ 76.02760652049858, 11.8086446049061 ], [ 76.027659151176579, 11.808002482236443 ], [ 76.027893406510103, 11.806835237140509 ], [ 76.027950039509903, 11.806021258920634 ], [ 76.027179457195359, 11.804853176332891 ], [ 76.027055378184016, 11.803569706759212 ], [ 76.027400826218468, 11.801470842462285 ], [ 76.027866959610975, 11.799724154393143 ], [ 76.028453002933333, 11.798148797453781 ], [ 76.028125289461528, 11.797625515179542 ], [ 76.026967620142329, 11.796020319876092 ], [ 76.026701637124461, 11.794841390541778 ], [ 76.026392993071894, 11.793278288596666 ], [ 76.026279340649111, 11.792315806776983 ], [ 76.025426307600398, 11.79118409201371 ], [ 76.025009741706342, 11.790218154991331 ], [ 76.025111673450184, 11.789245792811762 ], [ 76.024815074564103, 11.78845578950939 ], [ 76.024011030859015, 11.788169358738932 ], [ 76.02150677700736, 11.787170166026199 ], [ 76.020032086253167, 11.786691743199297 ], [ 76.019321480015321, 11.786838957661619 ], [ 76.018437023481056, 11.78713145825529 ], [ 76.017094042270628, 11.787497970731321 ], [ 76.016007906139606, 11.78786801912026 ], [ 76.014896352171078, 11.78752840010989 ], [ 76.014438645095908, 11.786607760227728 ], [ 76.014669954360116, 11.785851940778931 ], [ 76.015257939338724, 11.784805543852171 ], [ 76.016166433653083, 11.783563643078594 ], [ 76.016341511665857, 11.782514132621076 ], [ 76.016309444102589, 11.78128004754779 ], [ 76.016303820187062, 11.77973400817184 ], [ 76.015887889256902, 11.778921738261966 ], [ 76.015174802026962, 11.778413431561171 ], [ 76.014490937719373, 11.778348089281016 ], [ 76.014055246442126, 11.7783902564379 ], [ 76.012567130590114, 11.779218368967419 ], [ 76.011429491665169, 11.779285698717334 ], [ 76.010490154208199, 11.779628121559117 ], [ 76.009426384718935, 11.779817214965092 ], [ 76.008959298162807, 11.780072033651772 ], [ 76.008919289569491, 11.780415729613479 ], [ 76.009049258937225, 11.780822180907744 ], [ 76.009575479535286, 11.781701879809935 ], [ 76.009684808351835, 11.782727737945827 ], [ 76.009440906842258, 11.783777395544645 ], [ 76.008344506272991, 11.785096831699118 ], [ 76.007225039407928, 11.786380165818979 ], [ 76.006145507367805, 11.787283705303164 ], [ 76.004374182912585, 11.787231150657632 ], [ 76.002776447585603, 11.786947502669351 ], [ 76.002339693095593, 11.78671389147425 ], [ 76.001544684955547, 11.786373096572381 ], [ 76.000773846841085, 11.786375809492547 ], [ 76.000600763799454, 11.786729050163739 ], [ 76.000317013118192, 11.786915446680986 ], [ 76.001038113408811, 11.788391232151129 ], [ 76.001348648817142, 11.789249074437276 ], [ 76.002030261679906, 11.791222234206128 ], [ 76.002072484332601, 11.792732103937318 ], [ 76.001462688639791, 11.792865363085518 ], [ 76.000483676596104, 11.792394092295135 ], [ 75.999738075896545, 11.791777318474477 ], [ 75.998999002949276, 11.79167147158663 ], [ 75.998985937633805, 11.793131708448389 ], [ 75.998958881181551, 11.794546811192165 ], [ 75.999143590157459, 11.796119421580944 ], [ 75.999013743943095, 11.797647058699139 ], [ 75.99861506881922, 11.79843591821229 ], [ 75.99787189358338, 11.798483777872276 ], [ 75.996601743799985, 11.797452965019373 ], [ 75.995422343778742, 11.797416423323448 ], [ 75.994640113579237, 11.798065596502365 ], [ 75.993330138106643, 11.798716675353264 ], [ 75.991715587742618, 11.79889409981454 ], [ 75.991280710927484, 11.79919399397688 ], [ 75.989968149235509, 11.799112710496008 ], [ 75.989616198010566, 11.798209713794792 ], [ 75.988395947086616, 11.798299903126312 ], [ 75.987392787511865, 11.79877800322841 ], [ 75.985599418842128, 11.799001227194685 ], [ 75.982283792781658, 11.799528127362297 ], [ 75.980098012335134, 11.799060957094955 ], [ 75.977865725279969, 11.797133705197881 ], [ 75.975851712374435, 11.795933545625765 ], [ 75.974014230549699, 11.795338585201437 ], [ 75.973096527295155, 11.795341705403754 ], [ 75.97222821103415, 11.796334790598886 ], [ 75.97105081692095, 11.796854150727862 ], [ 75.968210823741472, 11.796949768919056 ], [ 75.966507877357657, 11.796783728540245 ], [ 75.965591248649048, 11.797089802793366 ], [ 75.964327810208459, 11.797953053726896 ], [ 75.963475453397294, 11.797935928217456 ], [ 75.963233810928045, 11.798720751687002 ], [ 75.963116994908546, 11.799430949392859 ], [ 75.964254524645767, 11.800602510339276 ], [ 75.96521203047844, 11.801480806550513 ], [ 75.964978309686472, 11.80289210678337 ], [ 75.964386087271976, 11.804128363695559 ], [ 75.964328726212003, 11.804775023433969 ], [ 75.964850655358532, 11.805736138014487 ], [ 75.966067283136852, 11.807241978001166 ], [ 75.9672056711062, 11.808648612259399 ], [ 75.967569516644346, 11.810351817770519 ], [ 75.967932603875383, 11.811819787414171 ], [ 75.96811262675871, 11.812117562720445 ], [ 75.969015091837591, 11.814289014631871 ], [ 75.969076579500253, 11.814817778147615 ], [ 75.968421992778559, 11.8152901745341 ], [ 75.967467730700847, 11.815352234960903 ], [ 75.966943160424506, 11.816235590298634 ], [ 75.966947719958853, 11.817528537330197 ], [ 75.967190003026516, 11.818590074348947 ], [ 75.968088576686711, 11.819644860763304 ], [ 75.969223929915387, 11.820169977331586 ], [ 75.970475835254959, 11.819930597195677 ], [ 75.971368535403741, 11.819339830536194 ], [ 75.972203336997083, 11.81921942898995 ], [ 75.973251547911246, 11.819780947875929 ], [ 75.973737080167069, 11.822130169515844 ], [ 75.975295271712014, 11.824127555462667 ], [ 75.976524186248412, 11.825149549977708 ], [ 75.976592333915079, 11.827563399404672 ], [ 75.976776775488815, 11.829090830039645 ], [ 75.977258237905176, 11.830269118144923 ], [ 75.977619059030573, 11.831090653237698 ], [ 75.978873510459366, 11.831556531374032 ], [ 75.98239272495924, 11.831368041702421 ], [ 75.981741919430547, 11.832898367977988 ], [ 75.981685779733851, 11.833897589658056 ], [ 75.98234733243288, 11.835369151320938 ], [ 75.983066354936057, 11.836248212897797 ], [ 75.982950004467355, 11.837071417962543 ], [ 75.981703463770117, 11.838838877337736 ], [ 75.980628084903927, 11.838431196932337 ], [ 75.97985189665873, 11.838257512583882 ], [ 75.979253490740305, 11.837730670110449 ], [ 75.978418234439076, 11.837733533308493 ], [ 75.976155553951244, 11.838975527638183 ], [ 75.974186041630318, 11.840044726288776 ], [ 75.970732013901554, 11.841819707912233 ], [ 75.969601150856334, 11.842587624607226 ], [ 75.969124470540919, 11.842765494135612 ], [ 75.968230620459323, 11.843062451925023 ], [ 75.967816563856871, 11.84406749755532 ], [ 75.966446351202478, 11.844659899442746 ], [ 75.964896422667394, 11.845017832284494 ], [ 75.964437992502283, 11.845150453945584 ], [ 75.963696909649343, 11.845844685636594 ], [ 75.962823227064703, 11.846665932734554 ], [ 75.962257698211275, 11.847657948458126 ], [ 75.961520777639976, 11.848220994556005 ], [ 75.959861487071336, 11.848827921017515 ], [ 75.958899953679648, 11.849477650418867 ], [ 75.958378928659357, 11.850085228723721 ], [ 75.958467760386185, 11.850555096566287 ], [ 75.958689096824116, 11.85085725292279 ], [ 75.959214120359661, 11.851370850794787 ], [ 75.959786184308086, 11.85223239249625 ], [ 75.960139940950725, 11.853650700113308 ], [ 75.96005940531937, 11.855545227946722 ], [ 75.959892036175688, 11.857571144858619 ], [ 75.959987781092963, 11.860025589966243 ], [ 75.960300783803916, 11.861588798324322 ], [ 75.960922695596523, 11.864859785716813 ], [ 75.962198480270004, 11.867441374456705 ], [ 75.96272634296767, 11.868773242949869 ], [ 75.962905597856604, 11.870151498426679 ], [ 75.962734257608318, 11.871011052539274 ], [ 75.962301100287561, 11.871830727533236 ], [ 75.963223129050803, 11.872993965711983 ], [ 75.963353473355184, 11.873508899290876 ], [ 75.96357614067135, 11.874195385828074 ], [ 75.963928960160601, 11.875315309587636 ], [ 75.964152267391057, 11.876168955526468 ], [ 75.963737804707193, 11.878390121683601 ], [ 75.965382987329306, 11.878954119472111 ], [ 75.965962290549868, 11.879250503498412 ], [ 75.967823793063246, 11.879967503811363 ], [ 75.969501391014091, 11.88062180943926 ], [ 75.970628930062986, 11.881458791495071 ], [ 75.970813848928273, 11.881846932712568 ], [ 75.970875877333214, 11.882506790322886 ], [ 75.970759534574924, 11.883348080804593 ], [ 75.971125040226553, 11.88416964399401 ], [ 75.97176954618746, 11.884705390450398 ], [ 75.97405746359766, 11.886587204966169 ], [ 75.9756552182657, 11.888471605763579 ], [ 75.976327657460232, 11.887356947206527 ], [ 75.978995943415654, 11.886479730335632 ], [ 75.97971625458176, 11.886386800429499 ], [ 75.980685112137976, 11.88520799396472 ] ] ] ] } },
{ "type": "Feature", "properties": { "village_code": "627305", "village": "Anchukunnu", "village_name": "Anchukunnu", "district": "Wayanad", "subdistrict_code": 5635, "households_2011": 4305.0, "population_2011": 19078, "male_population_2011": 9516.0, "female_population_2011": 9562.0 }, "geometry": { "type": "MultiPolygon", "coordinates": [ [ [ [ 76.034884070040306, 11.76821589125491 ], [ 76.036599284318456, 11.766803702443761 ], [ 76.037485575819247, 11.765805885049183 ], [ 76.037899372749621, 11.764809859078698 ], [ 76.038247157842079, 11.763348404481063 ], [ 76.038780407044499, 11.762410633786551 ], [ 76.039549661829426, 11.761996399985422 ], [ 76.040848206105565, 11.760820825623803 ], [ 76.041493524053706, 11.759181971762454 ], [ 76.041374622156155, 11.758070262973421 ], [ 76.040534373852864, 11.755437676090475 ], [ 76.041658521297066, 11.754262705416187 ], [ 76.043080855665835, 11.753086603890054 ], [ 76.044086024822406, 11.753200478549774 ], [ 76.044743099234054, 11.753491901424065 ], [ 76.045153570387257, 11.752844009284498 ], [ 76.045451778566829, 11.75284287663515 ], [ 76.04577794586254, 11.752959245719595 ], [ 76.046252231024113, 11.753423136131095 ], [ 76.046494802819979, 11.75447554447944 ], [ 76.047923188900782, 11.756111378574632 ], [ 76.049109554598019, 11.755636829059643 ], [ 76.048514226957138, 11.754703219665007 ], [ 76.047321181000413, 11.753419224667566 ], [ 76.047557029409077, 11.752717605880006 ], [ 76.047732044908614, 11.750792531156124 ], [ 76.048132739068791, 11.74966401359676 ], [ 76.049615933908314, 11.748813124635852 ], [ 76.050644001344466, 11.748922352099315 ], [ 76.050874438184564, 11.749201774483975 ], [ 76.051276214592377, 11.748693999362583 ], [ 76.052127365677308, 11.748125747877411 ], [ 76.052184875816863, 11.747564986622422 ], [ 76.051268496909657, 11.746664224828615 ], [ 76.052292667275324, 11.74576076789026 ], [ 76.052742528974846, 11.744633436290773 ], [ 76.05291344097337, 11.743728701227896 ], [ 76.053426427756918, 11.743500751933862 ], [ 76.053941276416609, 11.743783683591486 ], [ 76.054686151563601, 11.744228479411833 ], [ 76.055028550074468, 11.743779682200671 ], [ 76.05507860929734, 11.742482016743802 ], [ 76.055819213290519, 11.741801105590865 ], [ 76.055531397747004, 11.740902576074779 ], [ 76.055184995021605, 11.74028449864918 ], [ 76.055582548306546, 11.739885219745794 ], [ 76.056385960883802, 11.740054055252072 ], [ 76.057697344670018, 11.739877430123432 ], [ 76.058899209438877, 11.739872951463262 ], [ 76.059697684397676, 11.739928788439782 ], [ 76.060244603791674, 11.740799221836115 ], [ 76.061417639067159, 11.741048078092174 ], [ 76.062099879768297, 11.740706414826038 ], [ 76.06313227145715, 11.740761369070436 ], [ 76.063817064348015, 11.741097921375864 ], [ 76.065210367772806, 11.740753629823553 ], [ 76.066351813099246, 11.740523355836055 ], [ 76.067151069007124, 11.740800624229445 ], [ 76.067891398033098, 11.740065526870177 ], [ 76.068861771443053, 11.739501287750741 ], [ 76.064509261704373, 11.738554643805829 ], [ 76.061721771088685, 11.73659398718126 ], [ 76.056770207484007, 11.733732566302244 ], [ 76.055453768925901, 11.732562049385743 ], [ 76.05521032970897, 11.731265447000213 ], [ 76.053654180888302, 11.729792899808862 ], [ 76.052331777534661, 11.72704459762425 ], [ 76.053879145434408, 11.7262161650055 ], [ 76.056742450534813, 11.726440666311602 ], [ 76.057539893098408, 11.726243293609427 ], [ 76.057826329798772, 11.723163668320106 ], [ 76.057869624904924, 11.722489906693626 ], [ 76.058391861390433, 11.721104607126444 ], [ 76.058474683368829, 11.718757958480682 ], [ 76.059602347143269, 11.717343363700648 ], [ 76.05977609510964, 11.715990964330741 ], [ 76.058637173158033, 11.714440029209035 ], [ 76.058214596265273, 11.713089872425076 ], [ 76.0585089002697, 11.712085181392164 ], [ 76.059100790740843, 11.710907587045901 ], [ 76.060596921621809, 11.71231257570604 ], [ 76.061189796170126, 11.711428764054345 ], [ 76.060052129232275, 11.710198814684567 ], [ 76.060823101171451, 11.709079371426485 ], [ 76.061473618977587, 11.707666457132966 ], [ 76.061471602087281, 11.707137504839659 ], [ 76.062543857160179, 11.706839728076018 ], [ 76.0639139564895, 11.706482055400542 ], [ 76.06433039131268, 11.706245397563388 ], [ 76.064563534257374, 11.704829561151749 ], [ 76.064858344372141, 11.703946844242868 ], [ 76.064140509898579, 11.703361844395085 ], [ 76.064538486001936, 11.701351767028957 ], [ 76.064578088076104, 11.699063971098942 ], [ 76.06372640368474, 11.697050198630448 ], [ 76.062617421559565, 11.696099137522816 ], [ 76.060611699535158, 11.694725301998558 ], [ 76.060044434226185, 11.693366218460955 ], [ 76.059681251593275, 11.691042505609637 ], [ 76.059830284629655, 11.688459268492986 ], [ 76.059702580291187, 11.685843552967334 ], [ 76.059134655443387, 11.684509366920187 ], [ 76.057945570748217, 11.681939048710017 ], [ 76.057430235836563, 11.680531692722337 ], [ 76.057021058628138, 11.680719423447636 ], [ 76.055835486150642, 11.681582306551194 ], [ 76.054559610933538, 11.68206952712192 ], [ 76.051324970880401, 11.682204103878822 ], [ 76.04843987997387, 11.682472659445713 ], [ 76.045866368672264, 11.683321968044883 ], [ 76.044970176625881, 11.683769851022539 ], [ 76.044567074357346, 11.684629424224905 ], [ 76.044746893663245, 11.685405615846841 ], [ 76.045419378313795, 11.685722757922974 ], [ 76.046281864842669, 11.685572472857363 ], [ 76.046673378725842, 11.686006230069166 ], [ 76.046268864692379, 11.686915529072028 ], [ 76.045430883419641, 11.687091371131547 ], [ 76.044152361422462, 11.6867823331275 ], [ 76.042582755040911, 11.686773386682168 ], [ 76.041791276110942, 11.687577810598185 ], [ 76.041406899306523, 11.688806682400454 ], [ 76.04129392788289, 11.690318522380116 ], [ 76.041390396802825, 11.6918361699454 ], [ 76.040812255301319, 11.692508788308903 ], [ 76.039466134764808, 11.693160127946818 ], [ 76.037541833342004, 11.694484064377711 ], [ 76.035491616039678, 11.695322442221977 ], [ 76.033266141804887, 11.695384754926637 ], [ 76.031785424990616, 11.695426193599667 ], [ 76.030462838702306, 11.695251745742262 ], [ 76.02954538530885, 11.695570584039269 ], [ 76.028109679319002, 11.696907976587418 ], [ 76.027503888781723, 11.698543891567915 ], [ 76.026432982596461, 11.699340501374618 ], [ 76.025315882364822, 11.699309444432638 ], [ 76.02488428348272, 11.697300369776993 ], [ 76.024318975178147, 11.69508099589674 ], [ 76.022906321644925, 11.693913859113138 ], [ 76.020922181761492, 11.693419887110638 ], [ 76.019641977451741, 11.693815473867534 ], [ 76.01887280489332, 11.694699633395489 ], [ 76.018891815074966, 11.695562625744934 ], [ 76.019550565158312, 11.697004037836576 ], [ 76.02028071610269, 11.699008049799096 ], [ 76.021052139866583, 11.701099467491106 ], [ 76.02076511065475, 11.70195395836739 ], [ 76.020028018229894, 11.701717816924113 ], [ 76.018337699709932, 11.701153255077406 ], [ 76.015299019154455, 11.698783019947525 ], [ 76.013749816566005, 11.697877351278434 ], [ 76.012123498044744, 11.698133855587471 ], [ 76.011520472120907, 11.699324494640397 ], [ 76.012111928787448, 11.70158344104591 ], [ 76.013180220547355, 11.702475724400722 ], [ 76.014462191906802, 11.703546457155207 ], [ 76.015393164877182, 11.704650521734262 ], [ 76.015808132358273, 11.705438331059653 ], [ 76.015646048290549, 11.706511933745375 ], [ 76.015137886539748, 11.707446515976649 ], [ 76.014970847892045, 11.708692486902665 ], [ 76.015734381914172, 11.709533149412636 ], [ 76.017272143059685, 11.709317250769262 ], [ 76.018781002225538, 11.708583029273836 ], [ 76.01942402312018, 11.707522808236158 ], [ 76.02050426478533, 11.706474763711057 ], [ 76.022264304426017, 11.706135625688894 ], [ 76.023558719181437, 11.706775386853957 ], [ 76.023695355730567, 11.708116059268143 ], [ 76.022565227667599, 11.709378374017763 ], [ 76.022047224314079, 11.710657719423283 ], [ 76.02244249487488, 11.712134986745072 ], [ 76.022544558982801, 11.714682251199941 ], [ 76.022498881650733, 11.71627664741521 ], [ 76.023747195626314, 11.717001394954687 ], [ 76.025000462162495, 11.717553765453243 ], [ 76.028397587108259, 11.718122580261946 ], [ 76.030391777088013, 11.718781740933473 ], [ 76.031279250124342, 11.719884547087334 ], [ 76.031364856411969, 11.721482617899389 ], [ 76.031404269963616, 11.723165668436534 ], [ 76.030968824534568, 11.724619912869906 ], [ 76.029907006709308, 11.72502170099466 ], [ 76.028026653822167, 11.724969469196527 ], [ 76.026082742435634, 11.724826847340768 ], [ 76.026342178291173, 11.725082140556754 ], [ 76.026830381320906, 11.725613820139163 ], [ 76.027252944677358, 11.725745551563366 ], [ 76.02725685655443, 11.726805763969908 ], [ 76.026800464970719, 11.727426739615868 ], [ 76.026805625010113, 11.728832755010982 ], [ 76.025435316088419, 11.729176758052441 ], [ 76.025443018738741, 11.731260810185194 ], [ 76.026471553312575, 11.73153736855909 ], [ 76.027390722965663, 11.73198614174372 ], [ 76.027508754179408, 11.732889911647272 ], [ 76.027675574216033, 11.73379603417739 ], [ 76.027799029468383, 11.734466601369411 ], [ 76.027516825880994, 11.735087025009765 ], [ 76.026550001898727, 11.736609492546027 ], [ 76.026380482961642, 11.737907505106209 ], [ 76.025868938293499, 11.738528685724122 ], [ 76.025480965681609, 11.739063544644837 ], [ 76.02348069896918, 11.739016492629098 ], [ 76.023027130481765, 11.739185367908624 ], [ 76.021892261671752, 11.742458006326885 ], [ 76.020640083431203, 11.74375992087354 ], [ 76.019501754196654, 11.744835424027336 ], [ 76.018877391447504, 11.745963391400309 ], [ 76.017734468878956, 11.745800130104481 ], [ 76.016707648250673, 11.746025367182494 ], [ 76.016249943536408, 11.746311830834342 ], [ 76.016369628893742, 11.747663131981847 ], [ 76.01660065009473, 11.748114380423392 ], [ 76.01844390017942, 11.750540138380577 ], [ 76.019324798867501, 11.751405540824015 ], [ 76.020695324183848, 11.75286980372506 ], [ 76.022797851864212, 11.754467183525273 ], [ 76.022504696096533, 11.754585773958922 ], [ 76.021458864662165, 11.754648329212573 ], [ 76.020820020369669, 11.755568278492213 ], [ 76.020949658895702, 11.756214411458403 ], [ 76.021931167541865, 11.75673458295995 ], [ 76.022456298030676, 11.75730687458479 ], [ 76.022171926713796, 11.758569217119579 ], [ 76.021941071989616, 11.759433508520546 ], [ 76.02235347396406, 11.760521473536169 ], [ 76.022299125432909, 11.761954777818515 ], [ 76.021604892771947, 11.76281629226802 ], [ 76.021312803754554, 11.763219622441987 ], [ 76.021315353109401, 11.763906840300887 ], [ 76.022424195277893, 11.764766295936425 ], [ 76.022950115930684, 11.765564602915978 ], [ 76.023479441097123, 11.766023805811924 ], [ 76.023941533494579, 11.765678603130596 ], [ 76.024287932963475, 11.765044385407069 ], [ 76.025223695585055, 11.766248131403453 ], [ 76.025982592142071, 11.76676079873395 ], [ 76.027671161746667, 11.766813406597704 ], [ 76.028832151156038, 11.766863517806541 ], [ 76.029301795434449, 11.76732293717542 ], [ 76.030288840096148, 11.767491167724208 ], [ 76.031337752297048, 11.767026278607988 ], [ 76.032036634334219, 11.767426104496685 ], [ 76.032386396049773, 11.76771411937097 ], [ 76.032800653157636, 11.769317527162906 ], [ 76.032992816249404, 11.770388287995063 ], [ 76.033348909553922, 11.769916782965138 ], [ 76.033937643913148, 11.769096378487145 ], [ 76.034884070040306, 11.76821589125491 ] ] ] ] } },
{ "type": "Feature", "properties": { "village_code": "627306", "village": "Porunnanore", "village_name": "Porunnanore", "district": "Wayanad", "subdistrict_code": 5635, "households_2011": 4753.0, "population_2011": 22137, "male_population_2011": 10909.0, "female_population_2011": 11228.0 }, "geometry": { "type": "MultiPolygon", "coordinates": [ [ [ [ 76.017769530564678, 11.756926437140045 ], [ 76.018492741461387, 11.755228528378236 ], [ 76.01913404049445, 11.756202701104478 ], [ 76.020013060532264, 11.756945517881798 ], [ 76.021119138174825, 11.757059115335087 ], [ 76.020949658895702, 11.756214411458403 ], [ 76.020820020369669, 11.755568278492213 ], [ 76.021458864662165, 11.754648329212573 ], [ 76.022504696096533, 11.754585773958922 ], [ 76.022797851864212, 11.754467183525273 ], [ 76.020695324183848, 11.75286980372506 ], [ 76.019324798867501, 11.751405540824015 ], [ 76.01844390017942, 11.750540138380577 ], [ 76.01660065009473, 11.748114380423392 ], [ 76.016369628893742, 11.747663131981847 ], [ 76.016249943536408, 11.746311830834342 ], [ 76.016707648250673, 11.746025367182494 ], [ 76.017734468878956, 11.745800130104481 ], [ 76.018877391447504, 11.745963391400309 ], [ 76.019501754196654, 11.744835424027336 ], [ 76.020640083431203, 11.74375992087354 ], [ 76.021892261671752, 11.742458006326885 ], [ 76.023027130481765, 11.739185367908624 ], [ 76.02348069896918, 11.739016492629098 ], [ 76.025480965681609, 11.739063544644837 ], [ 76.025868938293499, 11.738528685724122 ], [ 76.026380482961642, 11.737907505106209 ], [ 76.026550001898727, 11.736609492546027 ], [ 76.027516825880994, 11.735087025009765 ], [ 76.027799029468383, 11.734466601369411 ], [ 76.027675574216033, 11.73379603417739 ], [ 76.027508754179408, 11.732889911647272 ], [ 76.027390722965663, 11.73198614174372 ], [ 76.026471553312575, 11.73153736855909 ], [ 76.025443018738741, 11.731260810185194 ], [ 76.025435316088419, 11.729176758052441 ], [ 76.026805625010113, 11.728832755010982 ], [ 76.026800464970719, 11.727426739615868 ], [ 76.02725685655443, 11.726805763969908 ], [ 76.027252944677358, 11.725745551563366 ], [ 76.026830381320906, 11.725613820139163 ], [ 76.026342178291173, 11.725082140556754 ], [ 76.026082742435634, 11.724826847340768 ], [ 76.025187967101019, 11.724761188741381 ], [ 76.021618245538065, 11.724101234393729 ], [ 76.019128936655761, 11.722393095798814 ], [ 76.018108355981354, 11.722882201007836 ], [ 76.016243325733797, 11.723822171272108 ], [ 76.014430231073234, 11.722952212862197 ], [ 76.013421586387949, 11.72150088825834 ], [ 76.01161225240061, 11.72050162183311 ], [ 76.008919731033885, 11.719779571178076 ], [ 76.006898360162594, 11.720068140030579 ], [ 76.005085373076483, 11.719198074660277 ], [ 76.003666063256418, 11.717761283617213 ], [ 76.003179378671774, 11.715479038538275 ], [ 76.003161704131003, 11.714572892349844 ], [ 76.001939283134092, 11.711433641096203 ], [ 75.99918685717418, 11.709760985061138 ], [ 75.997316661504712, 11.709363628555508 ], [ 75.997387717270172, 11.70841685941703 ], [ 75.996344564236395, 11.708172020633906 ], [ 75.994218483882022, 11.709061215674566 ], [ 75.992245940820254, 11.709178427295001 ], [ 75.990027228515544, 11.708728076660718 ], [ 75.988325598935674, 11.707041571511603 ], [ 75.986269245096082, 11.705517594844649 ], [ 75.985076166189032, 11.704405968241538 ], [ 75.984148028477549, 11.704724895621023 ], [ 75.981435998936931, 11.704691802941818 ], [ 75.978076876375553, 11.704338579002675 ], [ 75.977873827872514, 11.704062477319921 ], [ 75.977655881727983, 11.703766111967447 ], [ 75.977839474928516, 11.702910484801009 ], [ 75.977950847347998, 11.70263837850127 ], [ 75.977959407752223, 11.702351541328246 ], [ 75.976950047006298, 11.700943153910968 ], [ 75.976116848977725, 11.701005948395983 ], [ 75.974587614737359, 11.701706453204732 ], [ 75.973618485911231, 11.702660576845897 ], [ 75.973101305716085, 11.703896625358894 ], [ 75.972812893548308, 11.705067168942801 ], [ 75.972605339609785, 11.705909526341399 ], [ 75.971971970558343, 11.70662480776471 ], [ 75.971144989058459, 11.706472126494104 ], [ 75.969675928085948, 11.705826961672589 ], [ 75.96844050736189, 11.704670872039735 ], [ 75.968125183087693, 11.703852931819588 ], [ 75.967683993814703, 11.703884632250983 ], [ 75.967480925888495, 11.703528227504043 ], [ 75.966457422134908, 11.703350801861175 ], [ 75.966107450179479, 11.702954172395692 ], [ 75.964887079087418, 11.701583957545534 ], [ 75.964364410509816, 11.701644422866861 ], [ 75.964016966055965, 11.701989254507398 ], [ 75.964136825369621, 11.703476149325899 ], [ 75.963847447436322, 11.703359655996284 ], [ 75.962803429321326, 11.702562891632395 ], [ 75.962393794173906, 11.702166464345069 ], [ 75.96181552629956, 11.702055425858308 ], [ 75.961588667657296, 11.702797537322347 ], [ 75.961880635386777, 11.703655594987479 ], [ 75.960952728785941, 11.703256336024966 ], [ 75.960311769198853, 11.702286495275645 ], [ 75.959326745624935, 11.702633317950196 ], [ 75.95903991572321, 11.703262704330806 ], [ 75.959620490165349, 11.704002204833619 ], [ 75.960260030890652, 11.704574254008158 ], [ 75.960262155456576, 11.705202612542729 ], [ 75.960090685807671, 11.706003388922127 ], [ 75.959518393988162, 11.707664487187104 ], [ 75.959059652925191, 11.708977127033828 ], [ 75.959467014173612, 11.710065226629142 ], [ 75.960399186139838, 11.711662527378005 ], [ 75.960228824101819, 11.712802405391413 ], [ 75.960523539219054, 11.713145004856461 ], [ 75.960754675282658, 11.713659618493434 ], [ 75.960871983422265, 11.714418698982366 ], [ 75.960585974097711, 11.71527408283095 ], [ 75.960702794091361, 11.715902096817691 ], [ 75.961346374209299, 11.717617907669357 ], [ 75.962801641659837, 11.719267623984564 ], [ 75.96338321849241, 11.718980888764612 ], [ 75.9638457372738, 11.718753296198752 ], [ 75.964426314220304, 11.719492723222677 ], [ 75.96849635548142, 11.723764793571496 ], [ 75.969776317841706, 11.725130264439272 ], [ 75.970587473314851, 11.72489695842159 ], [ 75.97133741178942, 11.72421182304557 ], [ 75.972035442257379, 11.72443543626259 ], [ 75.972848985649478, 11.724889335651291 ], [ 75.974188137394435, 11.726087310567891 ], [ 75.974703869564024, 11.725344144957448 ], [ 75.975340120136195, 11.72493955788471 ], [ 75.976212502061273, 11.725167157260044 ], [ 75.976848745728745, 11.724762653879102 ], [ 75.977424529377217, 11.724132297215411 ], [ 75.978121182857066, 11.72395814834924 ], [ 75.978411169679475, 11.724241959520826 ], [ 75.978412771295666, 11.724698510510935 ], [ 75.978242339161739, 11.725788664375349 ], [ 75.978823147109452, 11.726586868380934 ], [ 75.98004849234043, 11.728047418175937 ], [ 75.979816334403651, 11.72856361113624 ], [ 75.979003611180033, 11.72833581314738 ], [ 75.978480405632681, 11.728278881322971 ], [ 75.978482616605191, 11.728907200344668 ], [ 75.978142842866546, 11.730110953405498 ], [ 75.977798874515727, 11.731427705607134 ], [ 75.976990448613421, 11.732456729359722 ], [ 75.975369540090355, 11.733321166946912 ], [ 75.974215297046811, 11.733840533136997 ], [ 75.973458991308007, 11.734014884483024 ], [ 75.973580245007255, 11.734584148657069 ], [ 75.974273969048909, 11.734866540885616 ], [ 75.974047049075665, 11.73555454462303 ], [ 75.973351535057589, 11.736072213265974 ], [ 75.972138046816937, 11.736704820453655 ], [ 75.971558898426267, 11.737678770426761 ], [ 75.971683525556614, 11.739219923823621 ], [ 75.972844809546459, 11.740703327270246 ], [ 75.972504141575016, 11.741676528418887 ], [ 75.972040797219563, 11.741678085123617 ], [ 75.9714579431011, 11.741621343346988 ], [ 75.970933640007715, 11.741225264449803 ], [ 75.970470678854284, 11.741339859757066 ], [ 75.969836983686903, 11.74248574872618 ], [ 75.968270843716155, 11.741975675528437 ], [ 75.968443118583963, 11.741405467756042 ], [ 75.96844073810972, 11.740718298178432 ], [ 75.967860900977982, 11.740204912916715 ], [ 75.966699247856951, 11.739923986517715 ], [ 75.965424915393541, 11.74021312982898 ], [ 75.964670829824271, 11.73970482662944 ], [ 75.963683876012055, 11.739536333030754 ], [ 75.963162274110829, 11.739936011304893 ], [ 75.961804476933466, 11.741287740746086 ], [ 75.961111373433383, 11.741172543290336 ], [ 75.961222436552063, 11.740145978420285 ], [ 75.960410101415746, 11.740035617642585 ], [ 75.959832048767353, 11.740037594010484 ], [ 75.958550362684718, 11.738210964286615 ], [ 75.957737615238983, 11.73798312868467 ], [ 75.956350729609596, 11.738905499372164 ], [ 75.956471375373809, 11.740618494767308 ], [ 75.956897338835844, 11.741987437110142 ], [ 75.957463895730214, 11.744198366075784 ], [ 75.957271242297708, 11.745532680490879 ], [ 75.957498969770697, 11.746395373484724 ], [ 75.957725637405943, 11.746923547083737 ], [ 75.958038927936457, 11.74731588044698 ], [ 75.958937543890755, 11.748356720419217 ], [ 75.959978589547291, 11.749232611831646 ], [ 75.961598120170876, 11.750565290672386 ], [ 75.962562665310827, 11.750905650111502 ], [ 75.963523468725185, 11.751463030378146 ], [ 75.964179826111305, 11.75154669166742 ], [ 75.964748868424834, 11.751585487891559 ], [ 75.965098266173555, 11.751801298425631 ], [ 75.965581139529746, 11.752143195228959 ], [ 75.966495348200823, 11.752483735273053 ], [ 75.967110569422644, 11.752612770441013 ], [ 75.968986143501112, 11.752389351530631 ], [ 75.96929494124673, 11.752777119602754 ], [ 75.97038847819114, 11.753248078840423 ], [ 75.970909669688695, 11.75273098090822 ], [ 75.971036778076723, 11.752341699250875 ], [ 75.970815223982243, 11.750660718058 ], [ 75.971420917590635, 11.749370207321499 ], [ 75.97319499849614, 11.749004742802176 ], [ 75.973283350876343, 11.74949197069343 ], [ 75.974042001505154, 11.749790805023986 ], [ 75.974657821360765, 11.75009157994837 ], [ 75.975701786292277, 11.750503907039617 ], [ 75.97675894452297, 11.751326688981424 ], [ 75.977454686238772, 11.750945464095675 ], [ 75.977903850786007, 11.750328443015498 ], [ 75.978207239048928, 11.7504991735697 ], [ 75.978368721962795, 11.751245235460258 ], [ 75.979286926812904, 11.751413860419499 ], [ 75.979854206987994, 11.750982469380485 ], [ 75.979722900404965, 11.750164638458223 ], [ 75.978889513222299, 11.749299463717144 ], [ 75.978596393874668, 11.748161268555284 ], [ 75.979116411744783, 11.7473005159195 ], [ 75.980215019432052, 11.74660956643087 ], [ 75.981139907200642, 11.746090986562525 ], [ 75.982645832839424, 11.746429370698522 ], [ 75.98282199117503, 11.746944175923208 ], [ 75.982826281119856, 11.748146677579053 ], [ 75.982775231682155, 11.749290708896369 ], [ 75.98282067366884, 11.750456851270327 ], [ 75.983302050086394, 11.750369340585033 ], [ 75.983559430224446, 11.749202056315992 ], [ 75.984117599293569, 11.74878419542136 ], [ 75.984699163178121, 11.748465765652103 ], [ 75.984987068466026, 11.748152799468409 ], [ 75.984810897909071, 11.747638086653543 ], [ 75.984084432359438, 11.747183963893235 ], [ 75.983675742467568, 11.747067842252104 ], [ 75.983559757761768, 11.746697525450088 ], [ 75.983906776936948, 11.746239730203792 ], [ 75.984107296333221, 11.745868297493583 ], [ 75.984629248251196, 11.74558166534595 ], [ 75.985120200836249, 11.745607088510678 ], [ 75.985530027788556, 11.746035174958479 ], [ 75.985880871517068, 11.746635255513011 ], [ 75.986606894351127, 11.746971812348416 ], [ 75.987098299212889, 11.747114786603557 ], [ 75.987706528488744, 11.746570133001608 ], [ 75.988053310779705, 11.746053593451938 ], [ 75.988428888245664, 11.745880471367787 ], [ 75.989617660409209, 11.74602108064636 ], [ 75.989967319893935, 11.746304666501935 ], [ 75.990138837618574, 11.746819420850997 ], [ 75.989912244404152, 11.747593271499404 ], [ 75.98947936076928, 11.748422139863358 ], [ 75.989541898881868, 11.749226566834684 ], [ 75.989631082138203, 11.749786918372354 ], [ 75.989156992749074, 11.750647467649239 ], [ 75.988724703786659, 11.751639006488219 ], [ 75.988112525316353, 11.752373544256574 ], [ 75.988376035780462, 11.752933200542214 ], [ 75.9888173049995, 11.753148732007753 ], [ 75.989379046290225, 11.752455085654574 ], [ 75.989857563264621, 11.75154918466388 ], [ 75.992340058451873, 11.7491310207627 ], [ 75.992861816550516, 11.748781112694125 ], [ 75.993124712966775, 11.749168979319689 ], [ 75.99330009200439, 11.749471221420793 ], [ 75.993650510180188, 11.749944713613498 ], [ 75.994301638728885, 11.750159325576835 ], [ 75.994939065550795, 11.750191860273461 ], [ 75.995618726390376, 11.749978563521497 ], [ 75.996487560835021, 11.749202476586401 ], [ 75.997430806610339, 11.748683761627641 ], [ 75.998224682604246, 11.748735209957298 ], [ 75.999014735611695, 11.74900828213498 ], [ 76.000400925526336, 11.749941522562642 ], [ 76.001906961393161, 11.750776304377505 ], [ 76.002999547608709, 11.751381898709919 ], [ 76.004691354114243, 11.752352476842486 ], [ 76.007603986459955, 11.753431732369037 ], [ 76.008422405650336, 11.753948752838525 ], [ 76.009353929696246, 11.753999654608657 ], [ 76.01016453461915, 11.753594505014892 ], [ 76.010919605019467, 11.753076394266186 ], [ 76.011676378587168, 11.753014965043864 ], [ 76.012490860683499, 11.752442483717211 ], [ 76.013127955033653, 11.752263865801899 ], [ 76.014122670421585, 11.753295628900403 ], [ 76.014298068321636, 11.753579806115953 ], [ 76.014477250827099, 11.754899244020937 ], [ 76.013549298990085, 11.755820306330172 ], [ 76.013203523816642, 11.756626255545584 ], [ 76.013843764555858, 11.75731112325335 ], [ 76.014833013963042, 11.756851020768563 ], [ 76.015764139416518, 11.756788925293295 ], [ 76.016754895328077, 11.757992427427464 ], [ 76.017980890642505, 11.758272852249133 ], [ 76.018617158185307, 11.757868296889267 ], [ 76.017769530564678, 11.756926437140045 ] ] ] ] } },
{ "type": "Feature", "properties": { "village_code": "627307", "village": "Vellamunda", "village_name": "Vellamunda", "district": "Wayanad", "subdistrict_code": 5635, "households_2011": 3946.0, "population_2011": 18069, "male_population_2011": 8888.0, "female_population_2011": 9181.0 }, "geometry": { "type": "MultiPolygon", "coordinates": [ [ [ [ 75.956897338835844, 11.741987437110142 ], [ 75.956471375373809, 11.740618494767308 ], [ 75.956350729609596, 11.738905499372164 ], [ 75.957737615238983, 11.73798312868467 ], [ 75.958550362684718, 11.738210964286615 ], [ 75.959832048767353, 11.740037594010484 ], [ 75.960410101415746, 11.740035617642585 ], [ 75.961222436552063, 11.740145978420285 ], [ 75.961111373433383, 11.741172543290336 ], [ 75.961804476933466, 11.741287740746086 ], [ 75.963162274110829, 11.739936011304893 ], [ 75.963683876012055, 11.739536333030754 ], [ 75.964670829824271, 11.73970482662944 ], [ 75.965424915393541, 11.74021312982898 ], [ 75.966699247856951, 11.739923986517715 ], [ 75.967860900977982, 11.740204912916715 ], [ 75.96844073810972, 11.740718298178432 ], [ 75.968443118583963, 11.741405467756042 ], [ 75.968270843716155, 11.741975675528437 ], [ 75.969836983686903, 11.74248574872618 ], [ 75.970470678854284, 11.741339859757066 ], [ 75.970933640007715, 11.741225264449803 ], [ 75.9714579431011, 11.741621343346988 ], [ 75.972040797219563, 11.741678085123617 ], [ 75.972504141575016, 11.741676528418887 ], [ 75.972844809546459, 11.740703327270246 ], [ 75.971683525556614, 11.739219923823621 ], [ 75.971558898426267, 11.737678770426761 ], [ 75.972138046816937, 11.736704820453655 ], [ 75.973351535057589, 11.736072213265974 ], [ 75.974047049075665, 11.73555454462303 ], [ 75.974273969048909, 11.734866540885616 ], [ 75.973580245007255, 11.734584148657069 ], [ 75.973458991308007, 11.734014884483024 ], [ 75.974215297046811, 11.733840533136997 ], [ 75.975369540090355, 11.733321166946912 ], [ 75.976990448613421, 11.732456729359722 ], [ 75.977798874515727, 11.731427705607134 ], [ 75.978142842866546, 11.730110953405498 ], [ 75.978482616605191, 11.728907200344668 ], [ 75.978480405632681, 11.728278881322971 ], [ 75.979003611180033, 11.72833581314738 ], [ 75.979816334403651, 11.72856361113624 ], [ 75.98004849234043, 11.728047418175937 ], [ 75.978823147109452, 11.726586868380934 ], [ 75.978242339161739, 11.725788664375349 ], [ 75.978412771295666, 11.724698510510935 ], [ 75.978411169679475, 11.724241959520826 ], [ 75.978121182857066, 11.72395814834924 ], [ 75.977424529377217, 11.724132297215411 ], [ 75.976848745728745, 11.724762653879102 ], [ 75.976212502061273, 11.725167157260044 ], [ 75.975340120136195, 11.72493955788471 ], [ 75.974703869564024, 11.725344144957448 ], [ 75.974188137394435, 11.726087310567891 ], [ 75.972848985649478, 11.724889335651291 ], [ 75.972035442257379, 11.72443543626259 ], [ 75.97133741178942, 11.72421182304557 ], [ 75.970587473314851, 11.72489695842159 ], [ 75.969776317841706, 11.725130264439272 ], [ 75.96849635548142, 11.723764793571496 ], [ 75.964426314220304, 11.719492723222677 ], [ 75.9638457372738, 11.718753296198752 ], [ 75.96338321849241, 11.718980888764612 ], [ 75.962801641659837, 11.719267623984564 ], [ 75.961346374209299, 11.717617907669357 ], [ 75.960702794091361, 11.715902096817691 ], [ 75.960585974097711, 11.71527408283095 ], [ 75.960871983422265, 11.714418698982366 ], [ 75.960754675282658, 11.713659618493434 ], [ 75.960523539219054, 11.713145004856461 ], [ 75.960228824101819, 11.712802405391413 ], [ 75.960399186139838, 11.711662527378005 ], [ 75.959467014173612, 11.710065226629142 ], [ 75.959059652925191, 11.708977127033828 ], [ 75.959518393988162, 11.707664487187104 ], [ 75.960090685807671, 11.706003388922127 ], [ 75.960262155456576, 11.705202612542729 ], [ 75.960260030890652, 11.704574254008158 ], [ 75.959620490165349, 11.704002204833619 ], [ 75.95903991572321, 11.703262704330806 ], [ 75.959326745624935, 11.702633317950196 ], [ 75.960311769198853, 11.702286495275645 ], [ 75.960952728785941, 11.703256336024966 ], [ 75.961880635386777, 11.703655594987479 ], [ 75.961588667657296, 11.702797537322347 ], [ 75.96181552629956, 11.702055425858308 ], [ 75.962393794173906, 11.702166464345069 ], [ 75.962803429321326, 11.702562891632395 ], [ 75.963847447436322, 11.703359655996284 ], [ 75.964136825369621, 11.703476149325899 ], [ 75.964016966055965, 11.701989254507398 ], [ 75.964364410509816, 11.701644422866861 ], [ 75.964887079087418, 11.701583957545534 ], [ 75.966107450179479, 11.702954172395692 ], [ 75.966457422134908, 11.703350801861175 ], [ 75.967480925888495, 11.703528227504043 ], [ 75.967683993814703, 11.703884632250983 ], [ 75.968125183087693, 11.703852931819588 ], [ 75.967667354892512, 11.702665319977083 ], [ 75.966448222606417, 11.701604360776889 ], [ 75.966373029583735, 11.700172878854755 ], [ 75.966368127310218, 11.698776013998037 ], [ 75.965790660759836, 11.697588928156 ], [ 75.965012595751389, 11.697367082626794 ], [ 75.964170222292594, 11.695019908791025 ], [ 75.963835008166612, 11.694556567036004 ], [ 75.961940832920192, 11.691938314315458 ], [ 75.960452069905131, 11.690473191656629 ], [ 75.958060144816244, 11.689974343362566 ], [ 75.956343872262252, 11.690313905841361 ], [ 75.954401246556387, 11.692415089683116 ], [ 75.952890966731715, 11.693191676859904 ], [ 75.951826114857781, 11.694006529298347 ], [ 75.950608550120435, 11.694938221415565 ], [ 75.949885956070489, 11.69550044965535 ], [ 75.949450075738483, 11.69564522448187 ], [ 75.948400279076765, 11.69580695031593 ], [ 75.947670435131329, 11.695651149585284 ], [ 75.947339463595299, 11.69562206519918 ], [ 75.946988791609641, 11.695591250680483 ], [ 75.945885571776714, 11.695494292900191 ], [ 75.943816631490037, 11.695419722622731 ], [ 75.943084371913272, 11.694545095056167 ], [ 75.941340393203973, 11.694270557881099 ], [ 75.940792152209056, 11.6935534786793 ], [ 75.939491347644307, 11.692757573427235 ], [ 75.938195865018713, 11.692165004821998 ], [ 75.937182508212302, 11.692245157238567 ], [ 75.936595209210239, 11.692212373990584 ], [ 75.935696250264428, 11.691668830332254 ], [ 75.93317184430984, 11.689936353229296 ], [ 75.93222201860506, 11.689284478093143 ], [ 75.930151388739745, 11.688276829780337 ], [ 75.928286736910437, 11.687706251377692 ], [ 75.926367054489859, 11.687856736908712 ], [ 75.923820750031865, 11.689652003560905 ], [ 75.921911878640302, 11.690860861427772 ], [ 75.92143004021834, 11.691165995756315 ], [ 75.917855174848299, 11.690252564633488 ], [ 75.91517266668869, 11.689720118422484 ], [ 75.912712372573083, 11.69107644083646 ], [ 75.91052222885196, 11.691788631249695 ], [ 75.909047567468036, 11.692498539324689 ], [ 75.908618379631321, 11.69311029340211 ], [ 75.907477498474648, 11.693489088256175 ], [ 75.906143382580936, 11.69368321736912 ], [ 75.904287766833193, 11.694344653220183 ], [ 75.902435492611303, 11.695996119444544 ], [ 75.900389899371987, 11.697483150829354 ], [ 75.900065181087214, 11.698422770103829 ], [ 75.900193895669133, 11.700695792786959 ], [ 75.901237267259177, 11.701375209505713 ], [ 75.901817485229159, 11.702060549611236 ], [ 75.901819015883717, 11.702517161865901 ], [ 75.901480484127504, 11.704231720118427 ], [ 75.902174236717386, 11.704568557314087 ], [ 75.902061456082407, 11.705143117560544 ], [ 75.90102425605717, 11.706398673929431 ], [ 75.901257293221491, 11.707541742979291 ], [ 75.899988844709824, 11.708228384421458 ], [ 75.898832063148319, 11.709375880302082 ], [ 75.899069293277137, 11.710401377635444 ], [ 75.900924302945128, 11.710965192081709 ], [ 75.903476524313305, 11.712901126169889 ], [ 75.903600815915112, 11.715866549877791 ], [ 75.90418175977203, 11.716777886124415 ], [ 75.905223871234895, 11.717005186438492 ], [ 75.906962419202074, 11.716999685267901 ], [ 75.908470766831641, 11.718134193473272 ], [ 75.908820575723524, 11.719914385060873 ], [ 75.908597215624326, 11.721741504383713 ], [ 75.908137608412247, 11.722882294001403 ], [ 75.909184496720698, 11.724592354655812 ], [ 75.908958538835179, 11.725619334217312 ], [ 75.906997620870641, 11.727795630170396 ], [ 75.906999497233258, 11.728365315337458 ], [ 75.907937316324009, 11.731789149600937 ], [ 75.909216327833363, 11.734294298101499 ], [ 75.91175827957214, 11.73723153553685 ], [ 75.912328368102351, 11.737611771348714 ], [ 75.912608422468281, 11.737665152253568 ], [ 75.912851977495635, 11.73779542830162 ], [ 75.913114119983405, 11.737979997918915 ], [ 75.91341313482971, 11.738236703330969 ], [ 75.913674727804448, 11.738272053623174 ], [ 75.914051222607938, 11.73836125000887 ], [ 75.914349887984301, 11.738491429361879 ], [ 75.914952167565843, 11.738891836898937 ], [ 75.915475820204222, 11.739111657711671 ], [ 75.91626103142579, 11.739330741709473 ], [ 75.917082959715358, 11.739549605583862 ], [ 75.917721042349882, 11.739660560047632 ], [ 75.91824495376828, 11.739952722848907 ], [ 75.918584679201103, 11.740024033305039 ], [ 75.919071465672118, 11.740171617161254 ], [ 75.91940636129938, 11.740170533601422 ], [ 75.920117568176195, 11.740204453289032 ], [ 75.920938188534464, 11.740016424912477 ], [ 75.921744685342986, 11.739726454149617 ], [ 75.922072371412696, 11.73971889929361 ], [ 75.922343567929957, 11.739714772037191 ], [ 75.922923466456723, 11.739680026944315 ], [ 75.923816301616725, 11.739161724317752 ], [ 75.924677218279115, 11.738679667412077 ], [ 75.92519942318134, 11.738456498905389 ], [ 75.925460982022116, 11.738455655103872 ], [ 75.925984044031935, 11.738490137765824 ], [ 75.926360698995907, 11.738638075002621 ], [ 75.926622552744504, 11.738745754694802 ], [ 75.927105063837814, 11.738981498940037 ], [ 75.928916214485866, 11.740053863459799 ], [ 75.931810129663134, 11.739813936103213 ], [ 75.932389724621771, 11.740268651336756 ], [ 75.934591084679283, 11.741405180240891 ], [ 75.938393070594273, 11.741076285923377 ], [ 75.938792064609657, 11.741043330440313 ], [ 75.939485750198173, 11.741325896090038 ], [ 75.940936842881854, 11.741718909756985 ], [ 75.941574911601762, 11.741834357913348 ], [ 75.94198181408396, 11.74143068572366 ], [ 75.943007498632767, 11.740853156968328 ], [ 75.943872848870498, 11.74033945043734 ], [ 75.944931743170358, 11.740109875523743 ], [ 75.94562795115182, 11.741133801282496 ], [ 75.946675158363391, 11.74147389612153 ], [ 75.948120419735076, 11.741527945530802 ], [ 75.948818862135226, 11.741864634968055 ], [ 75.950559133257471, 11.742315448910503 ], [ 75.951835906730992, 11.742713608882442 ], [ 75.952068944461573, 11.743797824088814 ], [ 75.952247992873708, 11.745167101049743 ], [ 75.956897338835844, 11.741987437110142 ] ] ] ] } },
{ "type": "Feature", "properties": { "village_code": "627315", "village": "Purakkadi", "village_name": "Purakkadi ", "district": "Wayanad", "subdistrict_code": 5636, "households_2011": 5102.0, "population_2011": 21022, "male_population_2011": 10388.0, "female_population_2011": 10634.0 }, "geometry": { "type": "MultiPolygon", "coordinates": [ [ [ [ 76.17508406132734, 11.707358472710531 ], [ 76.178269806155171, 11.706884309323996 ], [ 76.182849572547354, 11.705229001402836 ], [ 76.186762591202282, 11.704295158889929 ], [ 76.189039598619985, 11.703693521241503 ], [ 76.192293771322568, 11.703128432672797 ], [ 76.190740279990194, 11.700781975122309 ], [ 76.190832483965437, 11.700349809953083 ], [ 76.191418098942307, 11.697856540793202 ], [ 76.191543218860886, 11.696020667826932 ], [ 76.190276939902191, 11.694846050957089 ], [ 76.189609947188359, 11.694392217298999 ], [ 76.188684767885974, 11.695770328198281 ], [ 76.188086781152549, 11.695379564863039 ], [ 76.18854473507254, 11.694134471396453 ], [ 76.187543652844951, 11.692764350842971 ], [ 76.184948128347983, 11.691789626823843 ], [ 76.183753667719415, 11.691337925132704 ], [ 76.181881351703353, 11.688922616303843 ], [ 76.18134346506713, 11.687546083817951 ], [ 76.180737575605036, 11.685265623844606 ], [ 76.180594847135637, 11.682969779593973 ], [ 76.180120422174369, 11.681403055978654 ], [ 76.18044968430867, 11.680090763331648 ], [ 76.180641586201389, 11.678842261354628 ], [ 76.180041196040477, 11.677863791130932 ], [ 76.179373988938067, 11.677342110916005 ], [ 76.17790935619189, 11.676954850837893 ], [ 76.1775733844039, 11.675581959300382 ], [ 76.175713905289925, 11.676177201224302 ], [ 76.174848060840446, 11.675330942832057 ], [ 76.172377765727063, 11.672456846056914 ], [ 76.171189714655696, 11.67130895347848 ], [ 76.171850925142621, 11.669308075956614 ], [ 76.172108103512173, 11.668312529283634 ], [ 76.17241067708315, 11.667190146648082 ], [ 76.173842230882755, 11.664078630558809 ], [ 76.17423033725305, 11.662567180604977 ], [ 76.174440950762474, 11.661404481354797 ], [ 76.174962903573999, 11.660104935335591 ], [ 76.175173505697927, 11.658942333507143 ], [ 76.174775881827898, 11.658166371430054 ], [ 76.174165004764433, 11.657951903073302 ], [ 76.172896927851113, 11.658476954411125 ], [ 76.172149090185897, 11.657313678658038 ], [ 76.172622663282283, 11.655413107398509 ], [ 76.173444186274835, 11.653370911747842 ], [ 76.173919369909925, 11.651859057168251 ], [ 76.174355423567803, 11.650867274749006 ], [ 76.175309985846539, 11.649954747766653 ], [ 76.176182829576021, 11.649218842922993 ], [ 76.177241078076804, 11.647871925757249 ], [ 76.177450722101355, 11.647563640896026 ], [ 76.177314277806261, 11.646741406276229 ], [ 76.17713713704471, 11.646055058203297 ], [ 76.176826794454385, 11.64531942831689 ], [ 76.175899462380258, 11.642909221792966 ], [ 76.176850996208046, 11.642602781345705 ], [ 76.177122242577568, 11.642515425274336 ], [ 76.177763899859514, 11.642421037766912 ], [ 76.178038770331568, 11.642380605973321 ], [ 76.178255259580212, 11.641520755315568 ], [ 76.177463953266553, 11.640918264475498 ], [ 76.176853747796088, 11.640834855215816 ], [ 76.175756012176393, 11.640405309761892 ], [ 76.174748112119772, 11.639550576004854 ], [ 76.174088587815888, 11.638644568219954 ], [ 76.174172242157823, 11.637825992805011 ], [ 76.17469849569504, 11.637566144563783 ], [ 76.174429819280604, 11.63691631539235 ], [ 76.174080237436328, 11.636660076298616 ], [ 76.173511310598471, 11.636576495442915 ], [ 76.172768399723097, 11.63657950649397 ], [ 76.171936698395697, 11.636153454582958 ], [ 76.171012066034621, 11.635465491644876 ], [ 76.170440389938477, 11.634735498146188 ], [ 76.169870004207922, 11.634303813499082 ], [ 76.169348544531417, 11.634608853303549 ], [ 76.168783157808051, 11.635388717315044 ], [ 76.168388789268334, 11.635390316528103 ], [ 76.167863865791219, 11.634872557402195 ], [ 76.167816040066626, 11.634398071787819 ], [ 76.168161297550725, 11.633623676987138 ], [ 76.167770263734397, 11.633322307076879 ], [ 76.166530069509506, 11.632740841526628 ], [ 76.166823448785621, 11.631689675411613 ], [ 76.167197907641182, 11.631322005592439 ], [ 76.167214833174285, 11.630973871139588 ], [ 76.16719477856681, 11.630567039443257 ], [ 76.167253275905693, 11.630300090695984 ], [ 76.167274988996823, 11.629997170942552 ], [ 76.167025746921325, 11.629609350211588 ], [ 76.166647310727853, 11.629180449002188 ], [ 76.16654082150697, 11.629434099675304 ], [ 76.165561824454215, 11.631994581080436 ], [ 76.164110322932558, 11.634608729504061 ], [ 76.163075985874428, 11.636073816510837 ], [ 76.161021297336291, 11.638041180289191 ], [ 76.1597380258209, 11.639432775058859 ], [ 76.158713598404688, 11.64119613193041 ], [ 76.1583141555016, 11.643473770452726 ], [ 76.157987135392446, 11.646781497568687 ], [ 76.157398170834611, 11.647395804382601 ], [ 76.155931403364889, 11.648119167296079 ], [ 76.154323713669399, 11.649070887337686 ], [ 76.153835516489266, 11.650195350400454 ], [ 76.153567196301438, 11.650874648797757 ], [ 76.152676521889106, 11.651447660595933 ], [ 76.151463180278938, 11.651611107780804 ], [ 76.14990158621687, 11.650809112531228 ], [ 76.145717776540423, 11.64880589831203 ], [ 76.143751654391409, 11.64812271685639 ], [ 76.14169897561942, 11.648133649254149 ], [ 76.139947539966528, 11.64808851216933 ], [ 76.138979163712364, 11.649059023125492 ], [ 76.138455287521751, 11.649836996267332 ], [ 76.137644221706424, 11.651174882445194 ], [ 76.136347686513716, 11.653030309633852 ], [ 76.135531048166044, 11.654567049023431 ], [ 76.134715312505961, 11.656070651447175 ], [ 76.134576037631874, 11.658404153664772 ], [ 76.13628435188572, 11.661353448665215 ], [ 76.137811191451135, 11.663318419587609 ], [ 76.138759085650747, 11.665533091166699 ], [ 76.138511257271006, 11.667184785386633 ], [ 76.138143188892101, 11.669529771831449 ], [ 76.138326029233198, 11.671425303897291 ], [ 76.138544344452853, 11.673255468979827 ], [ 76.138408441009688, 11.674512207053182 ], [ 76.137543522732926, 11.67528219485853 ], [ 76.135598797572939, 11.675354037049793 ], [ 76.133273199329167, 11.675235771242029 ], [ 76.132237621845007, 11.676169653026308 ], [ 76.132542875209396, 11.676697032768732 ], [ 76.132860108788279, 11.677058952424952 ], [ 76.133863605086702, 11.678203787079946 ], [ 76.134313576414257, 11.680172947880559 ], [ 76.134135693437145, 11.681727104894726 ], [ 76.134775045895395, 11.682938505102024 ], [ 76.135698623178854, 11.684820991328206 ], [ 76.13810424962243, 11.685449895778625 ], [ 76.139652717374176, 11.686298207784137 ], [ 76.139290473742278, 11.687571660167631 ], [ 76.139677444219103, 11.688179176844329 ], [ 76.141991942820994, 11.689667994504003 ], [ 76.142355477020061, 11.691248167098868 ], [ 76.142533456176736, 11.69216061548372 ], [ 76.143399999493894, 11.693206003003828 ], [ 76.144733039701734, 11.693919452961817 ], [ 76.145003366738592, 11.694967153569269 ], [ 76.142612378806064, 11.694619553134709 ], [ 76.143143592653701, 11.695535139511376 ], [ 76.144078673839317, 11.696512397334184 ], [ 76.146807908302591, 11.697681425819814 ], [ 76.148140179590698, 11.698200474640457 ], [ 76.149610109072029, 11.699831018988736 ], [ 76.15067389498094, 11.700875568766868 ], [ 76.152478607364529, 11.703616881041393 ], [ 76.153118639963196, 11.70531860549189 ], [ 76.155183230730728, 11.706557916980039 ], [ 76.157446690540681, 11.708185323622432 ], [ 76.157913507811273, 11.70792115973528 ], [ 76.158774393372454, 11.707587673462903 ], [ 76.160164962820886, 11.706668907366954 ], [ 76.161425796656744, 11.706532667995385 ], [ 76.163663610786926, 11.7072899397103 ], [ 76.164115549266683, 11.707794761104415 ], [ 76.164556683327405, 11.70828751023131 ], [ 76.165228099941487, 11.70979018064728 ], [ 76.165232766777535, 11.710906803933595 ], [ 76.16556761903388, 11.712017495612809 ], [ 76.166514234320772, 11.712815333047553 ], [ 76.16971901874993, 11.710983421927651 ], [ 76.172701256950717, 11.709004740974887 ], [ 76.17508406132734, 11.707358472710531 ] ] ] ] } },
{ "type": "Feature", "properties": { "village_code": "627324", "village": "Padinharethara", "village_name": "Padinharethara", "district": "Wayanad", "subdistrict_code": 5637, "households_2011": 3645.0, "population_2011": 16146, "male_population_2011": 7796.0, "female_population_2011": 8350.0 }, "geometry": { "type": "MultiPolygon", "coordinates": [ [ [ [ 75.976116848977725, 11.701005948395983 ], [ 75.976950047006298, 11.700943153910968 ], [ 75.977959407752223, 11.702351541328246 ], [ 75.977950847347998, 11.70263837850127 ], [ 75.978416248398545, 11.702211637821144 ], [ 75.978621397444172, 11.701849328613427 ], [ 75.978495255103155, 11.701212263064253 ], [ 75.978185151909571, 11.700757230198246 ], [ 75.97825258781323, 11.700010557537828 ], [ 75.978484122268952, 11.699340715657442 ], [ 75.979139932586079, 11.699302253487936 ], [ 75.979295059967271, 11.69907121489442 ], [ 75.979508892767896, 11.698573142851078 ], [ 75.979143956026221, 11.69783295193427 ], [ 75.979206422143022, 11.696042505964327 ], [ 75.97996196158266, 11.69566916840553 ], [ 75.980540008990545, 11.695698862292708 ], [ 75.981030396385535, 11.695579618991241 ], [ 75.981300882317342, 11.695542578726426 ], [ 75.981883415318563, 11.695540557778505 ], [ 75.982079811177954, 11.695309325065443 ], [ 75.982467754521252, 11.695425527581113 ], [ 75.982932970268877, 11.69530642716315 ], [ 75.983503852618512, 11.695270564555475 ], [ 75.983946278526318, 11.695198984044367 ], [ 75.984142425401032, 11.69489080759721 ], [ 75.984829143661074, 11.694535897396255 ], [ 75.985182324028727, 11.694534633826445 ], [ 75.985470998161858, 11.694436450845421 ], [ 75.985915664136229, 11.694364836384434 ], [ 75.986772402751299, 11.694090631202824 ], [ 75.986620157665925, 11.693837971459267 ], [ 75.986851864784597, 11.693226850561119 ], [ 75.986807124289953, 11.692232417598465 ], [ 75.9872305300851, 11.69134943870694 ], [ 75.987728828624171, 11.689584523819677 ], [ 75.988149839024715, 11.688014335219625 ], [ 75.98826690011866, 11.687399106686353 ], [ 75.988649061713062, 11.686520752739488 ], [ 75.988843245531626, 11.685674735684414 ], [ 75.988452250687132, 11.685332409932615 ], [ 75.988180153274541, 11.684912975054635 ], [ 75.98817916588574, 11.684646262057216 ], [ 75.988562848477514, 11.684183816162006 ], [ 75.988716955680019, 11.683685976568581 ], [ 75.988600700698115, 11.683225192524125 ], [ 75.98836490847718, 11.682692602128128 ], [ 75.988170592083691, 11.682232064885637 ], [ 75.9881678704173, 11.681468104731875 ], [ 75.988472586927941, 11.680739201222899 ], [ 75.988860831597592, 11.680276708049306 ], [ 75.989129690529566, 11.679778486565889 ], [ 75.989475920481851, 11.679126326832757 ], [ 75.989708675633935, 11.678781855546035 ], [ 75.989977383836987, 11.678247465936368 ], [ 75.99019287943284, 11.677908823657503 ], [ 75.990170954584798, 11.677216034500431 ], [ 75.990246977960965, 11.676677867838389 ], [ 75.990167271286907, 11.676180783824071 ], [ 75.990011045027657, 11.674807035686392 ], [ 75.989964603024816, 11.673351419043984 ], [ 75.990231504269062, 11.6723152084746 ], [ 75.990385290504776, 11.671704377606366 ], [ 75.990461312661509, 11.671166130344462 ], [ 75.990537385990365, 11.670632396456512 ], [ 75.99080526656806, 11.669862982739902 ], [ 75.991000063698067, 11.6691751193028 ], [ 75.991346261974599, 11.668522888592232 ], [ 75.991885053236302, 11.667829345490112 ], [ 75.992350069699143, 11.667063751577063 ], [ 75.993044227823361, 11.666220444542912 ], [ 75.994012814676523, 11.665181826797483 ], [ 75.994317667022713, 11.664493541683713 ], [ 75.994692587231924, 11.664157752797045 ], [ 75.993177298625895, 11.663647600317725 ], [ 75.991479214187464, 11.66332791035058 ], [ 75.990534319154222, 11.663285985027363 ], [ 75.9897776797837, 11.663333835434777 ], [ 75.988970994230655, 11.663476770109645 ], [ 75.988595086564587, 11.663523217034857 ], [ 75.988214655523436, 11.663574311952434 ], [ 75.987934326062273, 11.663435047232753 ], [ 75.988022762866933, 11.662498929205132 ], [ 75.985928266474033, 11.659011470263774 ], [ 75.987107217383979, 11.65779135083382 ], [ 75.986669671057172, 11.654668892022833 ], [ 75.985296174250863, 11.654018096384265 ], [ 75.983496787196657, 11.653558581653064 ], [ 75.980848108894463, 11.652866944501239 ], [ 75.976251762169909, 11.651250489958302 ], [ 75.973220876287527, 11.650094363655993 ], [ 75.971337974131075, 11.651967847222418 ], [ 75.970395444719415, 11.651927501446288 ], [ 75.97101094557874, 11.652900265591123 ], [ 75.971012733481558, 11.653415684152327 ], [ 75.970589804430816, 11.654443333826974 ], [ 75.970259753437119, 11.65448966911117 ], [ 75.969026399687806, 11.654588711392298 ], [ 75.968991426992716, 11.657712790128752 ], [ 75.968812799406251, 11.660421447345287 ], [ 75.966417273076033, 11.661991450719281 ], [ 75.96475525985322, 11.663468599476584 ], [ 75.963717735675928, 11.664498305967573 ], [ 75.962814570645961, 11.663285194895865 ], [ 75.961959958261318, 11.662822407609196 ], [ 75.960541961597087, 11.66259205682563 ], [ 75.959454738543798, 11.662505321183874 ], [ 75.958270968445575, 11.662369133093815 ], [ 75.957941388653481, 11.662555596758391 ], [ 75.95723374786607, 11.663493759618712 ], [ 75.956619233156829, 11.663495764993858 ], [ 75.955954205360499, 11.663498051683336 ], [ 75.955335221343461, 11.663549796041266 ], [ 75.954964592799925, 11.663135111786186 ], [ 75.955112568381807, 11.662827182794711 ], [ 75.954974040314113, 11.662556415101296 ], [ 75.954620338010969, 11.662399318889259 ], [ 75.953504834345097, 11.66207753653303 ], [ 75.953091601121514, 11.661947790014352 ], [ 75.952600170063931, 11.661732408823678 ], [ 75.952369847523016, 11.661452908190986 ], [ 75.952519129301521, 11.660846608863713 ], [ 75.953058580305736, 11.660333968431447 ], [ 75.953642402124387, 11.659770090653916 ], [ 75.952636304574298, 11.658888682687108 ], [ 75.952368573561785, 11.658387725812243 ], [ 75.952018616731706, 11.657986521141082 ], [ 75.951824329457338, 11.657498917594967 ], [ 75.951923056509315, 11.656852058541805 ], [ 75.951999241684291, 11.656331898318779 ], [ 75.951984539769896, 11.656051656477718 ], [ 75.951877961957763, 11.65572200684068 ], [ 75.951029924211824, 11.654490575277309 ], [ 75.950729437274575, 11.653786334348659 ], [ 75.950599580727285, 11.653379827267488 ], [ 75.950387725603562, 11.653109241988448 ], [ 75.950153108337972, 11.652897618958885 ], [ 75.949760346363831, 11.652702209091393 ], [ 75.949432341129196, 11.652682948039226 ], [ 75.948845671165799, 11.652788871074176 ], [ 75.948286407484176, 11.652858506722753 ], [ 75.947744873608158, 11.65275630892225 ], [ 75.947261601897623, 11.65224707762639 ], [ 75.947222810729386, 11.651623297021295 ], [ 75.947400063058183, 11.651138927768661 ], [ 75.947906568303637, 11.650400396457153 ], [ 75.948414378964586, 11.650037041215967 ], [ 75.948725488152391, 11.649796427681492 ], [ 75.948938577515023, 11.649528961330802 ], [ 75.948650789848784, 11.649412410900231 ], [ 75.948266872627713, 11.649124322889469 ], [ 75.947576115238732, 11.648968299771548 ], [ 75.947048443387089, 11.648893188351501 ], [ 75.946649225036708, 11.648817659026925 ], [ 75.946116208295877, 11.648511991936367 ], [ 75.94570684524264, 11.64816978881535 ], [ 75.945332447610753, 11.647974305311878 ], [ 75.944910554647095, 11.647989298689261 ], [ 75.944436550881989, 11.648178474234314 ], [ 75.943955592544299, 11.648342745358926 ], [ 75.943478457506373, 11.648294575177992 ], [ 75.943092078051578, 11.647961315110653 ], [ 75.942989560133569, 11.647477940615108 ], [ 75.943111008883037, 11.646997561220411 ], [ 75.942653842009534, 11.647198692086013 ], [ 75.942182538009817, 11.647530327910719 ], [ 75.941862112009744, 11.647707625004472 ], [ 75.941385580363146, 11.647826743605025 ], [ 75.940890016590899, 11.647742511042612 ], [ 75.940563095048631, 11.647350243255842 ], [ 75.940607094440139, 11.646812056927461 ], [ 75.940843798903998, 11.646259775997319 ], [ 75.941067062910406, 11.645838591782967 ], [ 75.941130077735806, 11.645494827368237 ], [ 75.941110844254681, 11.645232679452869 ], [ 75.940972280797965, 11.644943787612934 ], [ 75.940838485479802, 11.644704628631173 ], [ 75.940663501087315, 11.644488104937279 ], [ 75.940361845142633, 11.64433540723839 ], [ 75.939993786874226, 11.644431569468097 ], [ 75.939595770903054, 11.644722170165453 ], [ 75.939152197343603, 11.645103456073015 ], [ 75.938575570433514, 11.645457960220011 ], [ 75.937980209765385, 11.645708504022924 ], [ 75.937558382653222, 11.645737003617054 ], [ 75.937145625438745, 11.645733836789773 ], [ 75.936766831838582, 11.645601689717511 ], [ 75.936350724176791, 11.645275322792608 ], [ 75.935876629758383, 11.644770472776276 ], [ 75.935438864711998, 11.644143474335426 ], [ 75.934996067663093, 11.643385400515541 ], [ 75.934594575879885, 11.64262263565559 ], [ 75.934160353288632, 11.641706365208508 ], [ 75.933983872383038, 11.641019713503747 ], [ 75.933877198758211, 11.640676450222326 ], [ 75.933751127614386, 11.639989699482786 ], [ 75.933795060583847, 11.639410856650588 ], [ 75.933752621033051, 11.639076455728645 ], [ 75.933572469604357, 11.638674654965742 ], [ 75.933286138217184, 11.638087861166214 ], [ 75.933155708895256, 11.637468893224938 ], [ 75.932998098750417, 11.636972149525437 ], [ 75.932937564343234, 11.636696569840581 ], [ 75.932798127762851, 11.636122886242052 ], [ 75.932654310562512, 11.635639521002384 ], [ 75.932496825580927, 11.635169928004725 ], [ 75.932495162593412, 11.634677085850933 ], [ 75.932682188739136, 11.634369058108483 ], [ 75.932273511248255, 11.634212159031671 ], [ 75.931433348337194, 11.633911949873559 ], [ 75.930111857844011, 11.633699208768785 ], [ 75.928526888662702, 11.634224312996817 ], [ 75.926549845281031, 11.635451311907619 ], [ 75.925315788091766, 11.636716613057223 ], [ 75.924924291847333, 11.637585906375126 ], [ 75.923963151233423, 11.639546564428386 ], [ 75.922730961510396, 11.641372443364974 ], [ 75.92167949264406, 11.642379456724095 ], [ 75.920095685889464, 11.64329326715132 ], [ 75.91930431210811, 11.643906141373451 ], [ 75.918734259990856, 11.644866379390049 ], [ 75.91772470008766, 11.646085770653242 ], [ 75.916713933618283, 11.646916279035867 ], [ 75.916009355737032, 11.647438469978056 ], [ 75.915845844594756, 11.647929503835075 ], [ 75.915133803975465, 11.648964773804099 ], [ 75.914974831277817, 11.649449082133655 ], [ 75.914978350310477, 11.650520497234778 ], [ 75.914548475800743, 11.652289596800218 ], [ 75.913739181088545, 11.653042627856536 ], [ 75.912979074314563, 11.653420296438494 ], [ 75.912163085221792, 11.653526907490134 ], [ 75.911456608695445, 11.653474865181035 ], [ 75.91047963264279, 11.653428243406259 ], [ 75.909993985696147, 11.653588031501418 ], [ 75.909719376084766, 11.65375160362445 ], [ 75.90960598214015, 11.653989619229941 ], [ 75.909422967637042, 11.654274727253952 ], [ 75.909181147474911, 11.654662071427611 ], [ 75.908888374609731, 11.654879952458023 ], [ 75.908590738362975, 11.655030058588244 ], [ 75.908183104362038, 11.655212182553985 ], [ 75.907812001700151, 11.655321856495169 ], [ 75.907440857099346, 11.655436129277449 ], [ 75.907069631901919, 11.655509635100032 ], [ 75.906772031893112, 11.65565523084617 ], [ 75.906327999835682, 11.655914315347085 ], [ 75.905769718895158, 11.656318473469533 ], [ 75.905362496489829, 11.656613600059663 ], [ 75.904699225565068, 11.65713107780627 ], [ 75.904105212952402, 11.657932177459765 ], [ 75.904428919654791, 11.658628444952514 ], [ 75.904527081273201, 11.659202241153512 ], [ 75.904886865601114, 11.65984314013755 ], [ 75.904952914022758, 11.660417103038412 ], [ 75.905088521780613, 11.661216841224624 ], [ 75.905021946511226, 11.661886200448176 ], [ 75.904831594790494, 11.662592103513882 ], [ 75.904769732057005, 11.663324684990492 ], [ 75.904543307287241, 11.664220563295579 ], [ 75.904225031114422, 11.665085046123144 ], [ 75.904031844185184, 11.666333417168625 ], [ 75.903391716137307, 11.668347273182547 ], [ 75.90326460444237, 11.668763617611591 ], [ 75.903170208795828, 11.669342598193078 ], [ 75.902847261949177, 11.670175487914864 ], [ 75.902492267807219, 11.671040104623289 ], [ 75.902040426867046, 11.671710662714986 ], [ 75.90149249286064, 11.672480915156948 ], [ 75.900944356628585, 11.673183434783528 ], [ 75.900008319368368, 11.674497380246764 ], [ 75.899812542577749, 11.674945580751318 ], [ 75.899914818347554, 11.675361167132387 ], [ 75.900436056147541, 11.676286414270889 ], [ 75.901249151622252, 11.677655225326925 ], [ 75.902005412096429, 11.677922587131631 ], [ 75.902584208013351, 11.678178449266962 ], [ 75.90322234225502, 11.678370802608239 ], [ 75.903818812710412, 11.678427760243142 ], [ 75.904492973552323, 11.678425614920616 ], [ 75.905113045842256, 11.678681387365909 ], [ 75.905509637560158, 11.679344712358526 ], [ 75.905850990887899, 11.679935841380498 ], [ 75.906231174673934, 11.681186996950323 ], [ 75.906835531031732, 11.682283680629347 ], [ 75.90713469460394, 11.682599157366154 ], [ 75.907791041900083, 11.682714633763835 ], [ 75.908387821714427, 11.682889099178356 ], [ 75.909103732640787, 11.682986250463415 ], [ 75.910296753731686, 11.683136194982332 ], [ 75.911376114275981, 11.683584917968263 ], [ 75.912710621390332, 11.684918833417372 ], [ 75.914587464561919, 11.686581110632067 ], [ 75.915126058621652, 11.687185173792592 ], [ 75.915289038712245, 11.687912483731976 ], [ 75.915208125085684, 11.688423664654881 ], [ 75.91517266668869, 11.689720118422484 ], [ 75.917855174848299, 11.690252564633488 ], [ 75.92143004021834, 11.691165995756315 ], [ 75.921911878640302, 11.690860861427772 ], [ 75.923820750031865, 11.689652003560905 ], [ 75.926367054489859, 11.687856736908712 ], [ 75.928286736910437, 11.687706251377692 ], [ 75.930151388739745, 11.688276829780337 ], [ 75.93222201860506, 11.689284478093143 ], [ 75.93317184430984, 11.689936353229296 ], [ 75.935696250264428, 11.691668830332254 ], [ 75.936595209210239, 11.692212373990584 ], [ 75.937182508212302, 11.692245157238567 ], [ 75.938195865018713, 11.692165004821998 ], [ 75.939491347644307, 11.692757573427235 ], [ 75.940792152209056, 11.6935534786793 ], [ 75.941340393203973, 11.694270557881099 ], [ 75.943084371913272, 11.694545095056167 ], [ 75.943816631490037, 11.695419722622731 ], [ 75.945885571776714, 11.695494292900191 ], [ 75.946988791609641, 11.695591250680483 ], [ 75.947339463595299, 11.69562206519918 ], [ 75.947670435131329, 11.695651149585284 ], [ 75.948400279076765, 11.69580695031593 ], [ 75.949450075738483, 11.69564522448187 ], [ 75.949885956070489, 11.69550044965535 ], [ 75.950608550120435, 11.694938221415565 ], [ 75.951826114857781, 11.694006529298347 ], [ 75.952890966731715, 11.693191676859904 ], [ 75.954401246556387, 11.692415089683116 ], [ 75.956343872262252, 11.690313905841361 ], [ 75.958060144816244, 11.689974343362566 ], [ 75.960452069905131, 11.690473191656629 ], [ 75.961940832920192, 11.691938314315458 ], [ 75.963835008166612, 11.694556567036004 ], [ 75.964170222292594, 11.695019908791025 ], [ 75.965012595751389, 11.697367082626794 ], [ 75.965790660759836, 11.697588928156 ], [ 75.966368127310218, 11.698776013998037 ], [ 75.966373029583735, 11.700172878854755 ], [ 75.966448222606417, 11.701604360776889 ], [ 75.967667354892512, 11.702665319977083 ], [ 75.968125183087693, 11.703852931819588 ], [ 75.96844050736189, 11.704670872039735 ], [ 75.969675928085948, 11.705826961672589 ], [ 75.971144989058459, 11.706472126494104 ], [ 75.971971970558343, 11.70662480776471 ], [ 75.972605339609785, 11.705909526341399 ], [ 75.972812893548308, 11.705067168942801 ], [ 75.973101305716085, 11.703896625358894 ], [ 75.973618485911231, 11.702660576845897 ], [ 75.974587614737359, 11.701706453204732 ], [ 75.976116848977725, 11.701005948395983 ] ] ] ] } },
{ "type": "Feature", "properties": { "village_code": "627319", "village": "Noolpuzha", "village_name": "Noolpuzha", "district": "Wayanad", "subdistrict_code": 5636, "households_2011": 3299.0, "population_2011": 14133, "male_population_2011": 6965.0, "female_population_2011": 7168.0 }, "geometry": { "type": "MultiPolygon", "coordinates": [ [ [ [ 76.321647779099095, 11.707904663931755 ], [ 76.323074293460166, 11.706964699896604 ], [ 76.325353864881265, 11.706214763540853 ], [ 76.326780493198029, 11.704999157453159 ], [ 76.328587833615472, 11.702933739847266 ], [ 76.329918039725698, 11.701718075470342 ], [ 76.332105908302665, 11.700683321387581 ], [ 76.333724934963556, 11.700123121310478 ], [ 76.335339432435148, 11.699092739990986 ], [ 76.336197086816384, 11.698622755238418 ], [ 76.339237938994458, 11.697592627224726 ], [ 76.341521935267721, 11.696842488187901 ], [ 76.343328980344964, 11.696092382319057 ], [ 76.344847069494065, 11.695532102615669 ], [ 76.345989178169049, 11.694591991481547 ], [ 76.347034889985736, 11.693656446246731 ], [ 76.348176926822774, 11.693281417347624 ], [ 76.350456220543833, 11.693001339169367 ], [ 76.351887182724766, 11.692251185556932 ], [ 76.354927774625097, 11.691966655736049 ], [ 76.358160996616718, 11.691966805493069 ], [ 76.36082554424901, 11.691781602413769 ], [ 76.36301315175146, 11.691876679885041 ], [ 76.364343144628094, 11.691967053611199 ], [ 76.366718686073398, 11.692157040417939 ], [ 76.368144998182586, 11.692532190228833 ], [ 76.369286944151767, 11.692532246725303 ], [ 76.371185562527529, 11.691501674869421 ], [ 76.372804512597298, 11.691126473169025 ], [ 76.374038133064175, 11.691126475592656 ], [ 76.376037707910641, 11.691126490781963 ], [ 76.378032633308578, 11.691311779847108 ], [ 76.379362603418343, 11.691311829575854 ], [ 76.380788927023261, 11.691311782674104 ], [ 76.382311494946975, 11.691031431410813 ], [ 76.383834016617286, 11.690000833741545 ], [ 76.385260323516675, 11.690000831425595 ], [ 76.387062635890331, 11.690470787869168 ], [ 76.388585298614458, 11.691311436875985 ], [ 76.389915303448944, 11.691781511861123 ], [ 76.391437931876396, 11.692251476659653 ], [ 76.39186897966708, 11.692843588188808 ], [ 76.392428526036213, 11.69309669537064 ], [ 76.39311644770001, 11.693223174225521 ], [ 76.393332055568067, 11.693521439970551 ], [ 76.393460465338592, 11.693946376989498 ], [ 76.393373317864118, 11.694240162581053 ], [ 76.3931165524628, 11.694624360523198 ], [ 76.392946885743783, 11.695089939582259 ], [ 76.392772603132954, 11.695514815606392 ], [ 76.392428745526885, 11.695894564179779 ], [ 76.392126043760285, 11.696405305440072 ], [ 76.391869263831325, 11.696997471050645 ], [ 76.39186929471947, 11.697548950785594 ], [ 76.391869330670104, 11.698100342442849 ], [ 76.392387566429178, 11.698778354684038 ], [ 76.393373635914799, 11.699289062727097 ], [ 76.393933246624485, 11.699967033737481 ], [ 76.394323067482858, 11.700685634007238 ], [ 76.394534085614097, 11.701196449448432 ], [ 76.394364392938428, 11.701490235250729 ], [ 76.393763650482839, 11.701616855433718 ], [ 76.392814271135734, 11.701662078222553 ], [ 76.391997936940157, 11.701915285355641 ], [ 76.391699812099702, 11.702168398829111 ], [ 76.39157146791355, 11.702638457493757 ], [ 76.391869581044816, 11.703104039688169 ], [ 76.392429155772234, 11.703949229082225 ], [ 76.392387925602961, 11.704627299308417 ], [ 76.392470517817856, 11.705223897677588 ], [ 76.393075963442044, 11.705476997270498 ], [ 76.394061949330037, 11.705436210483871 ], [ 76.394965531646065, 11.705562711972913 ], [ 76.39556635714311, 11.705856450000494 ], [ 76.395827810803709, 11.7063671898199 ], [ 76.395827809918814, 11.706959361076052 ], [ 76.395827860820063, 11.707894974098226 ], [ 76.395910512787239, 11.70874022604386 ], [ 76.39660302416884, 11.709038526448122 ], [ 76.397676262094834, 11.708866618355032 ], [ 76.398666883138901, 11.70865861732964 ], [ 76.399868539162455, 11.708866459583911 ], [ 76.400772092543235, 11.70882571640084 ], [ 76.401588405475181, 11.708274201494127 ], [ 76.402235061904506, 11.708188199115657 ], [ 76.402964434802044, 11.708911371404794 ], [ 76.403505751112789, 11.709851626306918 ], [ 76.403722896073432, 11.709562878763876 ], [ 76.404071440898946, 11.709228388381694 ], [ 76.40414707808722, 11.708920989660106 ], [ 76.40367234044237, 11.708550413626559 ], [ 76.403344359009552, 11.708218206444521 ], [ 76.403364916742731, 11.707795559870451 ], [ 76.403653834821228, 11.707501781718955 ], [ 76.404103293932565, 11.707090377139179 ], [ 76.404873717028948, 11.706186324913364 ], [ 76.405219962438096, 11.705876624610637 ], [ 76.405492869033452, 11.70586531268173 ], [ 76.406176241058205, 11.706050514549789 ], [ 76.406529440611919, 11.70615445072756 ], [ 76.406740422619038, 11.706373633786971 ], [ 76.406832151188937, 11.70685506136908 ], [ 76.406985913582162, 11.707338679506618 ], [ 76.407350509890477, 11.707483258380165 ], [ 76.407644049282212, 11.707424437046864 ], [ 76.408189762788439, 11.707094443922101 ], [ 76.408487870671564, 11.706759943085524 ], [ 76.4087859735303, 11.706425439227532 ], [ 76.408973930897048, 11.705742843224161 ], [ 76.408955495346035, 11.705326978156513 ], [ 76.40893254718533, 11.704915690911124 ], [ 76.408932377359719, 11.70398459719679 ], [ 76.408973672065159, 11.703491862940968 ], [ 76.409019447526731, 11.702999241212137 ], [ 76.409170680551256, 11.702321140936736 ], [ 76.409322043764774, 11.701977636661574 ], [ 76.409473313889549, 11.701634129422356 ], [ 76.409716384610334, 11.701304111404097 ], [ 76.41002817209997, 11.700917604008675 ], [ 76.41045693620967, 11.700558205671811 ], [ 76.410738952962859, 11.700160397650476 ], [ 76.410706856633155, 11.699821442161847 ], [ 76.410541655683716, 11.699581910648071 ], [ 76.410326126225655, 11.699423724184848 ], [ 76.409876584521342, 11.699157030631659 ], [ 76.40972292741435, 11.69887454521818 ], [ 76.409959103179673, 11.698524290947537 ], [ 76.410211327287783, 11.698388584009068 ], [ 76.410619489783386, 11.698266530073813 ], [ 76.410949655751892, 11.698248397222814 ], [ 76.411302796288666, 11.698180515903651 ], [ 76.411678827200902, 11.69786411817779 ], [ 76.411733893352249, 11.69760648858464 ], [ 76.411660403715132, 11.697281061912406 ], [ 76.41158697289967, 11.696896836342017 ], [ 76.41163285440301, 11.6965306683389 ], [ 76.41176119297873, 11.696227803735844 ], [ 76.412022527547606, 11.695852615107924 ], [ 76.412279327413842, 11.695355380442313 ], [ 76.412279257262668, 11.695057051805938 ], [ 76.412029258742479, 11.69477233497091 ], [ 76.411568359266283, 11.694713645167848 ], [ 76.411086858708885, 11.694763424599369 ], [ 76.410733645856624, 11.694731828797877 ], [ 76.410412622013681, 11.694655048098642 ], [ 76.409995255549532, 11.694641500954161 ], [ 76.409715493396106, 11.694533107040955 ], [ 76.409509093567308, 11.694347827655079 ], [ 76.409564113472101, 11.694074330497072 ], [ 76.409990619459293, 11.693999728387743 ], [ 76.410412553968158, 11.693981553947566 ], [ 76.410673942657056, 11.693800718633591 ], [ 76.410678508021178, 11.693459488131243 ], [ 76.410435399585381, 11.693285462654766 ], [ 76.409912513563526, 11.693039162458541 ], [ 76.409710677135024, 11.692668582010326 ], [ 76.409772542996265, 11.692193969710168 ], [ 76.410104943608758, 11.691350946635842 ], [ 76.410159948087284, 11.691039031632135 ], [ 76.41008647741711, 11.690776921441786 ], [ 76.409880088070878, 11.690541863067969 ], [ 76.409641648401546, 11.690392755125417 ], [ 76.4093114385402, 11.690275249638361 ], [ 76.40893995317758, 11.690175827567657 ], [ 76.408527139973444, 11.689997400457031 ], [ 76.40837114106003, 11.689653854910915 ], [ 76.408843426019843, 11.688724987027992 ], [ 76.409214847090169, 11.687988154731928 ], [ 76.409524319025039, 11.687748514668661 ], [ 76.409783467990692, 11.687752994737561 ], [ 76.41020771600499, 11.6879879752157 ], [ 76.41070759872332, 11.688098690898968 ], [ 76.41112949300755, 11.687847758192753 ], [ 76.411154681560603, 11.68745907661304 ], [ 76.411049136811002, 11.687124559619859 ], [ 76.41116715337688, 11.686764115272073 ], [ 76.411633824478415, 11.686665697158157 ], [ 76.412217374835606, 11.68664643575341 ], [ 76.412693137396516, 11.68639887940409 ], [ 76.412947625225215, 11.686016902580237 ], [ 76.413066806078803, 11.685745743235618 ], [ 76.413066794093496, 11.685469969470901 ], [ 76.41300716236492, 11.685203340912567 ], [ 76.412952106445275, 11.684936648863209 ], [ 76.412782344931358, 11.684484642567869 ], [ 76.412731839864264, 11.68422248322004 ], [ 76.412630895566181, 11.683964830455055 ], [ 76.412534549920125, 11.683702693219296 ], [ 76.412488586908296, 11.683119608145301 ], [ 76.412550505571943, 11.682690238133457 ], [ 76.412777479396013, 11.682310551169168 ], [ 76.413075505499165, 11.682118372100739 ], [ 76.413456127556955, 11.682012129917821 ], [ 76.413891758665372, 11.681738545077858 ], [ 76.413946781722686, 11.681428985569632 ], [ 76.413850397042737, 11.681157743472653 ], [ 76.413616459355538, 11.680778079351867 ], [ 76.41348801695473, 11.680529478656908 ], [ 76.413396259525655, 11.680199557798979 ], [ 76.413419180985443, 11.67984699204067 ], [ 76.413565811211953, 11.679607458327117 ], [ 76.413797451700717, 11.679415327242161 ], [ 76.414129893032396, 11.67917793162839 ], [ 76.41429492959432, 11.678951935406712 ], [ 76.414382069829088, 11.678698825274997 ], [ 76.414409470595132, 11.678395972357302 ], [ 76.414478154486815, 11.677613954338778 ], [ 76.41461115730894, 11.677225195844281 ], [ 76.41483576294381, 11.676800320204068 ], [ 76.415078821310587, 11.676560680730981 ], [ 76.415317238752166, 11.676316597967562 ], [ 76.415491490159042, 11.676126725279435 ], [ 76.415583171961757, 11.675846496619286 ], [ 76.415528066873634, 11.675498426804566 ], [ 76.415280384073711, 11.675213703484856 ], [ 76.414998300781761, 11.674953862516254 ], [ 76.414881337471442, 11.674517671422983 ], [ 76.415032545408593, 11.674210306924369 ], [ 76.415248109135177, 11.674061058823508 ], [ 76.415507126488919, 11.673665547714977 ], [ 76.415610283091254, 11.673279110408364 ], [ 76.415777589980323, 11.672955875348277 ], [ 76.416119154962104, 11.672555758367594 ], [ 76.416403517083495, 11.672257460790638 ], [ 76.416628136122782, 11.671778302964958 ], [ 76.417150932285367, 11.671773644831893 ], [ 76.41769428770013, 11.671583779929019 ], [ 76.41804044855688, 11.671285359248026 ], [ 76.418421105265978, 11.67110904516184 ], [ 76.418728275548872, 11.671018630228289 ], [ 76.419030940199818, 11.670932698914731 ], [ 76.419406958367247, 11.670932651802792 ], [ 76.419599619275559, 11.671122429133726 ], [ 76.419707427378853, 11.671366530434955 ], [ 76.41986566037825, 11.671696390425105 ], [ 76.420007929321159, 11.671976614813021 ], [ 76.420255632392127, 11.67231565795581 ], [ 76.420590358570408, 11.672537037862275 ], [ 76.420929792583323, 11.672518935151704 ], [ 76.421147536038376, 11.672353908922714 ], [ 76.421298820108987, 11.672145962924684 ], [ 76.421500582069868, 11.671768531633932 ], [ 76.421830654012098, 11.671400038396261 ], [ 76.422186057851675, 11.671289272585293 ], [ 76.422447417137505, 11.671244052914313 ], [ 76.422754661349799, 11.671239478114696 ], [ 76.423041339245955, 11.671372718725243 ], [ 76.423316533627855, 11.671481188788977 ], [ 76.423571043245758, 11.671533140871137 ], [ 76.423864498000356, 11.671474291883369 ], [ 76.424144220676965, 11.671359012345196 ], [ 76.424414829732569, 11.671419977470723 ], [ 76.424905485662478, 11.671444739839833 ], [ 76.425260858357618, 11.671248026756492 ], [ 76.425588740326845, 11.671125922629553 ], [ 76.425948722630082, 11.671180145821925 ], [ 76.426260544242098, 11.671067062773389 ], [ 76.426446239650076, 11.670863624187268 ], [ 76.426535533301688, 11.670413850651505 ], [ 76.42658826947013, 11.670081654434968 ], [ 76.426787687369682, 11.669903086837508 ], [ 76.42708118486749, 11.669918856067275 ], [ 76.42748706684111, 11.670144791244027 ], [ 76.427827980591275, 11.670167288178961 ], [ 76.428083164186589, 11.670018111919862 ], [ 76.428275718614643, 11.669572811469564 ], [ 76.428491121423463, 11.669064239798413 ], [ 76.428720373035233, 11.668716210589848 ], [ 76.428793712776468, 11.668354547606587 ], [ 76.428921875655149, 11.667337511550665 ], [ 76.429146446014599, 11.666790623740837 ], [ 76.429470834983462, 11.666230042624273 ], [ 76.429866300813316, 11.66618026987252 ], [ 76.430263014377374, 11.666383557130253 ], [ 76.430659711075435, 11.666489679901426 ], [ 76.431132102192052, 11.666455697158794 ], [ 76.43140247173362, 11.665737010477196 ], [ 76.431622415038746, 11.665013715260676 ], [ 76.431750743376043, 11.664615916755915 ], [ 76.432025750467375, 11.664077951399536 ], [ 76.43221373660819, 11.66364404033447 ], [ 76.432323662456454, 11.663097088362763 ], [ 76.432612456659868, 11.662588550602878 ], [ 76.433073947697324, 11.66216754370136 ], [ 76.433217431499017, 11.661880247293743 ], [ 76.43323738159549, 11.661524665401748 ], [ 76.433203654095564, 11.661044802940893 ], [ 76.433269924903897, 11.660660998412942 ], [ 76.433524479219443, 11.660154328435185 ], [ 76.433813306142255, 11.659679656733834 ], [ 76.433932140000053, 11.659282630765397 ], [ 76.433941488104182, 11.658617383195125 ], [ 76.433968843934437, 11.657826358122719 ], [ 76.434232365772758, 11.657411583505693 ], [ 76.434628777455941, 11.657228406850621 ], [ 76.434982044881593, 11.657107447318944 ], [ 76.435403763358849, 11.65679109510323 ], [ 76.435637632657162, 11.656424790427305 ], [ 76.435678886697119, 11.656121944396858 ], [ 76.435674231698684, 11.655782964003782 ], [ 76.435664987921101, 11.655448842446567 ], [ 76.435719844677038, 11.654693578272809 ], [ 76.435793187181432, 11.654445004179298 ], [ 76.435999391167357, 11.653970349559584 ], [ 76.436370703185901, 11.653421093143594 ], [ 76.436659528331006, 11.653170137633797 ], [ 76.436998847731005, 11.653054792970051 ], [ 76.437401055525882, 11.653093449237373 ], [ 76.437870130579356, 11.653145040514035 ], [ 76.438310325543839, 11.653083964375984 ], [ 76.438631276132739, 11.65300702194429 ], [ 76.43892227511914, 11.652901843468673 ], [ 76.439190637650512, 11.652663344366458 ], [ 76.439460420675289, 11.652302667974265 ], [ 76.439674222043294, 11.652037261534879 ], [ 76.439992865236974, 11.651777212519054 ], [ 76.440419331131196, 11.651623456353123 ], [ 76.44078155301699, 11.651483245502165 ], [ 76.441086505781655, 11.651275185746741 ], [ 76.441278933257053, 11.650909125235344 ], [ 76.441450771165762, 11.650628784833465 ], [ 76.441650210266772, 11.650377940591753 ], [ 76.441919939579549, 11.650154123319281 ], [ 76.442264590430796, 11.650056859238379 ], [ 76.442564926989618, 11.649975427519049 ], [ 76.442885807951285, 11.649778702706602 ], [ 76.443142603969449, 11.649578289479681 ], [ 76.443303026092835, 11.649279165309732 ], [ 76.443417305817377, 11.649010793407012 ], [ 76.443440415638051, 11.648675659264038 ], [ 76.443488474331673, 11.648268888775158 ], [ 76.443729625369514, 11.647848558058593 ], [ 76.443939602704589, 11.647338345766103 ], [ 76.443841234529842, 11.646779433335757 ], [ 76.443595696449663, 11.645986107707806 ], [ 76.443577058322759, 11.644847197699844 ], [ 76.443400484025332, 11.64437928428986 ], [ 76.443320042216911, 11.644060763999656 ], [ 76.443329151615089, 11.64365862385811 ], [ 76.442934743807371, 11.643554628284981 ], [ 76.442586314115943, 11.643473281773263 ], [ 76.44205412946998, 11.642370550760859 ], [ 76.441196390072307, 11.641204626172254 ], [ 76.440127637742279, 11.639871415958538 ], [ 76.439453477437581, 11.63932012111823 ], [ 76.43825161172748, 11.63858787276012 ], [ 76.437027480768862, 11.637666352075339 ], [ 76.436352780337444, 11.637200180365779 ], [ 76.435787170214383, 11.636806691795369 ], [ 76.434547387510648, 11.635873202808236 ], [ 76.434258911941058, 11.635559358567447 ], [ 76.434069498533319, 11.635321059289424 ], [ 76.433707120616035, 11.634412540978781 ], [ 76.433602691147144, 11.63412174021917 ], [ 76.433166908963557, 11.632908236442214 ], [ 76.432762021466203, 11.631944798094047 ], [ 76.432381345660602, 11.631325613721071 ], [ 76.431817238231119, 11.630950607824712 ], [ 76.431074455689341, 11.630769948007734 ], [ 76.430501252370433, 11.630688639937087 ], [ 76.429960243779547, 11.630824348396578 ], [ 76.42918547793785, 11.631457323531128 ], [ 76.428272659243945, 11.632280876545163 ], [ 76.427007468789682, 11.633482550136129 ], [ 76.422915258704009, 11.633476827157555 ], [ 76.420469339028003, 11.633461274124974 ], [ 76.417466087130066, 11.633484301435827 ], [ 76.415842918760532, 11.633574973705585 ], [ 76.412484533356931, 11.633828831350234 ], [ 76.408687577524475, 11.634110817320819 ], [ 76.407664208259476, 11.634186647887281 ], [ 76.407149236079874, 11.634235427716945 ], [ 76.406517542915296, 11.634294884319935 ], [ 76.405237355551179, 11.634001162177507 ], [ 76.403022602130122, 11.633377583125622 ], [ 76.401657729792817, 11.632951280830554 ], [ 76.401344377037177, 11.632853408406559 ], [ 76.398295216815399, 11.632153113504456 ], [ 76.39618136339972, 11.631665055822884 ], [ 76.394763511515947, 11.631280352796898 ], [ 76.394099698740774, 11.631100240388736 ], [ 76.39318430002902, 11.630914430305046 ], [ 76.391749332376818, 11.630594679099513 ], [ 76.390234320361316, 11.630223558174979 ], [ 76.388395668788576, 11.629857476834324 ], [ 76.387996775773672, 11.629703854462276 ], [ 76.386387287451953, 11.627669935098314 ], [ 76.385295972638332, 11.626060800071292 ], [ 76.383191437191996, 11.624081124315561 ], [ 76.383122634244515, 11.622693746054413 ], [ 76.38312257417877, 11.620691360636721 ], [ 76.38308576031686, 11.616094462143108 ], [ 76.383828170041568, 11.612082068110047 ], [ 76.380433827583005, 11.609958926300436 ], [ 76.379169967038806, 11.609146878180651 ], [ 76.378175181435608, 11.608545771023474 ], [ 76.377579148778167, 11.603822597414185 ], [ 76.377881614435353, 11.601946615406149 ], [ 76.375699236396983, 11.600893240754305 ], [ 76.374213833726131, 11.600084199841078 ], [ 76.373393210326711, 11.599885323376277 ], [ 76.371816064966467, 11.599550755357368 ], [ 76.369652110051959, 11.599175571051926 ], [ 76.367726564210713, 11.598628630082764 ], [ 76.367002255137649, 11.598366441869901 ], [ 76.365007976447117, 11.59703293555126 ], [ 76.364328743187755, 11.596532693093456 ], [ 76.362743235748269, 11.595364995753634 ], [ 76.361664813814855, 11.594637977857222 ], [ 76.360895657808086, 11.594284629254494 ], [ 76.360075035863275, 11.594017883307844 ], [ 76.358915175240554, 11.593385036380274 ], [ 76.357191664925963, 11.591752744748838 ], [ 76.355174422544536, 11.589737068465716 ], [ 76.35447764110269, 11.589348321850117 ], [ 76.351896558856737, 11.589415874933001 ], [ 76.351220950670509, 11.589398917861804 ], [ 76.350452459132825, 11.589379630050015 ], [ 76.348348179821173, 11.589316132991293 ], [ 76.347302934680627, 11.589203054163269 ], [ 76.346133861147607, 11.589004043879809 ], [ 76.344717390197275, 11.588470542936975 ], [ 76.343438380332387, 11.58769299625984 ], [ 76.342131855852287, 11.587426155507725 ], [ 76.341150734432603, 11.587281408433677 ], [ 76.34029811299213, 11.58723604591745 ], [ 76.340073170250193, 11.589315289776579 ], [ 76.340105119957911, 11.590549287335541 ], [ 76.339855122001723, 11.593167911785885 ], [ 76.33850334437669, 11.594031929136046 ], [ 76.335778013029042, 11.595773227326445 ], [ 76.334066697341555, 11.5949194216452 ], [ 76.330555275169587, 11.592726663332108 ], [ 76.328511601771396, 11.591364827335335 ], [ 76.326470835592161, 11.590004880635444 ], [ 76.325915904300999, 11.591504399459206 ], [ 76.327786172372356, 11.592766555426698 ], [ 76.328006145205634, 11.593064931956638 ], [ 76.328652489966629, 11.593702329281706 ], [ 76.329491374684508, 11.594109278895417 ], [ 76.330165241089944, 11.594556882211302 ], [ 76.330192652596907, 11.595135467370399 ], [ 76.330220024467835, 11.595528697149522 ], [ 76.330398687543862, 11.596681386798984 ], [ 76.330467400433747, 11.597088119799729 ], [ 76.330425991404979, 11.597779710345989 ], [ 76.330384597655282, 11.598335708533172 ], [ 76.330260659037492, 11.599492810019111 ], [ 76.330342951214561, 11.600984457541033 ], [ 76.330613298635114, 11.60167152955251 ], [ 76.331053304711844, 11.602471684291325 ], [ 76.33113574210789, 11.603217493531682 ], [ 76.330888020018691, 11.604207353391169 ], [ 76.330543938788466, 11.605635609622286 ], [ 76.330488748600985, 11.606544140849278 ], [ 76.330529776695187, 11.60765610844893 ], [ 76.330419553339638, 11.609093449761888 ], [ 76.330378133977391, 11.609830237598421 ], [ 76.330529384248749, 11.610481093372632 ], [ 76.33087317204874, 11.610874444454558 ], [ 76.331184844490394, 11.611064294526424 ], [ 76.331615796122946, 11.61130841420189 ], [ 76.332661063642192, 11.611855542405895 ], [ 76.332913124646595, 11.612384389171567 ], [ 76.332913022005144, 11.613170929184424 ], [ 76.332912786345588, 11.614689650256203 ], [ 76.333160196676189, 11.615661517144703 ], [ 76.331128938165122, 11.61699460440517 ], [ 76.328790353647634, 11.618268924026429 ], [ 76.327992656198433, 11.618024655741433 ], [ 76.3269474165715, 11.617174724031136 ], [ 76.326333097881403, 11.617237913312021 ], [ 76.325594772857443, 11.617902260904851 ], [ 76.324242088858895, 11.6187517719321 ], [ 76.322765493147202, 11.619904184542625 ], [ 76.321536635988508, 11.620572934712296 ], [ 76.320367370384631, 11.620997610560494 ], [ 76.319565010359668, 11.620694568257882 ], [ 76.318029158734305, 11.620206096587106 ], [ 76.317167138889687, 11.620752896669748 ], [ 76.31680012350165, 11.621480508314354 ], [ 76.316859355089562, 11.623360921130766 ], [ 76.31612101229905, 11.62408843847256 ], [ 76.313846838083464, 11.624390816480815 ], [ 76.312860946351222, 11.624878774069543 ], [ 76.312122562186275, 11.625723934712214 ], [ 76.311384013405473, 11.626998361211584 ], [ 76.310769342460432, 11.62833621581016 ], [ 76.3103379232995, 11.629909086855911 ], [ 76.309970987158451, 11.630455928235314 ], [ 76.308434379890073, 11.632882808810242 ], [ 76.306833499446299, 11.63561261412724 ], [ 76.305489564010117, 11.637641798832426 ], [ 76.304517245737728, 11.638477761703973 ], [ 76.303233015706525, 11.639842509907004 ], [ 76.302136672934779, 11.641659261789234 ], [ 76.301168768959428, 11.643241026312952 ], [ 76.300246854605106, 11.644194508780437 ], [ 76.299265529099884, 11.644397683115427 ], [ 76.298275077756216, 11.6443974650358 ], [ 76.297302881577238, 11.644659382261148 ], [ 76.295674863721985, 11.645712040941895 ], [ 76.293372519909141, 11.647338627560391 ], [ 76.291331643753509, 11.648386764201497 ], [ 76.289827517212103, 11.648770541948419 ], [ 76.28801151970012, 11.649538358291261 ], [ 76.287841654710604, 11.649917988177053 ], [ 76.287208529625389, 11.651187933446861 ], [ 76.285947180308327, 11.652141283542477 ], [ 76.285341506352282, 11.653433854719976 ], [ 76.285336645241173, 11.654306237756503 ], [ 76.286794735004761, 11.654668294233394 ], [ 76.288174889093682, 11.654763561289364 ], [ 76.288880441236742, 11.656725476085935 ], [ 76.289389161567058, 11.657683882118437 ], [ 76.290017346968696, 11.657656994435269 ], [ 76.291085824255262, 11.657517179478855 ], [ 76.29232403574342, 11.657300512790002 ], [ 76.293658494793561, 11.656939346439261 ], [ 76.294653646124942, 11.656749721850394 ], [ 76.295648771558845, 11.656392907823959 ], [ 76.296859659591377, 11.655457627149081 ], [ 76.298850195921489, 11.653952980280454 ], [ 76.300294981766697, 11.652755564685078 ], [ 76.301363761286609, 11.651417841169929 ], [ 76.302602157155022, 11.650030494011839 ], [ 76.303597432071612, 11.64909510063927 ], [ 76.304785292614838, 11.64820950017957 ], [ 76.30536767321972, 11.648042409080958 ], [ 76.30590417814777, 11.647997303598324 ], [ 76.306848837582308, 11.647708192277662 ], [ 76.307674155158367, 11.64775818816522 ], [ 76.308228936215826, 11.647975220684835 ], [ 76.308765394363064, 11.648427392696563 ], [ 76.308980740594194, 11.648856846923954 ], [ 76.309104330691952, 11.649864808560665 ], [ 76.309296642122234, 11.651157601711063 ], [ 76.309200027021831, 11.652255921720414 ], [ 76.308979596247823, 11.65362093326733 ], [ 76.308690357382417, 11.655031153497134 ], [ 76.30792884803293, 11.656621972112529 ], [ 76.307249980815882, 11.657168742728109 ], [ 76.306910681267155, 11.657168722298247 ], [ 76.30540664337471, 11.657100553020024 ], [ 76.303975888965297, 11.657145441810332 ], [ 76.303489614512486, 11.658114857702783 ], [ 76.302471802008057, 11.657456957371762 ], [ 76.301940001010465, 11.656932459373634 ], [ 76.30057824217792, 11.656403252103336 ], [ 76.300408066825497, 11.658220263697416 ], [ 76.300407822446928, 11.659300540739666 ], [ 76.300095273019153, 11.661691633040236 ], [ 76.29930154116802, 11.663350241057131 ], [ 76.299058272812943, 11.664236140038282 ], [ 76.299301058580539, 11.665022626507643 ], [ 76.299832902870747, 11.665429560166054 ], [ 76.300438214238909, 11.665479496314024 ], [ 76.301314000866185, 11.665836800756177 ], [ 76.301602787800675, 11.666270807477725 ], [ 76.301822486158997, 11.667608760883942 ], [ 76.301845216084558, 11.668517340878482 ], [ 76.301895337582565, 11.669520776262795 ], [ 76.302115261577285, 11.670266640955342 ], [ 76.302766382992417, 11.670696226158382 ], [ 76.303715496618636, 11.670981205325418 ], [ 76.304871134849421, 11.671103511813049 ], [ 76.305792947289333, 11.670791875840905 ], [ 76.306884467204497, 11.670480199554202 ], [ 76.307879661993766, 11.669978728616268 ], [ 76.308388885631246, 11.66928723440553 ], [ 76.308609165018865, 11.668541477347267 ], [ 76.308338778868261, 11.667827328987 ], [ 76.30782997723415, 11.667013599313034 ], [ 76.30778427734694, 11.66634457402408 ], [ 76.307784451536747, 11.66569819546736 ], [ 76.308146869625162, 11.664812379836309 ], [ 76.308413032302894, 11.663971693028463 ], [ 76.308995636364699, 11.663375166958353 ], [ 76.309821173739294, 11.662756145671352 ], [ 76.310655878024264, 11.662263603656218 ], [ 76.310876079734186, 11.661902095944377 ], [ 76.310899121543059, 11.661210508983844 ], [ 76.311046122591165, 11.660085049926746 ], [ 76.311165638590211, 11.658864652967358 ], [ 76.311289937103766, 11.656902979203192 ], [ 76.311386576572701, 11.65553800050648 ], [ 76.312257931010379, 11.654796900545923 ], [ 76.312964249306063, 11.654200417444937 ], [ 76.313739393062946, 11.653554217047386 ], [ 76.315096922042983, 11.65240634553842 ], [ 76.316119663600844, 11.651746680942452 ], [ 76.316390248617125, 11.651267539069478 ], [ 76.316582986879581, 11.650598656885638 ], [ 76.316729890376976, 11.649785044567214 ], [ 76.316803435036064, 11.649116159230143 ], [ 76.316803613865005, 11.648230149296165 ], [ 76.316826663792867, 11.647561230363626 ], [ 76.317143141575372, 11.647055053414396 ], [ 76.317601790475408, 11.646603127139203 ], [ 76.318207141395618, 11.646241631586919 ], [ 76.319105995398601, 11.645767223463523 ], [ 76.320394583556308, 11.645310961876872 ], [ 76.320903604666981, 11.645021727090652 ], [ 76.322380204947564, 11.644235488901952 ], [ 76.323815453628811, 11.644018764765207 ], [ 76.325269020239318, 11.644208887576433 ], [ 76.326360167677137, 11.645239615166837 ], [ 76.327258655309294, 11.646555100975254 ], [ 76.327615899076903, 11.648697699956445 ], [ 76.328129199831125, 11.650135130429394 ], [ 76.328541839885062, 11.650754471039555 ], [ 76.32911952502171, 11.650899156218872 ], [ 76.329899073712539, 11.650899335367692 ], [ 76.331425954476472, 11.65102157751363 ], [ 76.331646021224131, 11.65130639449132 ], [ 76.332132075704848, 11.651713276703966 ], [ 76.332884102305627, 11.65166818788544 ], [ 76.333512265309651, 11.651668252207241 ], [ 76.333924975867902, 11.651880730733023 ], [ 76.334727308175388, 11.652504642108164 ], [ 76.334965633458111, 11.653078743746985 ], [ 76.335208522447815, 11.653937544367274 ], [ 76.335313835536269, 11.655167034818939 ], [ 76.335753968672449, 11.655429267909586 ], [ 76.336574761896571, 11.655718658272153 ], [ 76.337303845920559, 11.65607584826175 ], [ 76.3374000777861, 11.656627283535595 ], [ 76.337303662210914, 11.656984330516787 ], [ 76.33657441644425, 11.657992173655167 ], [ 76.336574318783107, 11.658900756399877 ], [ 76.336867746821412, 11.659592332660445 ], [ 76.337376660050097, 11.659904296856265 ], [ 76.3379819503363, 11.660193664686895 ], [ 76.337981829005571, 11.660840025676821 ], [ 76.338371569859518, 11.66138699725753 ], [ 76.338976824185423, 11.661698901971519 ], [ 76.338976706586749, 11.662300091990064 ], [ 76.338178817760237, 11.662535028316761 ], [ 76.337206652762831, 11.662367646207139 ], [ 76.336940667425992, 11.662702141664999 ], [ 76.336844146823665, 11.663805030236189 ], [ 76.337192384773999, 11.665911431729887 ], [ 76.337531447920398, 11.667755649679338 ], [ 76.337311151837767, 11.66902122172448 ], [ 76.337288048646997, 11.670146667361863 ], [ 76.33813630231397, 11.671462173050983 ], [ 76.338209433770459, 11.672709666454598 ], [ 76.337626994440257, 11.673233921812718 ], [ 76.336489677855994, 11.673473328512744 ], [ 76.334985640342907, 11.672899120807978 ], [ 76.33357798609147, 11.671533802992082 ], [ 76.332729676668848, 11.670959710415174 ], [ 76.33163375622, 11.670719943682238 ], [ 76.329739835210731, 11.670841676045104 ], [ 76.328235679300406, 11.670958963356689 ], [ 76.326635304902538, 11.670674010709204 ], [ 76.325397137955818, 11.670624065327077 ], [ 76.323989165205518, 11.671102957252549 ], [ 76.322196029662123, 11.671916230348707 ], [ 76.321081733518952, 11.671748773700669 ], [ 76.319114354722814, 11.67174844852188 ], [ 76.318096479976163, 11.671029490463358 ], [ 76.317321697486889, 11.670310658198876 ], [ 76.316468673429725, 11.6702653238649 ], [ 76.314285802993879, 11.670694304955346 ], [ 76.311130607684845, 11.671624713184361 ], [ 76.309745494138099, 11.672297942464279 ], [ 76.307443208780654, 11.673110968830791 ], [ 76.304700779930528, 11.673729609709328 ], [ 76.302733351358981, 11.674018441181937 ], [ 76.301692433651723, 11.673850927632886 ], [ 76.300624111700913, 11.673348944424722 ], [ 76.298588399262997, 11.671960707054712 ], [ 76.297740185540647, 11.67133671339322 ], [ 76.296479018271597, 11.671648254692686 ], [ 76.295116805932551, 11.672461535582631 ], [ 76.293516039387285, 11.673392163583665 ], [ 76.292740602658611, 11.674802204288568 ], [ 76.292208032470313, 11.676867752223041 ], [ 76.291794611027385, 11.679068880609481 ], [ 76.291601551436969, 11.680696055038815 ], [ 76.291307571339701, 11.682110770414818 ], [ 76.290247905351734, 11.68329017788052 ], [ 76.289665385251922, 11.683552099882096 ], [ 76.288596791071527, 11.68379139051846 ], [ 76.287651902571668, 11.684410305385709 ], [ 76.287385645729344, 11.685156054621403 ], [ 76.287555032884583, 11.686109808956502 ], [ 76.287362166958246, 11.686783247030682 ], [ 76.286972031333733, 11.687976431348725 ], [ 76.286994773441236, 11.68843299025866 ], [ 76.287503603597685, 11.689151803657854 ], [ 76.287966587401684, 11.689843539923348 ], [ 76.28825524679101, 11.690706976317378 ], [ 76.288240987217392, 11.692198529617581 ], [ 76.28809392332478, 11.69320189731816 ], [ 76.287437842301799, 11.694060561310739 ], [ 76.286951291122122, 11.695330544335011 ], [ 76.286639021432364, 11.696478529248116 ], [ 76.286854375872181, 11.697147535332299 ], [ 76.287289873821095, 11.697721699349422 ], [ 76.288261912113654, 11.698558258320713 ], [ 76.289669515791502, 11.699638893138147 ], [ 76.290591118489417, 11.700425700683843 ], [ 76.293539600524923, 11.702085324973067 ], [ 76.295818487770049, 11.703771924247285 ], [ 76.297625171286484, 11.704897920292396 ], [ 76.298767105647116, 11.705273448727409 ], [ 76.300381400287478, 11.705368714104047 ], [ 76.302188085900212, 11.706774963749341 ], [ 76.303141850811897, 11.707430593786599 ], [ 76.304659868844467, 11.70761630634123 ], [ 76.306563439499669, 11.706866415937659 ], [ 76.308847479720313, 11.706681623665377 ], [ 76.310746138233313, 11.706962234956272 ], [ 76.314167390095164, 11.707808246870092 ], [ 76.316547610053675, 11.708278779082155 ], [ 76.318542665807996, 11.708559425818111 ], [ 76.320730381284704, 11.708559824790745 ], [ 76.321647779099095, 11.707904663931755 ] ] ] ] } },
{ "type": "Feature", "properties": { "village_code": "627313", "village": "Kidanganad", "village_name": "Kidanganad", "district": "Wayanad", "subdistrict_code": 5636, "households_2011": 2216.0, "population_2011": 9122, "male_population_2011": 4515.0, "female_population_2011": 4607.0 }, "geometry": { "type": "MultiPolygon", "coordinates": [ [ [ [ 76.238098400123718, 11.803520635061433 ], [ 76.239199531695135, 11.803538273186222 ], [ 76.240621999724553, 11.803971617668255 ], [ 76.241512180133171, 11.804215333725967 ], [ 76.24280577858417, 11.803690482255 ], [ 76.244113154714782, 11.803201775340169 ], [ 76.245484865409225, 11.802966158151966 ], [ 76.246755788909695, 11.803065056127316 ], [ 76.247990091982743, 11.803353803162429 ], [ 76.248941950145408, 11.803575885117741 ], [ 76.251893270352838, 11.805255986489263 ], [ 76.255563567357271, 11.807066879679219 ], [ 76.258326332452313, 11.808765273574654 ], [ 76.260610538711205, 11.808991364376213 ], [ 76.263593285789483, 11.809105632133486 ], [ 76.267608409364485, 11.809559508107945 ], [ 76.270935121667208, 11.810239241785888 ], [ 76.273833570516175, 11.810936261916483 ], [ 76.275989094010555, 11.812164134373658 ], [ 76.278276661211407, 11.812390411780168 ], [ 76.280112247075806, 11.81239102906874 ], [ 76.280571607396638, 11.811034184838244 ], [ 76.281604684843359, 11.809366579957416 ], [ 76.282118279628548, 11.80775763016814 ], [ 76.282748246635336, 11.805784106120678 ], [ 76.282864365903293, 11.805420330108742 ], [ 76.284590181547102, 11.801112467930594 ], [ 76.286197126726606, 11.798398974313375 ], [ 76.288263086331156, 11.795120195147575 ], [ 76.288690253234648, 11.794792896271371 ], [ 76.290328475460953, 11.793537650798738 ], [ 76.291475775989568, 11.793085655753606 ], [ 76.293081936382592, 11.792633788460167 ], [ 76.294803070033964, 11.791277277072897 ], [ 76.296868491472466, 11.789355434318832 ], [ 76.299507419423534, 11.78754680891311 ], [ 76.301687403647847, 11.785964209948862 ], [ 76.302719909904255, 11.785625222626173 ], [ 76.305128714806671, 11.786304323305083 ], [ 76.306505358265738, 11.785965408442111 ], [ 76.307652766054176, 11.784834845871959 ], [ 76.308112162109097, 11.782573285590104 ], [ 76.308728144565919, 11.778848654130647 ], [ 76.308916304890417, 11.777710883444335 ], [ 76.309720099143874, 11.774205478615798 ], [ 76.310752894111488, 11.772396377156488 ], [ 76.310868071283949, 11.77036089738111 ], [ 76.310983325946509, 11.767986168755607 ], [ 76.312360253728826, 11.765950969092698 ], [ 76.312910520480742, 11.765273168482755 ], [ 76.313278145485285, 11.764820331765797 ], [ 76.314425708328102, 11.762445821761064 ], [ 76.314655729433596, 11.759618779823647 ], [ 76.314694829461573, 11.759138214453904 ], [ 76.314885745620415, 11.756791736020714 ], [ 76.315639608815786, 11.755889632881553 ], [ 76.316491966526769, 11.75486964652349 ], [ 76.317180591701828, 11.752834279445086 ], [ 76.318314471544724, 11.751323742848825 ], [ 76.318554030967178, 11.751078708045153 ], [ 76.318791633297423, 11.750835674782683 ], [ 76.319507291841845, 11.7505148939221 ], [ 76.319922626462457, 11.750409498811198 ], [ 76.320397239608184, 11.750289063631174 ], [ 76.321745916607739, 11.749981956944556 ], [ 76.322356022550451, 11.749887148150487 ], [ 76.323094581085272, 11.749720043348072 ], [ 76.325411165291939, 11.749232291875563 ], [ 76.326434148822301, 11.748911545033213 ], [ 76.326892874927637, 11.748830262344741 ], [ 76.327869950038007, 11.748703863472365 ], [ 76.32845253778585, 11.748559318652434 ], [ 76.329048900469147, 11.748319854468159 ], [ 76.32961776636742, 11.747913141459387 ], [ 76.33023255641497, 11.747171955560519 ], [ 76.330654617308085, 11.746864660564547 ], [ 76.331168418608613, 11.746552858543064 ], [ 76.331893232688131, 11.746195886056658 ], [ 76.332948341639877, 11.745640080111858 ], [ 76.333838285909579, 11.745260527467231 ], [ 76.334494290673831, 11.744876419244543 ], [ 76.334742020385704, 11.744677573721511 ], [ 76.33519620975116, 11.74416235568872 ], [ 76.335792662891663, 11.743186111427669 ], [ 76.336026121800927, 11.742808292165082 ], [ 76.336242291257463, 11.742458449995191 ], [ 76.336689596882664, 11.741934187657092 ], [ 76.337265306075224, 11.741626902342736 ], [ 76.337977739922252, 11.741358583114252 ], [ 76.338435054398445, 11.741125331377004 ], [ 76.338751045635732, 11.740726049386446 ], [ 76.339054472676992, 11.739764883836745 ], [ 76.339224229701756, 11.739457542037593 ], [ 76.339393977112152, 11.739222523031719 ], [ 76.339641694431137, 11.739041752465877 ], [ 76.340315986138464, 11.738955954434065 ], [ 76.34083432107974, 11.738879175919372 ], [ 76.341157819129862, 11.738929024265101 ], [ 76.341421439373661, 11.738969645486725 ], [ 76.342425920274238, 11.73948052374471 ], [ 76.34337538538631, 11.739783470656324 ], [ 76.344228546953246, 11.739905604403184 ], [ 76.345155104927628, 11.739991583733872 ], [ 76.345870662160095, 11.740077536654452 ], [ 76.347219233962036, 11.740036989402622 ], [ 76.348008190771523, 11.740050626065045 ], [ 76.349026491178336, 11.740104959759774 ], [ 76.349673242857776, 11.740218017856131 ], [ 76.350159459192369, 11.740251961538767 ], [ 76.350292522806825, 11.739784149349914 ], [ 76.350420986794759, 11.739449677788928 ], [ 76.350952887705446, 11.738870884319891 ], [ 76.351567818705973, 11.738342368725561 ], [ 76.352044869721681, 11.738227147124428 ], [ 76.352421034043672, 11.73832785410935 ], [ 76.353108981012426, 11.738952693580332 ], [ 76.353769462252657, 11.739477063878191 ], [ 76.35399997186849, 11.739708568070462 ], [ 76.354494147623498, 11.74020484235267 ], [ 76.355264685834854, 11.741212861045245 ], [ 76.356709459386593, 11.743156564934798 ], [ 76.357328660437233, 11.743870767495798 ], [ 76.357774102890062, 11.744264896900154 ], [ 76.358360707075477, 11.744471992330354 ], [ 76.358842339125985, 11.744589540286569 ], [ 76.359283833753054, 11.744781215335182 ], [ 76.359700078688661, 11.74524047013603 ], [ 76.359938578975743, 11.745742205425788 ], [ 76.360415604942276, 11.746298192929185 ], [ 76.361163259849604, 11.747039512569199 ], [ 76.362360437277275, 11.748174094033711 ], [ 76.362728686651124, 11.748403857445203 ], [ 76.363204456196442, 11.748341369398252 ], [ 76.363849312516251, 11.74811943460003 ], [ 76.364654001431717, 11.747767382771441 ], [ 76.364910882344958, 11.747663430949848 ], [ 76.365416722305383, 11.747846147023926 ], [ 76.365895317507679, 11.748147259107208 ], [ 76.366543871531874, 11.748160686150342 ], [ 76.367525507925862, 11.748251113384942 ], [ 76.36836494913338, 11.748174292801844 ], [ 76.369507144131589, 11.747781074380395 ], [ 76.371429142765663, 11.747148301677722 ], [ 76.372763988250767, 11.746538110548444 ], [ 76.37393369410033, 11.746009275417549 ], [ 76.374319008218734, 11.745805875366235 ], [ 76.375201746061521, 11.745433083077902 ], [ 76.376520785713723, 11.744770788891314 ], [ 76.376896925536812, 11.744580941021306 ], [ 76.377387741181934, 11.744734618752632 ], [ 76.37853623036311, 11.745312833027867 ], [ 76.379220362663034, 11.745766649359664 ], [ 76.380048257616309, 11.746465750295849 ], [ 76.380860528395502, 11.746973916133141 ], [ 76.381406045381581, 11.747084964420596 ], [ 76.383162900247854, 11.747184361440102 ], [ 76.383863302191827, 11.747251516465143 ], [ 76.38463997235489, 11.748065718722104 ], [ 76.385356864571961, 11.748855024644955 ], [ 76.386257368672361, 11.749062777677013 ], [ 76.387052882629106, 11.749896249266913 ], [ 76.387860236077799, 11.75069172374511 ], [ 76.387929076967438, 11.751301919184675 ], [ 76.389222735094648, 11.752964662380794 ], [ 76.390135612933875, 11.754332417420496 ], [ 76.391195330727655, 11.754804202768822 ], [ 76.392438490556714, 11.755201890316458 ], [ 76.393305464369433, 11.755061715091511 ], [ 76.393759558324277, 11.754478602944578 ], [ 76.394392521644548, 11.753479636814841 ], [ 76.395442916852758, 11.752530359484885 ], [ 76.39680981190844, 11.75148161317351 ], [ 76.397275440953223, 11.751115116396495 ], [ 76.397493253027136, 11.750943676660103 ], [ 76.397901497429842, 11.750803524580425 ], [ 76.398543701121881, 11.7508441521364 ], [ 76.39902092086291, 11.750994606454114 ], [ 76.400057547102122, 11.751829386526694 ], [ 76.401658341474175, 11.753327200535921 ], [ 76.411040727517573, 11.758124233353996 ], [ 76.411705627119005, 11.758807798171169 ], [ 76.413407156652752, 11.758842963428739 ], [ 76.414134817046175, 11.758894326310557 ], [ 76.414159363459092, 11.758115171261029 ], [ 76.414246495155666, 11.757708372129398 ], [ 76.41460872072976, 11.756989602288112 ], [ 76.414883887227077, 11.756352269835871 ], [ 76.414925103969736, 11.756035877888952 ], [ 76.414879175171805, 11.755538608125491 ], [ 76.414691050835557, 11.755045984211282 ], [ 76.413957029408266, 11.75450818870149 ], [ 76.413268874658897, 11.753970459556404 ], [ 76.412851378601815, 11.753473253367439 ], [ 76.412530227177456, 11.75298513854413 ], [ 76.412204335918062, 11.751855208866727 ], [ 76.412263909949147, 11.751317567178464 ], [ 76.412300326388433, 11.749075983169009 ], [ 76.41226347623207, 11.74826685980379 ], [ 76.412575349434988, 11.747399017249501 ], [ 76.412804501737654, 11.746558237301979 ], [ 76.412639236001866, 11.745369492928502 ], [ 76.412478608207437, 11.744546901127341 ], [ 76.412317916401463, 11.74371970794328 ], [ 76.411785746449667, 11.743159295841082 ], [ 76.411583872794822, 11.742969500267522 ], [ 76.411180216849061, 11.742720972681379 ], [ 76.410574706958315, 11.742589957151162 ], [ 76.410375142998291, 11.742241921179994 ], [ 76.410762670537295, 11.741880300575637 ], [ 76.411225958267565, 11.741450767282917 ], [ 76.411684544025491, 11.741025897472049 ], [ 76.4121340769114, 11.740632549262063 ], [ 76.412679844428951, 11.740191781137423 ], [ 76.413198118319926, 11.740198513859699 ], [ 76.413835805105634, 11.740614270220815 ], [ 76.414432203967763, 11.741097807749361 ], [ 76.415028582011416, 11.741585854689205 ], [ 76.415629531855146, 11.741992653154053 ], [ 76.416225912286336, 11.742399337740371 ], [ 76.417106624678766, 11.74272014807851 ], [ 76.417744221010381, 11.742760749447982 ], [ 76.418069852111898, 11.742638659259569 ], [ 76.418450548335059, 11.742078050090781 ], [ 76.418542188677009, 11.741531127176353 ], [ 76.418702624900149, 11.741056552697748 ], [ 76.419431848325956, 11.740120790464623 ], [ 76.420248220665158, 11.739347672708268 ], [ 76.421312302916647, 11.738750863695445 ], [ 76.422004834675263, 11.738321358652531 ], [ 76.422435825133888, 11.737548418803193 ], [ 76.422710941527441, 11.736558445522036 ], [ 76.422981386197165, 11.735568536955851 ], [ 76.423591193261586, 11.734334483786906 ], [ 76.424040611133691, 11.733552451753104 ], [ 76.424494510609136, 11.732770351398514 ], [ 76.424820070003022, 11.732273126843991 ], [ 76.425141075879992, 11.731771369968035 ], [ 76.425452781925912, 11.730812992587261 ], [ 76.425544419389922, 11.730193750233376 ], [ 76.425681831699492, 11.72917221392637 ], [ 76.425736851687759, 11.728769970905949 ], [ 76.426007334716104, 11.727983384315575 ], [ 76.426126424326668, 11.727364112716756 ], [ 76.426286925139308, 11.727070303999312 ], [ 76.426585060675109, 11.726880412135541 ], [ 76.426938170776538, 11.726812573118142 ], [ 76.42730507098689, 11.726466695552649 ], [ 76.427346279089534, 11.72601238332885 ], [ 76.4271168980178, 11.725732192742949 ], [ 76.426571025887029, 11.72545211848618 ], [ 76.426314118049461, 11.725185400087913 ], [ 76.426236070591969, 11.724864523731432 ], [ 76.426194621736514, 11.724195609754295 ], [ 76.425855191810783, 11.723757176176415 ], [ 76.425121194168455, 11.723237533277549 ], [ 76.424841301643127, 11.722857858501049 ], [ 76.424744804591114, 11.721682675235893 ], [ 76.424597873892665, 11.720941411041135 ], [ 76.424382309096032, 11.720647676899061 ], [ 76.424015338119418, 11.720326793740224 ], [ 76.423327286770117, 11.720060293725098 ], [ 76.421983360251332, 11.720033338086399 ], [ 76.42159351361974, 11.719911382457642 ], [ 76.421088902829808, 11.719391695175055 ], [ 76.420804428120178, 11.718966807140403 ], [ 76.420565928011754, 11.718768007414143 ], [ 76.420010877277932, 11.71863244081395 ], [ 76.419405431009295, 11.718623501672575 ], [ 76.418804626802128, 11.718619095604591 ], [ 76.418465208973359, 11.718646307805486 ], [ 76.417313863887699, 11.718140169276799 ], [ 76.416722180147843, 11.717878125081006 ], [ 76.416472183704073, 11.717649900340017 ], [ 76.416570768114852, 11.717408042887806 ], [ 76.416978885592471, 11.716974082807306 ], [ 76.416776974005799, 11.716418136529482 ], [ 76.416437531768281, 11.716006839134318 ], [ 76.416180606587787, 11.715568475565521 ], [ 76.416001702226495, 11.71508941066201 ], [ 76.41598784845921, 11.714569569716293 ], [ 76.416139148146897, 11.714072356783483 ], [ 76.416221587591551, 11.71369716012782 ], [ 76.415960113787136, 11.712992086447651 ], [ 76.415616045082317, 11.712657605858038 ], [ 76.415276618280259, 11.712327750639943 ], [ 76.414891259317542, 11.712079177005865 ], [ 76.414505966492939, 11.711835110893249 ], [ 76.414207855394466, 11.711564011822617 ], [ 76.413909681313612, 11.711288310276172 ], [ 76.413528983459102, 11.711057888336756 ], [ 76.41309782627458, 11.711112186083364 ], [ 76.41275848404409, 11.711686203759253 ], [ 76.412565947518544, 11.712224128810426 ], [ 76.412515530048665, 11.712730359701343 ], [ 76.412607327965389, 11.713105506103293 ], [ 76.412680777280784, 11.713652457103658 ], [ 76.41275880566468, 11.714199340945084 ], [ 76.412827708877884, 11.714692064418429 ], [ 76.412676454583334, 11.715211823780079 ], [ 76.412474662391929, 11.715505649407007 ], [ 76.412098554008836, 11.71574531670657 ], [ 76.411745428768398, 11.715835754051948 ], [ 76.411039121602641, 11.715731892915748 ], [ 76.410387781934787, 11.71548789925802 ], [ 76.40974099561106, 11.715248435545156 ], [ 76.409332814044433, 11.715103800769768 ], [ 76.408883302522042, 11.71509936519036 ], [ 76.408433819457017, 11.715090327438924 ], [ 76.407943030008425, 11.71481013071463 ], [ 76.407195349449822, 11.713928857347863 ], [ 76.406901725640495, 11.713594358613738 ], [ 76.406686133199798, 11.712794368298438 ], [ 76.406429171997246, 11.712206820001573 ], [ 76.405965891010737, 11.711659899631581 ], [ 76.405507164488142, 11.711230610539156 ], [ 76.404938458201045, 11.711284852756609 ], [ 76.404599124088818, 11.711510901367239 ], [ 76.404117572820098, 11.71165562908317 ], [ 76.403562531917331, 11.711655644754325 ], [ 76.403346958212182, 11.711325722158987 ], [ 76.403278153860413, 11.710950606275169 ], [ 76.403314764841028, 11.710561823000106 ], [ 76.403346889763711, 11.710173105043847 ], [ 76.403505751112789, 11.709851626306918 ], [ 76.402964434802044, 11.708911371404794 ], [ 76.402235061904506, 11.708188199115657 ], [ 76.401588405475181, 11.708274201494127 ], [ 76.400772092543235, 11.70882571640084 ], [ 76.399868539162455, 11.708866459583911 ], [ 76.398666883138901, 11.70865861732964 ], [ 76.397676262094834, 11.708866618355032 ], [ 76.39660302416884, 11.709038526448122 ], [ 76.395910512787239, 11.70874022604386 ], [ 76.395827860820063, 11.707894974098226 ], [ 76.395827809918814, 11.706959361076052 ], [ 76.395827810803709, 11.7063671898199 ], [ 76.39556635714311, 11.705856450000494 ], [ 76.394965531646065, 11.705562711972913 ], [ 76.394061949330037, 11.705436210483871 ], [ 76.393075963442044, 11.705476997270498 ], [ 76.392470517817856, 11.705223897677588 ], [ 76.392387925602961, 11.704627299308417 ], [ 76.392429155772234, 11.703949229082225 ], [ 76.391869581044816, 11.703104039688169 ], [ 76.39157146791355, 11.702638457493757 ], [ 76.391699812099702, 11.702168398829111 ], [ 76.391997936940157, 11.701915285355641 ], [ 76.392814271135734, 11.701662078222553 ], [ 76.393763650482839, 11.701616855433718 ], [ 76.394364392938428, 11.701490235250729 ], [ 76.394534085614097, 11.701196449448432 ], [ 76.394323067482858, 11.700685634007238 ], [ 76.393933246624485, 11.699967033737481 ], [ 76.393373635914799, 11.699289062727097 ], [ 76.392387566429178, 11.698778354684038 ], [ 76.391869330670104, 11.698100342442849 ], [ 76.39186929471947, 11.697548950785594 ], [ 76.391869263831325, 11.696997471050645 ], [ 76.392126043760285, 11.696405305440072 ], [ 76.392428745526885, 11.695894564179779 ], [ 76.392772603132954, 11.695514815606392 ], [ 76.392946885743783, 11.695089939582259 ], [ 76.3931165524628, 11.694624360523198 ], [ 76.393373317864118, 11.694240162581053 ], [ 76.393460465338592, 11.693946376989498 ], [ 76.393332055568067, 11.693521439970551 ], [ 76.39311644770001, 11.693223174225521 ], [ 76.392428526036213, 11.69309669537064 ], [ 76.39186897966708, 11.692843588188808 ], [ 76.391437931876396, 11.692251476659653 ], [ 76.389915303448944, 11.691781511861123 ], [ 76.388585298614458, 11.691311436875985 ], [ 76.387062635890331, 11.690470787869168 ], [ 76.385260323516675, 11.690000831425595 ], [ 76.383834016617286, 11.690000833741545 ], [ 76.382311494946975, 11.691031431410813 ], [ 76.380788927023261, 11.691311782674104 ], [ 76.379362603418343, 11.691311829575854 ], [ 76.378032633308578, 11.691311779847108 ], [ 76.376037707910641, 11.691126490781963 ], [ 76.374038133064175, 11.691126475592656 ], [ 76.372804512597298, 11.691126473169025 ], [ 76.371185562527529, 11.691501674869421 ], [ 76.369286944151767, 11.692532246725303 ], [ 76.368144998182586, 11.692532190228833 ], [ 76.366718686073398, 11.692157040417939 ], [ 76.364343144628094, 11.691967053611199 ], [ 76.36301315175146, 11.691876679885041 ], [ 76.36082554424901, 11.691781602413769 ], [ 76.358160996616718, 11.691966805493069 ], [ 76.354927774625097, 11.691966655736049 ], [ 76.351887182724766, 11.692251185556932 ], [ 76.350456220543833, 11.693001339169367 ], [ 76.348176926822774, 11.693281417347624 ], [ 76.347034889985736, 11.693656446246731 ], [ 76.345989178169049, 11.694591991481547 ], [ 76.344847069494065, 11.695532102615669 ], [ 76.343328980344964, 11.696092382319057 ], [ 76.341521935267721, 11.696842488187901 ], [ 76.339237938994458, 11.697592627224726 ], [ 76.336197086816384, 11.698622755238418 ], [ 76.335339432435148, 11.699092739990986 ], [ 76.333724934963556, 11.700123121310478 ], [ 76.332105908302665, 11.700683321387581 ], [ 76.329918039725698, 11.701718075470342 ], [ 76.328587833615472, 11.702933739847266 ], [ 76.326780493198029, 11.704999157453159 ], [ 76.325353864881265, 11.706214763540853 ], [ 76.323074293460166, 11.706964699896604 ], [ 76.321647779099095, 11.707904663931755 ], [ 76.320730381284704, 11.708559824790745 ], [ 76.318542665807996, 11.708559425818111 ], [ 76.316547610053675, 11.708278779082155 ], [ 76.314167390095164, 11.707808246870092 ], [ 76.310746138233313, 11.706962234956272 ], [ 76.308847479720313, 11.706681623665377 ], [ 76.306563439499669, 11.706866415937659 ], [ 76.304659868844467, 11.70761630634123 ], [ 76.303141850811897, 11.707430593786599 ], [ 76.302188085900212, 11.706774963749341 ], [ 76.300381400287478, 11.705368714104047 ], [ 76.298767105647116, 11.705273448727409 ], [ 76.297625171286484, 11.704897920292396 ], [ 76.295818487770049, 11.703771924247285 ], [ 76.293539600524923, 11.702085324973067 ], [ 76.290591118489417, 11.700425700683843 ], [ 76.290549714322978, 11.70094095001779 ], [ 76.290498794267506, 11.702473183783722 ], [ 76.290401960361109, 11.704100373766456 ], [ 76.289965995334072, 11.704864146022977 ], [ 76.289433844173089, 11.7053883111091 ], [ 76.288580830142635, 11.705365448525924 ], [ 76.287828833081093, 11.704696293667473 ], [ 76.287586009405302, 11.704027280526297 ], [ 76.287297241981136, 11.703331104580668 ], [ 76.286737854691083, 11.702878893398182 ], [ 76.285866536333884, 11.70266172190621 ], [ 76.285261152332694, 11.702711201161714 ], [ 76.284481331262086, 11.70321267577167 ], [ 76.284096345354584, 11.702399002598112 ], [ 76.283633354607289, 11.701775040763431 ], [ 76.28295467636778, 11.701557902400523 ], [ 76.282321793962879, 11.701390470190589 ], [ 76.28186308862513, 11.701512292273275 ], [ 76.281642800483937, 11.701991412811539 ], [ 76.2815691272462, 11.702972188288211 ], [ 76.281692636695155, 11.703858164048782 ], [ 76.281935400724635, 11.704671850808491 ], [ 76.281765414454398, 11.705602959753621 ], [ 76.281498812411229, 11.707230079750444 ], [ 76.281957053328469, 11.708568151922799 ], [ 76.282369465411108, 11.709526504918133 ], [ 76.281736335277245, 11.710077700888482 ], [ 76.280984146079561, 11.710222103330734 ], [ 76.280333038905169, 11.709715700649379 ], [ 76.279943507329349, 11.708856781527214 ], [ 76.279737407674475, 11.708020497691006 ], [ 76.279035899775977, 11.707373888371826 ], [ 76.279013340917359, 11.706320698526129 ], [ 76.279156047717052, 11.704933151557203 ], [ 76.278890167726772, 11.704548790204331 ], [ 76.278211373964567, 11.704571166439843 ], [ 76.277023157257133, 11.705411545342043 ], [ 76.275784648393071, 11.706174938288386 ], [ 76.274472733013994, 11.70677118658617 ], [ 76.272628701246134, 11.707444008747562 ], [ 76.270495597172669, 11.708636524989972 ], [ 76.269302939255425, 11.709237282493552 ], [ 76.268991181472998, 11.708970479058182 ], [ 76.268858542789204, 11.707872018846498 ], [ 76.268858802012787, 11.707225721270849 ], [ 76.269148533747227, 11.705169202689099 ], [ 76.268979187967744, 11.704210852025373 ], [ 76.268566630612469, 11.703731642734088 ], [ 76.268300638278234, 11.70368628073817 ], [ 76.26733251137675, 11.704806950067072 ], [ 76.26623614263768, 11.705380514001185 ], [ 76.265001958507952, 11.7064604053986 ], [ 76.264029422785825, 11.707151556983355 ], [ 76.263424134510331, 11.706866609209746 ], [ 76.262988641349807, 11.70622002046632 ], [ 76.262163685080822, 11.704804935613074 ], [ 76.261370949502378, 11.703281387247275 ], [ 76.260546152031367, 11.701341955838322 ], [ 76.259382133928682, 11.699212558356178 ], [ 76.258557316986241, 11.697539821965394 ], [ 76.257975453405564, 11.696197128991765 ], [ 76.257512716357482, 11.694953968514772 ], [ 76.257540646603815, 11.693995749937212 ], [ 76.25747728316648, 11.692119850976768 ], [ 76.25745465306764, 11.691401202702361 ], [ 76.257065041964466, 11.69079983714275 ], [ 76.256193856090263, 11.69034747326665 ], [ 76.255221750687909, 11.689962892423813 ], [ 76.254249738887353, 11.689388473216068 ], [ 76.253525611824188, 11.688312354123822 ], [ 76.253283151583403, 11.68701952259004 ], [ 76.253233243097185, 11.68565445605509 ], [ 76.253160340607039, 11.684578641274364 ], [ 76.25304138563385, 11.683887067112224 ], [ 76.252922434869149, 11.683263219513538 ], [ 76.252945642273033, 11.682616860178186 ], [ 76.253115608832587, 11.682092663794919 ], [ 76.253331325935406, 11.681541263149482 ], [ 76.253492142670922, 11.680881378052147 ], [ 76.253538549246258, 11.679710772815667 ], [ 76.253685578176999, 11.678992093361835 ], [ 76.253951850468852, 11.678418212000391 ], [ 76.25409881416698, 11.677844183815958 ], [ 76.254218385724329, 11.677030639272362 ], [ 76.254292119950364, 11.67631202817517 ], [ 76.254535451894526, 11.675665769887891 ], [ 76.254705259144785, 11.675381011647493 ], [ 76.254971313802073, 11.675069286134422 ], [ 76.255531025174889, 11.674613029631642 ], [ 76.25609067630397, 11.674233513483072 ], [ 76.256645716013679, 11.673872180372321 ], [ 76.257182369105948, 11.673632830596006 ], [ 76.257595114768421, 11.673492856065669 ], [ 76.258104261930711, 11.673371008186292 ], [ 76.258489497221376, 11.673253669032201 ], [ 76.258636324389954, 11.672941883979432 ], [ 76.258976027291752, 11.672150974713269 ], [ 76.259187223932088, 11.671626702074267 ], [ 76.259985329107792, 11.671143396856793 ], [ 76.26096238045298, 11.670619499011064 ], [ 76.261934705273475, 11.670185922934362 ], [ 76.262246688021548, 11.669788278293622 ], [ 76.262733114403076, 11.669092378154069 ], [ 76.26043124766791, 11.66843609804023 ], [ 76.258344875420804, 11.668213767717853 ], [ 76.256129999723271, 11.66808182562724 ], [ 76.254974176267567, 11.668388631787252 ], [ 76.252360015551972, 11.66912883138138 ], [ 76.250364940551734, 11.669652298662944 ], [ 76.248985356211293, 11.669955513353177 ], [ 76.247919139421825, 11.670381578953752 ], [ 76.242618995943161, 11.671402139897044 ], [ 76.238912828092396, 11.674365456715446 ], [ 76.237057590122106, 11.675878822240707 ], [ 76.234336582027282, 11.676609323417308 ], [ 76.234341530042357, 11.677725804061247 ], [ 76.234349113076505, 11.679430073673082 ], [ 76.233693316573422, 11.68047712493887 ], [ 76.232826252782218, 11.680417572994171 ], [ 76.231228759061949, 11.679050147795591 ], [ 76.229566864981351, 11.678663992094977 ], [ 76.225973624958726, 11.678154961414354 ], [ 76.224313503011601, 11.678162073245486 ], [ 76.223117895546736, 11.678492655203707 ], [ 76.223253797727267, 11.67914753917618 ], [ 76.223594879517961, 11.680588192636828 ], [ 76.224066401803555, 11.682484744696861 ], [ 76.224542601645112, 11.684381340999604 ], [ 76.224385030342418, 11.685874513722386 ], [ 76.224348834100439, 11.686217507961134 ], [ 76.225621255712312, 11.686668662442537 ], [ 76.227276481246577, 11.687619973041896 ], [ 76.227948345867063, 11.688123348350473 ], [ 76.230643074827427, 11.689221638025206 ], [ 76.231154758434371, 11.690329254742471 ], [ 76.231773267922975, 11.691208097159365 ], [ 76.232208088067637, 11.692051521544203 ], [ 76.232206019292818, 11.69263018864171 ], [ 76.231928796202823, 11.693191866481099 ], [ 76.230378730288692, 11.695644647022114 ], [ 76.229900148806223, 11.695980702384196 ], [ 76.228640043055762, 11.696248325950203 ], [ 76.228112293844674, 11.697236115172467 ], [ 76.226725225768035, 11.698878445518513 ], [ 76.22666830161657, 11.700515127818573 ], [ 76.225005444637148, 11.70098331660218 ], [ 76.222619876771461, 11.701906696717424 ], [ 76.222098985077935, 11.702360923206168 ], [ 76.221893728484645, 11.702633103874433 ], [ 76.221539773047965, 11.703493444796965 ], [ 76.221940750579833, 11.707062996901362 ], [ 76.222207511214918, 11.70723811732921 ], [ 76.22254382756465, 11.707571241011278 ], [ 76.223470870896023, 11.708729075735096 ], [ 76.223834858238007, 11.70911172319202 ], [ 76.224304554506773, 11.709521152529847 ], [ 76.224760111351998, 11.709858234052749 ], [ 76.225615643080488, 11.710406011253891 ], [ 76.226787066350411, 11.710816912095108 ], [ 76.228764722980728, 11.7109937421602 ], [ 76.229288625410064, 11.711217528768728 ], [ 76.229836059434135, 11.711585881634189 ], [ 76.230456286755924, 11.711818247913156 ], [ 76.230892556611749, 11.711929411895412 ], [ 76.234077448217434, 11.71230899862595 ], [ 76.234042560373254, 11.716861293084785 ], [ 76.23308678129824, 11.725770849461528 ], [ 76.23223903935903, 11.730105128983958 ], [ 76.230919509278195, 11.731485109561453 ], [ 76.219797557797165, 11.740230323263937 ], [ 76.219962680254923, 11.74111318614364 ], [ 76.225978235696502, 11.749600186841121 ], [ 76.226783149785831, 11.751106739790815 ], [ 76.225923859550178, 11.751829243473567 ], [ 76.226061872312741, 11.752945297362746 ], [ 76.227062383707505, 11.754053087464865 ], [ 76.228565470422481, 11.757658319767545 ], [ 76.228128949116879, 11.763191939840182 ], [ 76.226231100890928, 11.766337418769693 ], [ 76.223965425809098, 11.772480839710859 ], [ 76.221527504620482, 11.781439565286773 ], [ 76.22018362205354, 11.790383870125405 ], [ 76.220378376396241, 11.791883833794271 ], [ 76.221142087271161, 11.792350681928585 ], [ 76.220955575042439, 11.792726652630758 ], [ 76.220002543858499, 11.793011008159089 ], [ 76.219625889830098, 11.793952941761859 ], [ 76.220486770487511, 11.794604700832025 ], [ 76.220117109375067, 11.797142265681019 ], [ 76.219071839422654, 11.797332153907952 ], [ 76.219078911647614, 11.798927875851255 ], [ 76.218989634463313, 11.800523947690353 ], [ 76.218805219077865, 11.801370123831129 ], [ 76.21756727811993, 11.80156528735235 ], [ 76.217190529335639, 11.802502642839947 ], [ 76.21699956384704, 11.802883197892697 ], [ 76.216430617366868, 11.802885560550253 ], [ 76.216725769192635, 11.805320873885089 ], [ 76.21711364992386, 11.80691498450669 ], [ 76.217309248049432, 11.807574092573192 ], [ 76.216835408457683, 11.808326560963851 ], [ 76.21702723350603, 11.80917106973035 ], [ 76.217226995453203, 11.810766004572171 ], [ 76.216467787277068, 11.811329757400923 ], [ 76.216952042020324, 11.812923388719501 ], [ 76.216669547867198, 11.814429975310942 ], [ 76.217243931328909, 11.814612806209409 ], [ 76.217535712468532, 11.816266141893108 ], [ 76.217542338069649, 11.817766860967671 ], [ 76.218193732531844, 11.817923852692957 ], [ 76.218261958095368, 11.817551494267281 ], [ 76.218112129997692, 11.815699828390928 ], [ 76.21805939629175, 11.815100253220924 ], [ 76.218116675926751, 11.814398481340385 ], [ 76.218456032168731, 11.813892130059925 ], [ 76.219978751273061, 11.812268946246681 ], [ 76.221872842480693, 11.809940508556032 ], [ 76.223624898722818, 11.808244905821615 ], [ 76.225546873424065, 11.807046432785915 ], [ 76.226945921767594, 11.806196175352966 ], [ 76.228216670497872, 11.805811516011865 ], [ 76.229253397303808, 11.805350098992449 ], [ 76.230666392379348, 11.805028655291393 ], [ 76.232510733351234, 11.804896883766734 ], [ 76.234075128399809, 11.804575368090729 ], [ 76.236084440578082, 11.803964388264047 ], [ 76.237350628328912, 11.80370173120283 ], [ 76.238098400123718, 11.803520635061433 ] ] ] ] } },
{ "type": "Feature", "properties": { "village_code": "627308", "village": "Kanjirangad", "village_name": "Kanjirangad", "district": "Wayanad", "subdistrict_code": 5635, "households_2011": 2725.0, "population_2011": 11811, "male_population_2011": 5877.0, "female_population_2011": 5934.0 }, "geometry": { "type": "MultiPolygon", "coordinates": [ [ [ [ 75.916116688980154, 11.781674277755258 ], [ 75.918263831991553, 11.781608650139313 ], [ 75.922380261466273, 11.781830396947713 ], [ 75.923391756675727, 11.781063049348511 ], [ 75.924882767356138, 11.779647696288729 ], [ 75.925057258573148, 11.778295414504148 ], [ 75.925472333271742, 11.777584232581969 ], [ 75.926244433717002, 11.776582614084409 ], [ 75.926716480064272, 11.775052975981147 ], [ 75.928020789916104, 11.772697923420722 ], [ 75.928729690663474, 11.770634015995117 ], [ 75.929206380410207, 11.770514972044971 ], [ 75.928424339204, 11.769884553748772 ], [ 75.927201702538326, 11.769242038011958 ], [ 75.926544280584281, 11.768855409333129 ], [ 75.925926216353844, 11.767867349022344 ], [ 75.925488487635633, 11.767308171551328 ], [ 75.925271668500713, 11.76696521971693 ], [ 75.924963096397903, 11.766622627761274 ], [ 75.92441627956309, 11.766364498875623 ], [ 75.924002113411802, 11.765979246740732 ], [ 75.924174968858267, 11.765549247276978 ], [ 75.924868010852308, 11.764254036796062 ], [ 75.925649162595676, 11.76321619212092 ], [ 75.927088052737361, 11.762696149914209 ], [ 75.928923541880962, 11.762776033170887 ], [ 75.930148055768299, 11.762640933158567 ], [ 75.931193238386783, 11.762379829699128 ], [ 75.932020893038498, 11.761558894131751 ], [ 75.933022011008973, 11.760479556244782 ], [ 75.933502163679961, 11.76000335786804 ], [ 75.934069305504849, 11.759486061510753 ], [ 75.936948321206927, 11.758830149774308 ], [ 75.939042799159651, 11.75817679845423 ], [ 75.9407437407244, 11.757827630007768 ], [ 75.941918626570683, 11.756575916459797 ], [ 75.942050161466511, 11.756141491841547 ], [ 75.941914637434422, 11.755409549000921 ], [ 75.940905262965913, 11.754038555889956 ], [ 75.940599906488856, 11.753307116812637 ], [ 75.941776385906664, 11.752525645578121 ], [ 75.942557393826078, 11.75149235348918 ], [ 75.943582123383209, 11.751314898145601 ], [ 75.943948668992874, 11.750493157389267 ], [ 75.944121352378787, 11.750022380324994 ], [ 75.945520627711062, 11.750017779391458 ], [ 75.94617828602118, 11.750485762430234 ], [ 75.946308826024193, 11.751091160118976 ], [ 75.946617654461903, 11.751519574985601 ], [ 75.947360742442001, 11.75147640943408 ], [ 75.947666013264893, 11.750869651845216 ], [ 75.947837916165014, 11.750136701118171 ], [ 75.948226960794699, 11.749877640450274 ], [ 75.949449623474422, 11.749227146316917 ], [ 75.949766565784998, 11.747978252416443 ], [ 75.950167855360377, 11.747289785337021 ], [ 75.950979288156688, 11.747115301714656 ], [ 75.95097777650227, 11.746658714294869 ], [ 75.951963528489685, 11.74648357034145 ], [ 75.95225038388412, 11.745854282439371 ], [ 75.952247992873708, 11.745167101049743 ], [ 75.952068944461573, 11.743797824088814 ], [ 75.951835906730992, 11.742713608882442 ], [ 75.950559133257471, 11.742315448910503 ], [ 75.948818862135226, 11.741864634968055 ], [ 75.948120419735076, 11.741527945530802 ], [ 75.946675158363391, 11.74147389612153 ], [ 75.94562795115182, 11.741133801282496 ], [ 75.944931743170358, 11.740109875523743 ], [ 75.943872848870498, 11.74033945043734 ], [ 75.943007498632767, 11.740853156968328 ], [ 75.94198181408396, 11.74143068572366 ], [ 75.941574911601762, 11.741834357913348 ], [ 75.940936842881854, 11.741718909756985 ], [ 75.939485750198173, 11.741325896090038 ], [ 75.938792064609657, 11.741043330440313 ], [ 75.938393070594273, 11.741076285923377 ], [ 75.934591084679283, 11.741405180240891 ], [ 75.932389724621771, 11.740268651336756 ], [ 75.931810129663134, 11.739813936103213 ], [ 75.928916214485866, 11.740053863459799 ], [ 75.927105063837814, 11.738981498940037 ], [ 75.926622552744504, 11.738745754694802 ], [ 75.926360698995907, 11.738638075002621 ], [ 75.925984044031935, 11.738490137765824 ], [ 75.925460982022116, 11.738455655103872 ], [ 75.92519942318134, 11.738456498905389 ], [ 75.924677218279115, 11.738679667412077 ], [ 75.923816301616725, 11.739161724317752 ], [ 75.922923466456723, 11.739680026944315 ], [ 75.922343567929957, 11.739714772037191 ], [ 75.922072371412696, 11.73971889929361 ], [ 75.921744685342986, 11.739726454149617 ], [ 75.920938188534464, 11.740016424912477 ], [ 75.920117568176195, 11.740204453289032 ], [ 75.91940636129938, 11.740170533601422 ], [ 75.919071465672118, 11.740171617161254 ], [ 75.918584679201103, 11.740024033305039 ], [ 75.91824495376828, 11.739952722848907 ], [ 75.917721042349882, 11.739660560047632 ], [ 75.917082959715358, 11.739549605583862 ], [ 75.91626103142579, 11.739330741709473 ], [ 75.915475820204222, 11.739111657711671 ], [ 75.914952167565843, 11.738891836898937 ], [ 75.914349887984301, 11.738491429361879 ], [ 75.914051222607938, 11.73836125000887 ], [ 75.913674727804448, 11.738272053623174 ], [ 75.91341313482971, 11.738236703330969 ], [ 75.913114119983405, 11.737979997918915 ], [ 75.912851977495635, 11.73779542830162 ], [ 75.912608422468281, 11.737665152253568 ], [ 75.912328368102351, 11.737611771348714 ], [ 75.91175827957214, 11.73723153553685 ], [ 75.909216327833363, 11.734294298101499 ], [ 75.907937316324009, 11.731789149600937 ], [ 75.906999497233258, 11.728365315337458 ], [ 75.906997620870641, 11.727795630170396 ], [ 75.908958538835179, 11.725619334217312 ], [ 75.909184496720698, 11.724592354655812 ], [ 75.908137608412247, 11.722882294001403 ], [ 75.908597215624326, 11.721741504383713 ], [ 75.908820575723524, 11.719914385060873 ], [ 75.908470766831641, 11.718134193473272 ], [ 75.906962419202074, 11.716999685267901 ], [ 75.905223871234895, 11.717005186438492 ], [ 75.90418175977203, 11.716777886124415 ], [ 75.903600815915112, 11.715866549877791 ], [ 75.903476524313305, 11.712901126169889 ], [ 75.900924302945128, 11.710965192081709 ], [ 75.899069293277137, 11.710401377635444 ], [ 75.898832063148319, 11.709375880302082 ], [ 75.899988844709824, 11.708228384421458 ], [ 75.901257293221491, 11.707541742979291 ], [ 75.90102425605717, 11.706398673929431 ], [ 75.902061456082407, 11.705143117560544 ], [ 75.902174236717386, 11.704568557314087 ], [ 75.901480484127504, 11.704231720118427 ], [ 75.901819015883717, 11.702517161865901 ], [ 75.901817485229159, 11.702060549611236 ], [ 75.901237267259177, 11.701375209505713 ], [ 75.900193895669133, 11.700695792786959 ], [ 75.900065181087214, 11.698422770103829 ], [ 75.89738610987277, 11.697702769358003 ], [ 75.896624070686002, 11.697519809467446 ], [ 75.894768234977022, 11.69808624308514 ], [ 75.893375237159702, 11.698551675494762 ], [ 75.891228233539564, 11.698463457019441 ], [ 75.889704033973544, 11.698043168364492 ], [ 75.888560536308077, 11.697626324808594 ], [ 75.887465929677489, 11.698145109122454 ], [ 75.884892764519364, 11.698198226629891 ], [ 75.882268622214809, 11.698066194482093 ], [ 75.88035411283272, 11.698985305613881 ], [ 75.878928222297915, 11.700630842811288 ], [ 75.876360968758789, 11.702569149584946 ], [ 75.875207998556746, 11.703522071001785 ], [ 75.876172776198942, 11.705463075699823 ], [ 75.876869813366895, 11.706830809906466 ], [ 75.877797426819527, 11.707171539711794 ], [ 75.879765723125445, 11.70727853071994 ], [ 75.881736730788688, 11.706815885839735 ], [ 75.883240496980818, 11.706585185179245 ], [ 75.8849804884495, 11.707036390979363 ], [ 75.885237007902205, 11.70692264294693 ], [ 75.885701910393962, 11.708921709960988 ], [ 75.886306976046214, 11.710221826662611 ], [ 75.88648587583809, 11.711649939899134 ], [ 75.887390754475106, 11.713473636255189 ], [ 75.887567894325258, 11.714359164601181 ], [ 75.887659578959486, 11.715787494164385 ], [ 75.887486235619136, 11.71606835078148 ], [ 75.887079065376696, 11.716413192463364 ], [ 75.886591301746833, 11.717386756906139 ], [ 75.886395113548275, 11.719155086160123 ], [ 75.886311783318192, 11.720357950440132 ], [ 75.886517687910711, 11.721641217303537 ], [ 75.886842982998047, 11.722951376757001 ], [ 75.886987821467983, 11.723778185640862 ], [ 75.88696318368136, 11.724686985193102 ], [ 75.886471871142248, 11.725976999399544 ], [ 75.886131731323204, 11.727203263453337 ], [ 75.886364774945378, 11.728346352462768 ], [ 75.886861582004613, 11.728774323392045 ], [ 75.88799193978295, 11.729340487460385 ], [ 75.889181552702809, 11.729806959037356 ], [ 75.889787417395794, 11.729890947986789 ], [ 75.890974694348316, 11.729629574339056 ], [ 75.89204796541145, 11.729567418226418 ], [ 75.892627346561255, 11.729967976372865 ], [ 75.893556860716743, 11.730851258738472 ], [ 75.894023208327724, 11.731790150046521 ], [ 75.894166590183161, 11.732160410271991 ], [ 75.894143763516496, 11.733616202515616 ], [ 75.894173625050499, 11.734330493029679 ], [ 75.89434884667574, 11.734614709828248 ], [ 75.894931755459567, 11.734698835596312 ], [ 75.895510274018747, 11.734841644684465 ], [ 75.896236274920284, 11.735210137964613 ], [ 75.897017394794347, 11.735578407803741 ], [ 75.897046697328889, 11.736147906726581 ], [ 75.897222708211018, 11.736662801182309 ], [ 75.897512650245091, 11.736946702530179 ], [ 75.898789894418599, 11.737539473106677 ], [ 75.898617842823413, 11.73822262972166 ], [ 75.898651480846283, 11.738710801765802 ], [ 75.898914285083848, 11.739107852904606 ], [ 75.899232717666919, 11.73967645136193 ], [ 75.899639001916739, 11.740475433809424 ], [ 75.899850151012188, 11.741930490615017 ], [ 75.899820353225721, 11.74264489559172 ], [ 75.899420857473544, 11.74396175087227 ], [ 75.898670289262711, 11.744506640306142 ], [ 75.897307362136274, 11.744397893625914 ], [ 75.896697448637667, 11.74448574967457 ], [ 75.896033245306882, 11.744799736660896 ], [ 75.89502039690619, 11.745114893216183 ], [ 75.894382787218163, 11.745148544750204 ], [ 75.894038241440441, 11.745004959842101 ], [ 75.893394366837299, 11.744523154029798 ], [ 75.893104233606209, 11.744180507929933 ], [ 75.89249309199306, 11.743870492306403 ], [ 75.891364162339514, 11.743758714465073 ], [ 75.88997323723251, 11.743507600381928 ], [ 75.889455468356772, 11.743708130880814 ], [ 75.88908047004719, 11.744080012965036 ], [ 75.88827014359336, 11.744597962548532 ], [ 75.8878351329232, 11.744856978124632 ], [ 75.887229607870538, 11.744886018045918 ], [ 75.886707322419937, 11.745118163197059 ], [ 75.886621464019257, 11.745516311468965 ], [ 75.88699964158144, 11.74614359280296 ], [ 75.88717563054378, 11.746658427654754 ], [ 75.887089775231161, 11.747056487337582 ], [ 75.886773575981451, 11.747170525139346 ], [ 75.886190487327084, 11.747032145739913 ], [ 75.885468573976212, 11.746546162691212 ], [ 75.885032835099821, 11.746579175069744 ], [ 75.884859699993612, 11.746950366307093 ], [ 75.884513733639992, 11.747805968244405 ], [ 75.884014873958549, 11.748173737555897 ], [ 75.883680195837186, 11.748247094766862 ], [ 75.882735391302333, 11.748340406978365 ], [ 75.881864253454495, 11.748514861500599 ], [ 75.881595222351649, 11.748893359914229 ], [ 75.881425945574236, 11.749104964226184 ], [ 75.881610295943773, 11.749340723537498 ], [ 75.881862310976985, 11.749445745300587 ], [ 75.882106368960606, 11.749565207342215 ], [ 75.882466512632774, 11.750269389661272 ], [ 75.882051068255691, 11.750917135192946 ], [ 75.881565071560914, 11.752473892367087 ], [ 75.881361174321526, 11.753261115546321 ], [ 75.881403946471693, 11.753735733143154 ], [ 75.880867753204456, 11.753913700659377 ], [ 75.880330931156465, 11.753915371823314 ], [ 75.878961923818849, 11.75333636030421 ], [ 75.877648258436395, 11.752870252773585 ], [ 75.876082886209389, 11.752581175797221 ], [ 75.875693401335838, 11.752736018985905 ], [ 75.875846707750995, 11.753341432407648 ], [ 75.876273275382843, 11.754755178864107 ], [ 75.875869585823224, 11.754765456899156 ], [ 75.876861823415467, 11.75515122689001 ], [ 75.877056096504333, 11.7556614784083 ], [ 75.876189596767446, 11.755867609623666 ], [ 75.876307449483832, 11.756843773311497 ], [ 75.877955817317911, 11.757250085188129 ], [ 75.8800335274411, 11.758500518172516 ], [ 75.880826557795231, 11.75973231982482 ], [ 75.880320779532241, 11.760818898316968 ], [ 75.879672686790002, 11.761887843660466 ], [ 75.879019017281266, 11.762653961434681 ], [ 75.877883848687105, 11.763502818155841 ], [ 75.877654508427881, 11.764972848188762 ], [ 75.878193149926872, 11.765558899634236 ], [ 75.880195067856604, 11.766013908542027 ], [ 75.880341088114349, 11.767211491150224 ], [ 75.881290345599979, 11.768506111570046 ], [ 75.88264785757913, 11.769749694999534 ], [ 75.884974239448226, 11.769819286537741 ], [ 75.885866303887497, 11.770404304607974 ], [ 75.885387186677264, 11.7726888926861 ], [ 75.885215126741215, 11.774814261491851 ], [ 75.885914556775106, 11.776891738996238 ], [ 75.887108242026926, 11.777123118245305 ], [ 75.889466250853431, 11.775578627625379 ], [ 75.892386301218451, 11.774746649740591 ], [ 75.895200761220678, 11.775316552892821 ], [ 75.895787482698722, 11.775147456856757 ], [ 75.897396060493364, 11.774554604813382 ], [ 75.898841529750996, 11.773193816808551 ], [ 75.901406132250742, 11.773126887006828 ], [ 75.903061862506704, 11.772954391867163 ], [ 75.904551671082586, 11.772533718075866 ], [ 75.905982662588997, 11.772352854972237 ], [ 75.906102646657288, 11.772587608248015 ], [ 75.904732163695272, 11.773007838959332 ], [ 75.903422083395441, 11.773658487525315 ], [ 75.902175257177021, 11.775425675051842 ], [ 75.9003578936845, 11.776710795681662 ], [ 75.899795542401634, 11.777331977533448 ], [ 75.899179554368331, 11.778373754579393 ], [ 75.90007631916248, 11.779017382441879 ], [ 75.902189358195002, 11.779743146896141 ], [ 75.902819329715385, 11.780175128775292 ], [ 75.902577701691627, 11.782038557195079 ], [ 75.901252999063573, 11.783860130990346 ], [ 75.902410012651359, 11.785488492992052 ], [ 75.903827150774134, 11.786700175438204 ], [ 75.904837917434079, 11.788491797371822 ], [ 75.906273075187841, 11.788175252298117 ], [ 75.907463946031214, 11.787525007941616 ], [ 75.909073476969297, 11.787225968540984 ], [ 75.910265286462618, 11.786869492108568 ], [ 75.912428398152301, 11.784688079820166 ], [ 75.91349920453743, 11.78380303397782 ], [ 75.914628985089706, 11.782736977138528 ], [ 75.916116688980154, 11.781674277755258 ] ] ] ] } },
{ "type": "Feature", "properties": { "village_code": "627297", "village": "Thavinhal", "village_name": "Thavinhal", "district": "Wayanad", "subdistrict_code": 5635, "households_2011": 4209.0, "population_2011": 17840, "male_population_2011": 8761.0, "female_population_2011": 9079.0 }, "geometry": { "type": "MultiPolygon", "coordinates": [ [ [ [ 75.950141189230422, 11.897866866825867 ], [ 75.952337807265053, 11.897271705720911 ], [ 75.953505209352159, 11.898999295783151 ], [ 75.95473272899244, 11.89955569705125 ], [ 75.955959172026738, 11.899800221047762 ], [ 75.957183371544147, 11.899389137355261 ], [ 75.957873966346384, 11.898677037563711 ], [ 75.958336342006177, 11.897002767567798 ], [ 75.960441728838589, 11.896561590360271 ], [ 75.963706592137953, 11.89432174220433 ], [ 75.967001456133005, 11.892764283276403 ], [ 75.967751280365349, 11.891925389855539 ], [ 75.969788633410531, 11.890462663882634 ], [ 75.972079191525737, 11.889184486584032 ], [ 75.974684907633844, 11.888773089793045 ], [ 75.975483601350561, 11.888783919686647 ], [ 75.9756552182657, 11.888471605763579 ], [ 75.97405746359766, 11.886587204966169 ], [ 75.97176954618746, 11.884705390450398 ], [ 75.971125040226553, 11.88416964399401 ], [ 75.970759534574924, 11.883348080804593 ], [ 75.970875877333214, 11.882506790322886 ], [ 75.970813848928273, 11.881846932712568 ], [ 75.970628930062986, 11.881458791495071 ], [ 75.969501391014091, 11.88062180943926 ], [ 75.967823793063246, 11.879967503811363 ], [ 75.965962290549868, 11.879250503498412 ], [ 75.965382987329306, 11.878954119472111 ], [ 75.963737804707193, 11.878390121683601 ], [ 75.964152267391057, 11.876168955526468 ], [ 75.963928960160601, 11.875315309587636 ], [ 75.96357614067135, 11.874195385828074 ], [ 75.963353473355184, 11.873508899290876 ], [ 75.963223129050803, 11.872993965711983 ], [ 75.962301100287561, 11.871830727533236 ], [ 75.962734257608318, 11.871011052539274 ], [ 75.962905597856604, 11.870151498426679 ], [ 75.96272634296767, 11.868773242949869 ], [ 75.962198480270004, 11.867441374456705 ], [ 75.960922695596523, 11.864859785716813 ], [ 75.960300783803916, 11.861588798324322 ], [ 75.959987781092963, 11.860025589966243 ], [ 75.959892036175688, 11.857571144858619 ], [ 75.96005940531937, 11.855545227946722 ], [ 75.960139940950725, 11.853650700113308 ], [ 75.959786184308086, 11.85223239249625 ], [ 75.959214120359661, 11.851370850794787 ], [ 75.958689096824116, 11.85085725292279 ], [ 75.958467760386185, 11.850555096566287 ], [ 75.958378928659357, 11.850085228723721 ], [ 75.958899953679648, 11.849477650418867 ], [ 75.959861487071336, 11.848827921017515 ], [ 75.961520777639976, 11.848220994556005 ], [ 75.962257698211275, 11.847657948458126 ], [ 75.962823227064703, 11.846665932734554 ], [ 75.963696909649343, 11.845844685636594 ], [ 75.964437992502283, 11.845150453945584 ], [ 75.964896422667394, 11.845017832284494 ], [ 75.966446351202478, 11.844659899442746 ], [ 75.967816563856871, 11.84406749755532 ], [ 75.968230620459323, 11.843062451925023 ], [ 75.969124470540919, 11.842765494135612 ], [ 75.969601150856334, 11.842587624607226 ], [ 75.970732013901554, 11.841819707912233 ], [ 75.974186041630318, 11.840044726288776 ], [ 75.976155553951244, 11.838975527638183 ], [ 75.978418234439076, 11.837733533308493 ], [ 75.979253490740305, 11.837730670110449 ], [ 75.97985189665873, 11.838257512583882 ], [ 75.980628084903927, 11.838431196932337 ], [ 75.981703463770117, 11.838838877337736 ], [ 75.982950004467355, 11.837071417962543 ], [ 75.983066354936057, 11.836248212897797 ], [ 75.98234733243288, 11.835369151320938 ], [ 75.981685779733851, 11.833897589658056 ], [ 75.981741919430547, 11.832898367977988 ], [ 75.98239272495924, 11.831368041702421 ], [ 75.978873510459366, 11.831556531374032 ], [ 75.977619059030573, 11.831090653237698 ], [ 75.977258237905176, 11.830269118144923 ], [ 75.976776775488815, 11.829090830039645 ], [ 75.976592333915079, 11.827563399404672 ], [ 75.976524186248412, 11.825149549977708 ], [ 75.975295271712014, 11.824127555462667 ], [ 75.973737080167069, 11.822130169515844 ], [ 75.973251547911246, 11.819780947875929 ], [ 75.972203336997083, 11.81921942898995 ], [ 75.971368535403741, 11.819339830536194 ], [ 75.970475835254959, 11.819930597195677 ], [ 75.969223929915387, 11.820169977331586 ], [ 75.968088576686711, 11.819644860763304 ], [ 75.967190003026516, 11.818590074348947 ], [ 75.966947719958853, 11.817528537330197 ], [ 75.966943160424506, 11.816235590298634 ], [ 75.967467730700847, 11.815352234960903 ], [ 75.968421992778559, 11.8152901745341 ], [ 75.969076579500253, 11.814817778147615 ], [ 75.969015091837591, 11.814289014631871 ], [ 75.96811262675871, 11.812117562720445 ], [ 75.967932603875383, 11.811819787414171 ], [ 75.967569516644346, 11.810351817770519 ], [ 75.9672056711062, 11.808648612259399 ], [ 75.966067283136852, 11.807241978001166 ], [ 75.964850655358532, 11.805736138014487 ], [ 75.964328726212003, 11.804775023433969 ], [ 75.964386087271976, 11.804128363695559 ], [ 75.964978309686472, 11.80289210678337 ], [ 75.96521203047844, 11.801480806550513 ], [ 75.964254524645767, 11.800602510339276 ], [ 75.963116994908546, 11.799430949392859 ], [ 75.963233810928045, 11.798720751687002 ], [ 75.963475453397294, 11.797935928217456 ], [ 75.96358355037529, 11.796368735724011 ], [ 75.962629538906, 11.796489496707432 ], [ 75.960839876308611, 11.796436789250285 ], [ 75.959050972366938, 11.796619113332341 ], [ 75.958393777929089, 11.796327432886576 ], [ 75.958212575377459, 11.795681631497565 ], [ 75.958984960085473, 11.794797437511789 ], [ 75.96011156094967, 11.792849686289086 ], [ 75.960226406730428, 11.791556253449526 ], [ 75.959328318808161, 11.790619001277735 ], [ 75.958131930280203, 11.78962387206793 ], [ 75.956473140081442, 11.788951376752658 ], [ 75.955221400257955, 11.789190607573031 ], [ 75.954267428114804, 11.789311403481905 ], [ 75.953372447892761, 11.789255581452938 ], [ 75.952534133752266, 11.788318089682033 ], [ 75.951516045776671, 11.787146072626109 ], [ 75.951045069846415, 11.78648788680335 ], [ 75.948470723172775, 11.787549537154899 ], [ 75.947154851392582, 11.789163300339805 ], [ 75.946463075365841, 11.789477600576443 ], [ 75.946009929733165, 11.79048047663173 ], [ 75.94490030002396, 11.791372526784551 ], [ 75.944589608829617, 11.791775943763072 ], [ 75.944275684699676, 11.79254999393031 ], [ 75.943745156950129, 11.793049033770995 ], [ 75.942238381382381, 11.793890472496713 ], [ 75.94164275648302, 11.794141081416827 ], [ 75.94026083226332, 11.795262311479817 ], [ 75.939854982457376, 11.796009570332979 ], [ 75.939417357302474, 11.796847417227355 ], [ 75.938480339989056, 11.797935529982462 ], [ 75.936659053880163, 11.799397222097689 ], [ 75.93574904354827, 11.800299869280517 ], [ 75.934778512758598, 11.800985785597655 ], [ 75.934307464083489, 11.8014529353617 ], [ 75.932705421206805, 11.801277361421965 ], [ 75.930852106286679, 11.801410046880333 ], [ 75.930379773233412, 11.801501989071278 ], [ 75.929973614739893, 11.802154313058345 ], [ 75.930040477464573, 11.802931712787856 ], [ 75.930074984033666, 11.803641334213097 ], [ 75.929728523313472, 11.80432513934158 ], [ 75.929387139110773, 11.80513549366364 ], [ 75.928853062817353, 11.805973662060692 ], [ 75.928606432724465, 11.806313563410177 ], [ 75.928258247690579, 11.806499983779343 ], [ 75.927285665213006, 11.806566485319543 ], [ 75.926716148667097, 11.806414651979914 ], [ 75.926216039338087, 11.806416285154539 ], [ 75.925401251103722, 11.807038288723197 ], [ 75.924896756884721, 11.807098712587681 ], [ 75.924267444779005, 11.806915388117815 ], [ 75.923950526003665, 11.806825962961902 ], [ 75.923421157933532, 11.807695738070761 ], [ 75.922982475386277, 11.808253203493335 ], [ 75.922198780584864, 11.808536099056974 ], [ 75.92175896752272, 11.808754541441845 ], [ 75.921288214256833, 11.809312080855145 ], [ 75.921353866509207, 11.809745879180902 ], [ 75.921576077677244, 11.810337440127141 ], [ 75.921404789611373, 11.811251179365412 ], [ 75.92170630139087, 11.812226768147347 ], [ 75.921797825695791, 11.813519391996811 ], [ 75.921321893035426, 11.813909779652802 ], [ 75.920667466712374, 11.814427260314924 ], [ 75.919098925770754, 11.814690012079305 ], [ 75.918485842859184, 11.815252606501749 ], [ 75.918184703343712, 11.815768972800335 ], [ 75.917532081767192, 11.816847101423958 ], [ 75.917228100432155, 11.817883300731518 ], [ 75.917364494893704, 11.81887297585873 ], [ 75.917875751560942, 11.820810777281556 ], [ 75.91852992605169, 11.821586321345084 ], [ 75.919757613496998, 11.822314703383364 ], [ 75.92024107371779, 11.822787872799836 ], [ 75.920418586605962, 11.823732084230258 ], [ 75.919979665524778, 11.824208264337367 ], [ 75.918759988046915, 11.824515087710429 ], [ 75.918813464218701, 11.828172360388377 ], [ 75.918514446971145, 11.829335162251786 ], [ 75.918429469480714, 11.829981978448123 ], [ 75.918820533695225, 11.830283609692744 ], [ 75.919782888264521, 11.829891655227346 ], [ 75.921099847775679, 11.831225547694952 ], [ 75.921666066506191, 11.831739165994406 ], [ 75.921888377928283, 11.832344218935075 ], [ 75.922720876491582, 11.832902063649561 ], [ 75.923374788647081, 11.832208291904758 ], [ 75.923984344937551, 11.831948553122659 ], [ 75.925210740165198, 11.832288229372333 ], [ 75.925560144162063, 11.832458804637719 ], [ 75.92547579053722, 11.833322578757478 ], [ 75.92521899689909, 11.834742980537627 ], [ 75.925175412564272, 11.835434849255867 ], [ 75.926797810781039, 11.837495612627752 ], [ 75.926569705530838, 11.841999168522525 ], [ 75.926947095612718, 11.842319009996698 ], [ 75.927058605556383, 11.842720950644081 ], [ 75.927001494650767, 11.84348067242972 ], [ 75.92673208860154, 11.843879438616133 ], [ 75.926650532079279, 11.844173552935034 ], [ 75.926762259692893, 11.844652389009317 ], [ 75.926572202704762, 11.845453178683574 ], [ 75.926469661914737, 11.846362226129527 ], [ 75.925930191718138, 11.846978812634164 ], [ 75.925224985870898, 11.847433205332896 ], [ 75.925199239488421, 11.847966788640477 ], [ 75.925854917530259, 11.849140102498028 ], [ 75.926538432795596, 11.850417265023985 ], [ 75.926835162889901, 11.85129781496525 ], [ 75.926892971084655, 11.852124994552359 ], [ 75.927334327390923, 11.853696859400937 ], [ 75.927877684663542, 11.854228520144801 ], [ 75.928200384687969, 11.854652374415727 ], [ 75.928395041046699, 11.855212366522153 ], [ 75.928502470860749, 11.855772586859294 ], [ 75.928888090661758, 11.857159236439299 ], [ 75.929778146189676, 11.857047847015069 ], [ 75.930540067659805, 11.85707241708387 ], [ 75.931000769604864, 11.857577263481947 ], [ 75.930516616433366, 11.858275061594997 ], [ 75.929977848452836, 11.859104145882426 ], [ 75.929251053558446, 11.859983649226905 ], [ 75.928712512969824, 11.860866976415116 ], [ 75.927812144194135, 11.862000180172315 ], [ 75.927325701024571, 11.86202883454831 ], [ 75.926514258190863, 11.862298212246936 ], [ 75.926106069601232, 11.862376469139718 ], [ 75.925460827276041, 11.862939180668336 ], [ 75.924729188566872, 11.86374173756132 ], [ 75.924113253613427, 11.864837821269989 ], [ 75.923166610701401, 11.865853547101764 ], [ 75.922410209358418, 11.866122758604428 ], [ 75.922168170123172, 11.866498775462208 ], [ 75.922252073058019, 11.866873798675886 ], [ 75.922061669297378, 11.867566068012421 ], [ 75.921334977604644, 11.868504313369792 ], [ 75.920712185945803, 11.868931293233963 ], [ 75.919900331864369, 11.869069499080364 ], [ 75.919443203916842, 11.869627093666988 ], [ 75.919716096448795, 11.870268149095681 ], [ 75.91909126796935, 11.870084807868825 ], [ 75.917016145904412, 11.869910790206029 ], [ 75.916531970016933, 11.870608573624963 ], [ 75.915908564224566, 11.870850147618079 ], [ 75.915367338338569, 11.870983060903818 ], [ 75.914987487854773, 11.871305227786342 ], [ 75.914530502021634, 11.871894402625802 ], [ 75.913829713308161, 11.872348822924057 ], [ 75.913393250948957, 11.872219118362279 ], [ 75.912906741910987, 11.872220651342317 ], [ 75.912448166015054, 11.872353298374327 ], [ 75.911743071260233, 11.872866427326972 ], [ 75.911180824828634, 11.873559894258216 ], [ 75.911044871430278, 11.874093800296878 ], [ 75.911317563982848, 11.874653563565884 ], [ 75.911672195296475, 11.875023073028137 ], [ 75.912187379672204, 11.875342390127823 ], [ 75.912619345870127, 11.875503737804529 ], [ 75.914213998469066, 11.876086375809319 ], [ 75.914645968450216, 11.876247716857248 ], [ 75.915515126978747, 11.876751224459076 ], [ 75.91624619706856, 11.877124074980705 ], [ 75.91700565818384, 11.877759098449753 ], [ 75.917304666645094, 11.877970605472353 ], [ 75.917632024064986, 11.878398983022608 ], [ 75.918286071890023, 11.879088571729184 ], [ 75.918636531767902, 11.879566613724151 ], [ 75.919095122986008, 11.879434031886614 ], [ 75.92042672168148, 11.879587991386419 ], [ 75.921427257910352, 11.879557590746405 ], [ 75.922129362979021, 11.87953266468328 ], [ 75.923483248253746, 11.879473965475903 ], [ 75.924538861065471, 11.879443398273075 ], [ 75.925137026415129, 11.879893555113059 ], [ 75.925597666170347, 11.880371286790659 ], [ 75.925897079905056, 11.880691274349923 ], [ 75.926682549888923, 11.880851458618377 ], [ 75.927251878926754, 11.880926423239568 ], [ 75.927954417167527, 11.881005541285141 ], [ 75.928822165742346, 11.881056864240914 ], [ 75.930150749901983, 11.881667409566044 ], [ 75.930477740628945, 11.882009920198552 ], [ 75.931311187835092, 11.882793728402619 ], [ 75.932237536084543, 11.883884777766568 ], [ 75.932915380750188, 11.884791231440557 ], [ 75.934033164730522, 11.886839975219209 ], [ 75.93444381356062, 11.887480621405533 ], [ 75.935449328742251, 11.888914890899542 ], [ 75.936077217825783, 11.889979763762454 ], [ 75.936078161866291, 11.890251003399399 ], [ 75.936052524012112, 11.89080714275295 ], [ 75.936081429853331, 11.89120941541014 ], [ 75.936084321838607, 11.892036769509408 ], [ 75.935977455598177, 11.893022653288641 ], [ 75.936091135097456, 11.894034932193989 ], [ 75.936122224445839, 11.89507916827173 ], [ 75.935909986423709, 11.897453366220709 ], [ 75.936023599612213, 11.898443005507362 ], [ 75.93616124291573, 11.899776216965062 ], [ 75.936599875092654, 11.900520753376176 ], [ 75.937359000585488, 11.901024559081751 ], [ 75.938555883714997, 11.902006068807003 ], [ 75.939006493059381, 11.902526241717869 ], [ 75.941793092790135, 11.899644438799678 ], [ 75.942796406325954, 11.899084966319901 ], [ 75.945594346955133, 11.898456234803795 ], [ 75.946438144698973, 11.898236457021653 ], [ 75.950141189230422, 11.897866866825867 ] ] ] ] } },
{ "type": "Feature", "properties": { "village_code": "627294", "village": "Thrissilery", "village_name": "Thrissilery", "district": "Wayanad", "subdistrict_code": 5635, "households_2011": 3913.0, "population_2011": 16818, "male_population_2011": 8267.0, "female_population_2011": 8551.0 }, "geometry": { "type": "MultiPolygon", "coordinates": [ [ [ [ 76.084365357397729, 11.876723381954822 ], [ 76.084620502667704, 11.875094912459033 ], [ 76.084922045233341, 11.873588382780426 ], [ 76.085093086047266, 11.87272877849035 ], [ 76.085655847623187, 11.872297193630116 ], [ 76.089056034258462, 11.873256021716893 ], [ 76.090145970325224, 11.873807890279149 ], [ 76.091062826177307, 11.873546688682849 ], [ 76.091973312081493, 11.872815307644538 ], [ 76.092576502356522, 11.87100919128039 ], [ 76.093654596057689, 11.868600045961509 ], [ 76.094216937410266, 11.868041809077347 ], [ 76.095121240664056, 11.867649473567813 ], [ 76.095573298696038, 11.867439534313283 ], [ 76.096218978354059, 11.867134463887432 ], [ 76.096780686027316, 11.866445167521976 ], [ 76.097216341332967, 11.866357609577435 ], [ 76.09813045210575, 11.866566464094099 ], [ 76.099304032352151, 11.866218368736225 ], [ 76.099874361665542, 11.866518998787793 ], [ 76.101348637381804, 11.865636270254868 ], [ 76.10248044573639, 11.865202456316196 ], [ 76.104042732675325, 11.864509175390824 ], [ 76.105563539316194, 11.862658836545419 ], [ 76.106300322571286, 11.862140601276602 ], [ 76.107604918953172, 11.862433840293104 ], [ 76.10873595368831, 11.861787440174119 ], [ 76.109430857883254, 11.861138282900081 ], [ 76.109817373795551, 11.860237174672562 ], [ 76.109988926461696, 11.859549329551196 ], [ 76.110422704288041, 11.858991615752744 ], [ 76.111246339938106, 11.858387105500881 ], [ 76.112668790375011, 11.858452376879871 ], [ 76.113234594142526, 11.858476286223471 ], [ 76.114687900675378, 11.858379575849087 ], [ 76.117202650772242, 11.857801095841822 ], [ 76.11800573324129, 11.856987519801121 ], [ 76.117530738403659, 11.856484653676475 ], [ 76.117023200054632, 11.856441842769971 ], [ 76.116614567885591, 11.856420339522275 ], [ 76.116744600241432, 11.855706821255183 ], [ 76.11694580218176, 11.854894104636799 ], [ 76.117303701302177, 11.854370430655404 ], [ 76.117608300934592, 11.854108044868756 ], [ 76.118694154135099, 11.853172666078517 ], [ 76.119116420047575, 11.85190302843854 ], [ 76.119745043923004, 11.850772573451373 ], [ 76.11991483716514, 11.85035221798565 ], [ 76.120150655047212, 11.849627189770342 ], [ 76.120983204287157, 11.84984803917766 ], [ 76.121096021404497, 11.849368652756731 ], [ 76.121206775698454, 11.849040430184573 ], [ 76.120413799424782, 11.848177485212782 ], [ 76.118759906096003, 11.846229144778267 ], [ 76.118220485638815, 11.845593674803931 ], [ 76.115690182246993, 11.843110452552517 ], [ 76.11281061616512, 11.841166461430253 ], [ 76.109274632380121, 11.840119147231878 ], [ 76.104614114038171, 11.839443538992523 ], [ 76.101845226127011, 11.838855932966503 ], [ 76.097832097630175, 11.837612422269151 ], [ 76.094256123475049, 11.836673399501121 ], [ 76.091284240745097, 11.835384976659734 ], [ 76.089801909652493, 11.83395431352205 ], [ 76.088293834146398, 11.83212053275907 ], [ 76.08735478221142, 11.829863325942075 ], [ 76.086988858314953, 11.828353454277289 ], [ 76.087201189061886, 11.827408137266268 ], [ 76.088219546346892, 11.825533747726958 ], [ 76.089047196528497, 11.823837060434425 ], [ 76.089417797444966, 11.823100795848292 ], [ 76.087063174694336, 11.823124664926093 ], [ 76.085879985000417, 11.823305499099042 ], [ 76.085082724795569, 11.82243605495181 ], [ 76.084843204390353, 11.821040052607174 ], [ 76.084249382052818, 11.82057670682374 ], [ 76.083655655150139, 11.820113363637208 ], [ 76.082234082541476, 11.819187473684073 ], [ 76.081176375552275, 11.819774667310114 ], [ 76.080115857882632, 11.820827544415589 ], [ 76.079531271810097, 11.821525955960777 ], [ 76.079769400834692, 11.822573827871029 ], [ 76.079177455826382, 11.822576097302502 ], [ 76.076931230531542, 11.822001447456577 ], [ 76.076463226291835, 11.823169631568481 ], [ 76.076464559269226, 11.823517686577949 ], [ 76.0777709272908, 11.824326435260801 ], [ 76.076589743736179, 11.825031670775598 ], [ 76.076002367670526, 11.825033872279199 ], [ 76.074936862486936, 11.824802875217872 ], [ 76.071510490182376, 11.824002109860867 ], [ 76.069027994637068, 11.824011401302238 ], [ 76.067852660322046, 11.825064659222914 ], [ 76.067144569165123, 11.82588108938619 ], [ 76.067744692942568, 11.827976439138061 ], [ 76.069290949132409, 11.830298755592066 ], [ 76.068820167527718, 11.830766214318921 ], [ 76.068107969422485, 11.830533776875761 ], [ 76.06763578226213, 11.830653074271909 ], [ 76.066698601689112, 11.831587922656167 ], [ 76.065633578145977, 11.831474349561645 ], [ 76.065511084249295, 11.830661049711145 ], [ 76.066098994055238, 11.829610038894735 ], [ 76.066329405721177, 11.828677962119576 ], [ 76.065619097130465, 11.827749333333562 ], [ 76.064320469002212, 11.827754206965148 ], [ 76.062431679737941, 11.8282269143386 ], [ 76.060902176778939, 11.829046421895486 ], [ 76.058441721565487, 11.830050144246659 ], [ 76.057493685989186, 11.829352949628881 ], [ 76.057078051496049, 11.828658340895865 ], [ 76.056130701160527, 11.828137477739569 ], [ 76.055069372437657, 11.827788783289137 ], [ 76.053358598096821, 11.828030234382712 ], [ 76.051289653661826, 11.828214223718316 ], [ 76.050641302599814, 11.827863995870294 ], [ 76.049692213792667, 11.826877442803106 ], [ 76.048566906768599, 11.826592260770827 ], [ 76.047447443350322, 11.826655167409145 ], [ 76.046031866780268, 11.827302342788967 ], [ 76.044737185081942, 11.828351403675127 ], [ 76.043555629195737, 11.82777714584847 ], [ 76.040656120505361, 11.826738906333979 ], [ 76.039004320099409, 11.826803791521826 ], [ 76.037468630230521, 11.827216288171865 ], [ 76.036764530261109, 11.827915027636077 ], [ 76.037834627411883, 11.829366834647795 ], [ 76.038899330455109, 11.830588039532067 ], [ 76.038134744117329, 11.831056465155557 ], [ 76.035804672184156, 11.83135887744656 ], [ 76.033214278847765, 11.833230868576628 ], [ 76.031676066039367, 11.833001321150832 ], [ 76.029668557866728, 11.832430003623466 ], [ 76.027294740533037, 11.829644803270183 ], [ 76.026351633549922, 11.830226862264366 ], [ 76.026239502207474, 11.830927927655738 ], [ 76.026711009862083, 11.831857533892675 ], [ 76.027307389688772, 11.833017186277795 ], [ 76.026956214140554, 11.833601714624139 ], [ 76.024867317070189, 11.834599323731929 ], [ 76.022214145262026, 11.835653129524944 ], [ 76.020739671315852, 11.836535490928874 ], [ 76.018501275950172, 11.83805349080364 ], [ 76.017384731879446, 11.838929995339811 ], [ 76.015556302348458, 11.839637325891198 ], [ 76.01508554727404, 11.840163373326133 ], [ 76.015088928318576, 11.841085597642238 ], [ 76.015601258748447, 11.843131747390347 ], [ 76.015515060101677, 11.844637492972128 ], [ 76.0153764510803, 11.845623452612575 ], [ 76.014602020759412, 11.845947219574349 ], [ 76.013156157391492, 11.845866494749064 ], [ 76.012183672615151, 11.845992064537853 ], [ 76.01127508301353, 11.846026915237438 ], [ 76.011032798406532, 11.846280949298624 ], [ 76.010705865936345, 11.847236033531818 ], [ 76.009688112687343, 11.850015441895781 ], [ 76.00992622118045, 11.851117691925847 ], [ 76.008633234949102, 11.8526954750287 ], [ 76.00769986844584, 11.854733148809014 ], [ 76.006642413381897, 11.856717011973219 ], [ 76.004991753222399, 11.858409163374972 ], [ 76.001280309125747, 11.861329225841311 ], [ 75.999013527352218, 11.863435301106907 ], [ 75.998512795831061, 11.863890111996215 ], [ 75.99773334519152, 11.865320072097022 ], [ 75.997431017362118, 11.86674515793381 ], [ 75.997092329771576, 11.869544763548058 ], [ 75.997444426798225, 11.870447696119282 ], [ 75.997797690485314, 11.871653441186595 ], [ 75.998024836337677, 11.873546867612818 ], [ 75.999013482057805, 11.87397387242854 ], [ 76.000163061679771, 11.874628822164949 ], [ 76.001535997958271, 11.874795812699814 ], [ 76.002752601881809, 11.874877376832453 ], [ 76.004123068739759, 11.87435712900673 ], [ 76.005080335287246, 11.87381575784079 ], [ 76.006207450741499, 11.87327831438558 ], [ 76.007339651421674, 11.872885490814497 ], [ 76.008513064817222, 11.87245175354064 ], [ 76.01011845328317, 11.87218834979679 ], [ 76.011293875466805, 11.872315262800807 ], [ 76.012341312062489, 11.872569182159527 ], [ 76.013710314720711, 11.872907865393062 ], [ 76.014559712729834, 11.872990735731573 ], [ 76.016291356394603, 11.872121073720477 ], [ 76.017535245128343, 11.872116548014619 ], [ 76.018490209593182, 11.872198993600959 ], [ 76.018948551396747, 11.872048226398542 ], [ 76.019271508277285, 11.871260427763579 ], [ 76.019838262730772, 11.871859644443553 ], [ 76.021189063864725, 11.872238991740122 ], [ 76.02389265673699, 11.872315164569732 ], [ 76.025003308689733, 11.872288546874403 ], [ 76.026262812754055, 11.871578739540805 ], [ 76.027324583446969, 11.870756579055305 ], [ 76.028170678383731, 11.869962356769895 ], [ 76.029160084296237, 11.869441179336878 ], [ 76.029861563196164, 11.869250965976413 ], [ 76.031952247930306, 11.869889803474097 ], [ 76.037490696612977, 11.871971724206816 ], [ 76.038661620854811, 11.870896024483638 ], [ 76.039707720569467, 11.870806229441515 ], [ 76.040186159892613, 11.871102846922634 ], [ 76.041324371164364, 11.872319287101616 ], [ 76.041289948113132, 11.874123179564476 ], [ 76.041983011241612, 11.874120606522458 ], [ 76.042468624831116, 11.875104381285556 ], [ 76.041521311858617, 11.878240720716686 ], [ 76.045271083859774, 11.879429412006735 ], [ 76.044830052701599, 11.878101938833602 ], [ 76.049178745228872, 11.876282059989876 ], [ 76.053050436785341, 11.875752253830143 ], [ 76.060202459300783, 11.878428980738374 ], [ 76.064959490920245, 11.88012889090699 ], [ 76.068575032715813, 11.881014914471265 ], [ 76.069544096767672, 11.883520237015157 ], [ 76.071859329595299, 11.885184142681526 ], [ 76.073120704095203, 11.884966889594006 ], [ 76.074119921953425, 11.884619509694371 ], [ 76.075421438527215, 11.882937326540517 ], [ 76.07585661859423, 11.882723191663359 ], [ 76.078817310693069, 11.882797794092324 ], [ 76.079596810165398, 11.881420573888162 ], [ 76.080071093607401, 11.880645704615009 ], [ 76.081898641705209, 11.87969383860468 ], [ 76.083721447156222, 11.878701393479668 ], [ 76.084896444740707, 11.878140814206507 ], [ 76.084849433811627, 11.877282084878898 ], [ 76.084365357397729, 11.876723381954822 ] ] ] ] } },
{ "type": "Feature", "properties": { "village_code": "627322", "village": "Ambalavayal", "village_name": "Ambalavayal", "district": "Wayanad", "subdistrict_code": 5636, "households_2011": 4117.0, "population_2011": 16988, "male_population_2011": 8290.0, "female_population_2011": 8698.0 }, "geometry": { "type": "MultiPolygon", "coordinates": [ [ [ [ 76.211639009147163, 11.654265848022325 ], [ 76.212624206128666, 11.654089967648428 ], [ 76.21380436735835, 11.65446020103097 ], [ 76.214645667230499, 11.654790698271608 ], [ 76.216365799150438, 11.651886210726214 ], [ 76.218482092012934, 11.649255339415104 ], [ 76.21894183071997, 11.648466770991654 ], [ 76.221463117859727, 11.648261670935398 ], [ 76.222391706093546, 11.647733373553169 ], [ 76.225307832547955, 11.646604372375858 ], [ 76.226840308951012, 11.64679677811305 ], [ 76.228239211697016, 11.647902867335906 ], [ 76.229765925854366, 11.647833050050188 ], [ 76.22916692220312, 11.647180094814752 ], [ 76.228762757757295, 11.646001981941323 ], [ 76.229553801052276, 11.645474249573454 ], [ 76.231479466515722, 11.644353991835882 ], [ 76.233533393192801, 11.643228612854534 ], [ 76.233940806763215, 11.642399076714785 ], [ 76.233660087125898, 11.641795004301432 ], [ 76.232992560384616, 11.641210244773916 ], [ 76.231792632632875, 11.640492060291939 ], [ 76.229995681054746, 11.63958211466413 ], [ 76.229263406748728, 11.638866421407858 ], [ 76.229715621242022, 11.636373649268698 ], [ 76.229379071406228, 11.634933087327054 ], [ 76.228647175720724, 11.635329447640402 ], [ 76.227125386389076, 11.636515836023701 ], [ 76.225205826232099, 11.637966005614116 ], [ 76.224143102105586, 11.6382327837185 ], [ 76.222614165128974, 11.637782654642617 ], [ 76.221275801637148, 11.635821911234389 ], [ 76.219740890040697, 11.63399302185813 ], [ 76.217670334119077, 11.631316631341397 ], [ 76.215737941500109, 11.629819386218898 ], [ 76.213410931238187, 11.629304845948493 ], [ 76.213211454521471, 11.628781285729978 ], [ 76.213074223511143, 11.627796374956876 ], [ 76.214061574249044, 11.626024639103496 ], [ 76.21505007984895, 11.624515135200655 ], [ 76.216370984204744, 11.622479853959121 ], [ 76.217490101008579, 11.620440856642562 ], [ 76.218605587418736, 11.617556589170325 ], [ 76.21912835426221, 11.615456756163004 ], [ 76.219319278639176, 11.612965155112207 ], [ 76.219973875646616, 11.610607196401601 ], [ 76.220429006575472, 11.608769880204544 ], [ 76.222489007442491, 11.609086624001948 ], [ 76.224088594050542, 11.609997583948276 ], [ 76.225548341231459, 11.610384615726822 ], [ 76.226547931095951, 11.610380449080235 ], [ 76.2268737591845, 11.60939801776744 ], [ 76.227002419308519, 11.608412005642565 ], [ 76.227661779211346, 11.607166106726678 ], [ 76.228853611298874, 11.606048943677719 ], [ 76.229707051136003, 11.604096912170988 ], [ 76.229449312988123, 11.604121997350465 ], [ 76.228978300142103, 11.604167840306213 ], [ 76.226786135969604, 11.604046054701637 ], [ 76.224925791695625, 11.604316169098547 ], [ 76.222468047610235, 11.604258793511772 ], [ 76.220870181880926, 11.603741143303784 ], [ 76.216225925229736, 11.60382858701797 ], [ 76.215530335504553, 11.604125359136688 ], [ 76.212807144589718, 11.604204588640544 ], [ 76.209881235825279, 11.602969207923717 ], [ 76.208218656704361, 11.602325193705234 ], [ 76.205297157567927, 11.603187266685481 ], [ 76.203576836172374, 11.60404432678598 ], [ 76.201718748840349, 11.604838560809647 ], [ 76.199658142286481, 11.604390595367608 ], [ 76.198994764128472, 11.604519402610578 ], [ 76.196208476655855, 11.605060379946361 ], [ 76.194082368275389, 11.605394700225059 ], [ 76.191101229218248, 11.606261399208337 ], [ 76.189181031749342, 11.607575756972588 ], [ 76.188047679733018, 11.607386037296017 ], [ 76.184131306049025, 11.607203256130237 ], [ 76.183004060072989, 11.608455492176665 ], [ 76.181549831353905, 11.609379189239965 ], [ 76.181212613844693, 11.608788375801636 ], [ 76.180676918250668, 11.607872819838409 ], [ 76.179373738527488, 11.608742445568376 ], [ 76.179017396223216, 11.608483154205482 ], [ 76.178694547373723, 11.608577168080201 ], [ 76.178367772295516, 11.609392133151564 ], [ 76.177957908046082, 11.610049350655629 ], [ 76.177628836470646, 11.610312832149138 ], [ 76.177285750555356, 11.610409267559756 ], [ 76.17686782571721, 11.611312605529308 ], [ 76.176888232397786, 11.611911678372385 ], [ 76.176795664672241, 11.612667095735606 ], [ 76.177056601004452, 11.612715643567709 ], [ 76.177947229385268, 11.612969738577906 ], [ 76.178366219456592, 11.613383873852369 ], [ 76.178316585814031, 11.61467249295 ], [ 76.178220890337585, 11.615893434937268 ], [ 76.177807002829965, 11.617802830966236 ], [ 76.178023783095938, 11.619194347042416 ], [ 76.178339459901849, 11.62011975389205 ], [ 76.178919803577358, 11.620736755180278 ], [ 76.180018520194281, 11.621401243117765 ], [ 76.181957264436221, 11.622270302562432 ], [ 76.185509512497347, 11.623028772919094 ], [ 76.18771347861653, 11.624823435071841 ], [ 76.189550881995373, 11.626669342727908 ], [ 76.190917127006273, 11.628774802577981 ], [ 76.191341851932947, 11.630527058216355 ], [ 76.191656668603628, 11.631244520516846 ], [ 76.193129157040687, 11.633507731000824 ], [ 76.193770680400945, 11.63456557299668 ], [ 76.193943883852057, 11.63485117185879 ], [ 76.195027072625095, 11.636637250144378 ], [ 76.198068070016163, 11.640028564125926 ], [ 76.200645518560592, 11.643313390373164 ], [ 76.203853601306307, 11.648195761460757 ], [ 76.205485232276416, 11.651177008241413 ], [ 76.207076376952656, 11.652210068576496 ], [ 76.209522868235325, 11.653800082487145 ], [ 76.20967778470623, 11.65461314311181 ], [ 76.210165571256809, 11.655013422091667 ], [ 76.21036661374427, 11.654845301000799 ], [ 76.211639009147163, 11.654265848022325 ] ] ] ] } },
{ "type": "Feature", "properties": { "village_code": "627293", "village": "Thirunelly", "village_name": "Thirunelly", "district": "Wayanad", "subdistrict_code": 5635, "households_2011": 2989.0, "population_2011": 12878, "male_population_2011": 6306.0, "female_population_2011": 6572.0 }, "geometry": { "type": "MultiPolygon", "coordinates": [ [ [ [ 76.112250557946808, 11.971437421418299 ], [ 76.112172678448474, 11.967911856396249 ], [ 76.112177489945466, 11.963161388254012 ], [ 76.112170525131248, 11.960252526554601 ], [ 76.112189218137956, 11.959581112425761 ], [ 76.112302772427199, 11.955502387041669 ], [ 76.112338574712453, 11.954216409644991 ], [ 76.112439643313706, 11.952525950106615 ], [ 76.112545510929948, 11.946193495549315 ], [ 76.112458635054907, 11.93868132124248 ], [ 76.11252322564178, 11.931449384686861 ], [ 76.112821894365567, 11.924461535914892 ], [ 76.113203146172083, 11.917916640265874 ], [ 76.113267675171869, 11.911534449477085 ], [ 76.113249624312388, 11.904261818089168 ], [ 76.113249876419189, 11.898304496473584 ], [ 76.113245331941769, 11.897237781246444 ], [ 76.113286731747181, 11.89501395784856 ], [ 76.112896713730507, 11.892880513845496 ], [ 76.112336903731176, 11.890480379832411 ], [ 76.111657799659326, 11.887632766621651 ], [ 76.111813964376168, 11.885020227881631 ], [ 76.112167447456997, 11.882832573527176 ], [ 76.112355710500964, 11.880649432877169 ], [ 76.112819320466656, 11.878579302630708 ], [ 76.113209486414206, 11.876744208189272 ], [ 76.113255389631789, 11.876473010863947 ], [ 76.114086235088763, 11.871532705422576 ], [ 76.114274436756062, 11.870316837724483 ], [ 76.114315752909135, 11.869964279736994 ], [ 76.114839032109145, 11.866696352515653 ], [ 76.113659794741935, 11.862944719521845 ], [ 76.112668790375011, 11.858452376879871 ], [ 76.111246339938106, 11.858387105500881 ], [ 76.110422704288041, 11.858991615752744 ], [ 76.109988926461696, 11.859549329551196 ], [ 76.109817373795551, 11.860237174672562 ], [ 76.109430857883254, 11.861138282900081 ], [ 76.10873595368831, 11.861787440174119 ], [ 76.107604918953172, 11.862433840293104 ], [ 76.106300322571286, 11.862140601276602 ], [ 76.105563539316194, 11.862658836545419 ], [ 76.104042732675325, 11.864509175390824 ], [ 76.10248044573639, 11.865202456316196 ], [ 76.101348637381804, 11.865636270254868 ], [ 76.099874361665542, 11.866518998787793 ], [ 76.099304032352151, 11.866218368736225 ], [ 76.09813045210575, 11.866566464094099 ], [ 76.097216341332967, 11.866357609577435 ], [ 76.096780686027316, 11.866445167521976 ], [ 76.096218978354059, 11.867134463887432 ], [ 76.095573298696038, 11.867439534313283 ], [ 76.095121240664056, 11.867649473567813 ], [ 76.094216937410266, 11.868041809077347 ], [ 76.093654596057689, 11.868600045961509 ], [ 76.092576502356522, 11.87100919128039 ], [ 76.091973312081493, 11.872815307644538 ], [ 76.091062826177307, 11.873546688682849 ], [ 76.090145970325224, 11.873807890279149 ], [ 76.089056034258462, 11.873256021716893 ], [ 76.085655847623187, 11.872297193630116 ], [ 76.085093086047266, 11.87272877849035 ], [ 76.084922045233341, 11.873588382780426 ], [ 76.084620502667704, 11.875094912459033 ], [ 76.084365357397729, 11.876723381954822 ], [ 76.084849433811627, 11.877282084878898 ], [ 76.084896444740707, 11.878140814206507 ], [ 76.083721447156222, 11.878701393479668 ], [ 76.081898641705209, 11.87969383860468 ], [ 76.080071093607401, 11.880645704615009 ], [ 76.079596810165398, 11.881420573888162 ], [ 76.078817310693069, 11.882797794092324 ], [ 76.07585661859423, 11.882723191663359 ], [ 76.075421438527215, 11.882937326540517 ], [ 76.074119921953425, 11.884619509694371 ], [ 76.073120704095203, 11.884966889594006 ], [ 76.071859329595299, 11.885184142681526 ], [ 76.069544096767672, 11.883520237015157 ], [ 76.068575032715813, 11.881014914471265 ], [ 76.064959490920245, 11.88012889090699 ], [ 76.060202459300783, 11.878428980738374 ], [ 76.053050436785341, 11.875752253830143 ], [ 76.049178745228872, 11.876282059989876 ], [ 76.044830052701599, 11.878101938833602 ], [ 76.045271083859774, 11.879429412006735 ], [ 76.041521311858617, 11.878240720716686 ], [ 76.042468624831116, 11.875104381285556 ], [ 76.041983011241612, 11.874120606522458 ], [ 76.041289948113132, 11.874123179564476 ], [ 76.041324371164364, 11.872319287101616 ], [ 76.040186159892613, 11.871102846922634 ], [ 76.039707720569467, 11.870806229441515 ], [ 76.038661620854811, 11.870896024483638 ], [ 76.037490696612977, 11.871971724206816 ], [ 76.031952247930306, 11.869889803474097 ], [ 76.029861563196164, 11.869250965976413 ], [ 76.029160084296237, 11.869441179336878 ], [ 76.028170678383731, 11.869962356769895 ], [ 76.027324583446969, 11.870756579055305 ], [ 76.026262812754055, 11.871578739540805 ], [ 76.025003308689733, 11.872288546874403 ], [ 76.02389265673699, 11.872315164569732 ], [ 76.021189063864725, 11.872238991740122 ], [ 76.019838262730772, 11.871859644443553 ], [ 76.019271508277285, 11.871260427763579 ], [ 76.018948551396747, 11.872048226398542 ], [ 76.018490209593182, 11.872198993600959 ], [ 76.017535245128343, 11.872116548014619 ], [ 76.016291356394603, 11.872121073720477 ], [ 76.014559712729834, 11.872990735731573 ], [ 76.013710314720711, 11.872907865393062 ], [ 76.012341312062489, 11.872569182159527 ], [ 76.011293875466805, 11.872315262800807 ], [ 76.01011845328317, 11.87218834979679 ], [ 76.008513064817222, 11.87245175354064 ], [ 76.007339651421674, 11.872885490814497 ], [ 76.006207450741499, 11.87327831438558 ], [ 76.005080335287246, 11.87381575784079 ], [ 76.004123068739759, 11.87435712900673 ], [ 76.002752601881809, 11.874877376832453 ], [ 76.001535997958271, 11.874795812699814 ], [ 76.000163061679771, 11.874628822164949 ], [ 75.999013482057805, 11.87397387242854 ], [ 75.998024836337677, 11.873546867612818 ], [ 75.997309598581225, 11.875023163175774 ], [ 75.996682447321049, 11.875459378653986 ], [ 75.995491907978717, 11.876236660259012 ], [ 75.994896820794821, 11.876672776956973 ], [ 75.992922422499845, 11.877733044149899 ], [ 75.990795044080627, 11.878368891315098 ], [ 75.990174768933642, 11.879469603038942 ], [ 75.989710989323299, 11.880678312870971 ], [ 75.989086866514228, 11.88197801398751 ], [ 75.988557823266561, 11.882911079448863 ], [ 75.98833888598449, 11.88331422616413 ], [ 75.98702052407441, 11.884277227143501 ], [ 75.985828481239224, 11.884652166409692 ], [ 75.984456870630396, 11.884882977530152 ], [ 75.981252145368046, 11.884613826742134 ], [ 75.980685112137976, 11.88520799396472 ], [ 75.97971625458176, 11.886386800429499 ], [ 75.978995943415654, 11.886479730335632 ], [ 75.976327657460232, 11.887356947206527 ], [ 75.9756552182657, 11.888471605763579 ], [ 75.975483601350561, 11.888783919686647 ], [ 75.974684907633844, 11.888773089793045 ], [ 75.972079191525737, 11.889184486584032 ], [ 75.969788633410531, 11.890462663882634 ], [ 75.967751280365349, 11.891925389855539 ], [ 75.967001456133005, 11.892764283276403 ], [ 75.963706592137953, 11.89432174220433 ], [ 75.960441728838589, 11.896561590360271 ], [ 75.958336342006177, 11.897002767567798 ], [ 75.957873966346384, 11.898677037563711 ], [ 75.957183371544147, 11.899389137355261 ], [ 75.955959172026738, 11.899800221047762 ], [ 75.95473272899244, 11.89955569705125 ], [ 75.953505209352159, 11.898999295783151 ], [ 75.952337807265053, 11.897271705720911 ], [ 75.950141189230422, 11.897866866825867 ], [ 75.946438144698973, 11.898236457021653 ], [ 75.945594346955133, 11.898456234803795 ], [ 75.942796406325954, 11.899084966319901 ], [ 75.941793092790135, 11.899644438799678 ], [ 75.939006493059381, 11.902526241717869 ], [ 75.938852619966795, 11.902886655114639 ], [ 75.938422703066379, 11.903340180386897 ], [ 75.937369163500122, 11.903985664810904 ], [ 75.936884770276308, 11.904624747109104 ], [ 75.936374350649146, 11.90572042934499 ], [ 75.936185257318684, 11.906788034192527 ], [ 75.936216693957533, 11.907936212486851 ], [ 75.936170751230947, 11.90927003083107 ], [ 75.93526858333064, 11.911235109407531 ], [ 75.934214273209193, 11.911663491240219 ], [ 75.933159791638559, 11.912069387364296 ], [ 75.932051040210098, 11.912687920887564 ], [ 75.93137806141857, 11.913223617920815 ], [ 75.931026338351813, 11.913731081612429 ], [ 75.930924831034659, 11.91492946517609 ], [ 75.93049080879328, 11.915545723696134 ], [ 75.929548666996681, 11.916588617356341 ], [ 75.928413121579538, 11.917446833710228 ], [ 75.927547596346244, 11.918064505626072 ], [ 75.926277997082522, 11.918651891662345 ], [ 75.925195425752989, 11.918872443638724 ], [ 75.924738487467991, 11.919504629877755 ], [ 75.924525371275777, 11.920289698748038 ], [ 75.924773010071178, 11.921572811559825 ], [ 75.925101590211611, 11.922344743555396 ], [ 75.925563492410518, 11.923193206369048 ], [ 75.925808321940949, 11.923648975818004 ], [ 75.925916371488981, 11.924367470218867 ], [ 75.925757925092327, 11.925028029976925 ], [ 75.925760608028995, 11.925801046927328 ], [ 75.925707113777065, 11.926280458172819 ], [ 75.925511998617267, 11.926950178528507 ], [ 75.925220431020378, 11.927620239709199 ], [ 75.924896271447381, 11.928154768728827 ], [ 75.92484533450498, 11.929380107302089 ], [ 75.925147784338961, 11.930577102997212 ], [ 75.925555176623135, 11.931565845050287 ], [ 75.925938298699648, 11.93217947075439 ], [ 75.926426530018446, 11.932657077283517 ], [ 75.926915034529927, 11.933216021130608 ], [ 75.92756854086187, 11.933666012957675 ], [ 75.927895190250965, 11.933877423873616 ], [ 75.928759682518688, 11.934303988247985 ], [ 75.929329501486578, 11.93446039000696 ], [ 75.930927837153135, 11.934658501166744 ], [ 75.931662375938501, 11.934656103311665 ], [ 75.932149041979159, 11.934681585535866 ], [ 75.933066941954294, 11.934597192899574 ], [ 75.934177492837577, 11.934457881598023 ], [ 75.935154141006592, 11.934111023041194 ], [ 75.935961563521985, 11.933945572279878 ], [ 75.936426446905415, 11.934292138285546 ], [ 75.936643187169338, 11.934585254497483 ], [ 75.936617443661447, 11.935091720605605 ], [ 75.936756936646162, 11.935624656522982 ], [ 75.937082231925885, 11.936771925470053 ], [ 75.937382886403441, 11.937408371312499 ], [ 75.937848561820601, 11.937994528939138 ], [ 75.937900372366826, 11.938369606269113 ], [ 75.938145373229119, 11.938875135773621 ], [ 75.938501171079082, 11.939538514945559 ], [ 75.938962519646367, 11.940178894676798 ], [ 75.939302829038226, 11.940372155227532 ], [ 75.938025024373161, 11.941244455018019 ], [ 75.937755242140597, 11.941566278870747 ], [ 75.93726384313635, 11.94151369086128 ], [ 75.937289957288414, 11.941816715874856 ], [ 75.937318877855773, 11.942152317038314 ], [ 75.937855877685877, 11.942170277069723 ], [ 75.939512483596587, 11.941044521501576 ], [ 75.940425911892817, 11.941369719747826 ], [ 75.942707036573523, 11.941554483063282 ], [ 75.944383599431958, 11.941490247952347 ], [ 75.947324342059929, 11.941824505765339 ], [ 75.948329433866533, 11.941638943447069 ], [ 75.9506232661724, 11.940979074054994 ], [ 75.951647505975927, 11.940684424164065 ], [ 75.953653581012304, 11.94197646939808 ], [ 75.956278880457788, 11.941944085104669 ], [ 75.962487776455291, 11.939013527168784 ], [ 75.964199567285505, 11.938570068223138 ], [ 75.967687216197177, 11.937194985335866 ], [ 75.970624341747964, 11.936547698774238 ], [ 75.971436410951668, 11.935747455631708 ], [ 75.972492036328774, 11.935796804116748 ], [ 75.974101424796558, 11.934935068669676 ], [ 75.976309802183209, 11.933752602324709 ], [ 75.977273804757004, 11.93410705143765 ], [ 75.978432446378733, 11.934533067732024 ], [ 75.978932274904963, 11.934716845154028 ], [ 75.979300486610896, 11.934771061140376 ], [ 75.981551197680588, 11.934039917148079 ], [ 75.98338191624596, 11.932764694259657 ], [ 75.988761546470727, 11.934362501249716 ], [ 75.990331350149773, 11.934755064670457 ], [ 75.993822935285678, 11.932317553571243 ], [ 75.998990389484874, 11.93152439506296 ], [ 76.003107684138271, 11.931436890213533 ], [ 76.004346077846563, 11.933584399935949 ], [ 76.006015119609629, 11.93768922610321 ], [ 76.007437438361862, 11.9392266061068 ], [ 76.00827491887047, 11.939484788912759 ], [ 76.009801128670759, 11.939955294691446 ], [ 76.010695783290501, 11.941040448637645 ], [ 76.013174240891288, 11.941805315252948 ], [ 76.01429896834415, 11.941570720364131 ], [ 76.014666286415789, 11.941340347774586 ], [ 76.015033605099489, 11.941109974477282 ], [ 76.016396915179925, 11.941146662367748 ], [ 76.017346842480933, 11.941829540537322 ], [ 76.018769732802923, 11.942119356561687 ], [ 76.020431250553983, 11.942599093904727 ], [ 76.022133719206906, 11.944055144680698 ], [ 76.024034335559634, 11.943504399071228 ], [ 76.025433365044009, 11.943449376983278 ], [ 76.025856733821911, 11.943432728268419 ], [ 76.026852976738127, 11.94305340012593 ], [ 76.027222249840491, 11.942401997152093 ], [ 76.028028843457719, 11.940979149989388 ], [ 76.03007642475032, 11.940116535649651 ], [ 76.030980027473802, 11.940048975650219 ], [ 76.032243101904086, 11.939954538551959 ], [ 76.033436492186482, 11.94021708466626 ], [ 76.036107487216967, 11.941940044910453 ], [ 76.037576015053673, 11.943124731337958 ], [ 76.038787270762398, 11.945018966103316 ], [ 76.03953536738959, 11.945453108083228 ], [ 76.040595613229428, 11.945887344516393 ], [ 76.042137976083566, 11.945923962228994 ], [ 76.043298871681884, 11.947515323375008 ], [ 76.044129195303995, 11.949350666066151 ], [ 76.044503907630485, 11.950475343276427 ], [ 76.045527132164509, 11.950950429080123 ], [ 76.046726775934545, 11.951507416729672 ], [ 76.048016570120112, 11.951982365209858 ], [ 76.049297477266151, 11.951422241304618 ], [ 76.051794688449888, 11.951477138511498 ], [ 76.055153956036108, 11.955283791707565 ], [ 76.056966769765367, 11.957114816572885 ], [ 76.058068296039608, 11.95798743128578 ], [ 76.059518821863648, 11.958426206654 ], [ 76.061556660951453, 11.960112614665501 ], [ 76.063406563413167, 11.960664457680698 ], [ 76.064806501085528, 11.961622993676622 ], [ 76.066486416012921, 11.962866332622465 ], [ 76.067565091004596, 11.963512906051795 ], [ 76.068886768562464, 11.965673708913094 ], [ 76.070006613414861, 11.967120314758986 ], [ 76.072719593827173, 11.967943462015775 ], [ 76.073844267709518, 11.968291704290804 ], [ 76.075304114947699, 11.968395925370697 ], [ 76.07719544840613, 11.968780447539297 ], [ 76.079545925107098, 11.968812476597712 ], [ 76.081239969378942, 11.968537028557245 ], [ 76.083553780834592, 11.968162224423049 ], [ 76.085036683220153, 11.96758840390383 ], [ 76.085959339930739, 11.967855599478906 ], [ 76.086579134917272, 11.967918575970979 ], [ 76.087768189746811, 11.967579739205158 ], [ 76.089590743337752, 11.967426294199166 ], [ 76.090396373972055, 11.967799293261596 ], [ 76.091202009116742, 11.968172281955745 ], [ 76.093322908604037, 11.968497968224897 ], [ 76.094562372099432, 11.968918459280763 ], [ 76.09609558283654, 11.969980806650824 ], [ 76.09802355284306, 11.971680499514438 ], [ 76.100851362105914, 11.973321495963823 ], [ 76.102953894325708, 11.97435221723978 ], [ 76.104523876368063, 11.975654080079392 ], [ 76.10555220203544, 11.976164906964351 ], [ 76.108205693180082, 11.977069067193503 ], [ 76.111304501863017, 11.978375498095902 ], [ 76.112434395869514, 11.978775818627264 ], [ 76.112378693822123, 11.977648218487502 ], [ 76.112250557946808, 11.971437421418299 ] ] ] ] } },
{ "type": "Feature", "properties": { "village_code": "627318", "village": "Kuppadi", "village_name": "Kuppadi", "district": "Wayanad", "subdistrict_code": 5636, "households_2011": 6328.0, "population_2011": 26662, "male_population_2011": 13165.0, "female_population_2011": 13497.0 }, "geometry": { "type": "MultiPolygon", "coordinates": [ [ [ [ 76.281935400724635, 11.704671850808491 ], [ 76.281692636695155, 11.703858164048782 ], [ 76.2815691272462, 11.702972188288211 ], [ 76.281642800483937, 11.701991412811539 ], [ 76.28186308862513, 11.701512292273275 ], [ 76.282321793962879, 11.701390470190589 ], [ 76.28295467636778, 11.701557902400523 ], [ 76.283633354607289, 11.701775040763431 ], [ 76.284096345354584, 11.702399002598112 ], [ 76.284481331262086, 11.70321267577167 ], [ 76.285261152332694, 11.702711201161714 ], [ 76.285866536333884, 11.70266172190621 ], [ 76.286737854691083, 11.702878893398182 ], [ 76.287297241981136, 11.703331104580668 ], [ 76.287586009405302, 11.704027280526297 ], [ 76.287828833081093, 11.704696293667473 ], [ 76.288580830142635, 11.705365448525924 ], [ 76.289433844173089, 11.7053883111091 ], [ 76.289965995334072, 11.704864146022977 ], [ 76.290401960361109, 11.704100373766456 ], [ 76.290498794267506, 11.702473183783722 ], [ 76.290549714322978, 11.70094095001779 ], [ 76.290591118489417, 11.700425700683843 ], [ 76.289669515791502, 11.699638893138147 ], [ 76.288261912113654, 11.698558258320713 ], [ 76.287289873821095, 11.697721699349422 ], [ 76.286854375872181, 11.697147535332299 ], [ 76.286639021432364, 11.696478529248116 ], [ 76.286951291122122, 11.695330544335011 ], [ 76.287437842301799, 11.694060561310739 ], [ 76.28809392332478, 11.69320189731816 ], [ 76.288240987217392, 11.692198529617581 ], [ 76.28825524679101, 11.690706976317378 ], [ 76.287966587401684, 11.689843539923348 ], [ 76.287503603597685, 11.689151803657854 ], [ 76.286994773441236, 11.68843299025866 ], [ 76.286972031333733, 11.687976431348725 ], [ 76.287362166958246, 11.686783247030682 ], [ 76.287555032884583, 11.686109808956502 ], [ 76.287385645729344, 11.685156054621403 ], [ 76.287651902571668, 11.684410305385709 ], [ 76.288596791071527, 11.68379139051846 ], [ 76.289665385251922, 11.683552099882096 ], [ 76.290247905351734, 11.68329017788052 ], [ 76.291307571339701, 11.682110770414818 ], [ 76.291601551436969, 11.680696055038815 ], [ 76.291794611027385, 11.679068880609481 ], [ 76.292208032470313, 11.676867752223041 ], [ 76.292740602658611, 11.674802204288568 ], [ 76.293516039387285, 11.673392163583665 ], [ 76.295116805932551, 11.672461535582631 ], [ 76.296479018271597, 11.671648254692686 ], [ 76.297740185540647, 11.67133671339322 ], [ 76.298588399262997, 11.671960707054712 ], [ 76.300624111700913, 11.673348944424722 ], [ 76.301692433651723, 11.673850927632886 ], [ 76.302733351358981, 11.674018441181937 ], [ 76.304700779930528, 11.673729609709328 ], [ 76.307443208780654, 11.673110968830791 ], [ 76.309745494138099, 11.672297942464279 ], [ 76.311130607684845, 11.671624713184361 ], [ 76.314285802993879, 11.670694304955346 ], [ 76.316468673429725, 11.6702653238649 ], [ 76.317321697486889, 11.670310658198876 ], [ 76.318096479976163, 11.671029490463358 ], [ 76.319114354722814, 11.67174844852188 ], [ 76.321081733518952, 11.671748773700669 ], [ 76.322196029662123, 11.671916230348707 ], [ 76.323989165205518, 11.671102957252549 ], [ 76.325397137955818, 11.670624065327077 ], [ 76.326635304902538, 11.670674010709204 ], [ 76.328235679300406, 11.670958963356689 ], [ 76.329739835210731, 11.670841676045104 ], [ 76.33163375622, 11.670719943682238 ], [ 76.332729676668848, 11.670959710415174 ], [ 76.33357798609147, 11.671533802992082 ], [ 76.334985640342907, 11.672899120807978 ], [ 76.336489677855994, 11.673473328512744 ], [ 76.337626994440257, 11.673233921812718 ], [ 76.338209433770459, 11.672709666454598 ], [ 76.33813630231397, 11.671462173050983 ], [ 76.337288048646997, 11.670146667361863 ], [ 76.337311151837767, 11.66902122172448 ], [ 76.337531447920398, 11.667755649679338 ], [ 76.337192384773999, 11.665911431729887 ], [ 76.336844146823665, 11.663805030236189 ], [ 76.336940667425992, 11.662702141664999 ], [ 76.337206652762831, 11.662367646207139 ], [ 76.338178817760237, 11.662535028316761 ], [ 76.338976706586749, 11.662300091990064 ], [ 76.338976824185423, 11.661698901971519 ], [ 76.338371569859518, 11.66138699725753 ], [ 76.337981829005571, 11.660840025676821 ], [ 76.3379819503363, 11.660193664686895 ], [ 76.337376660050097, 11.659904296856265 ], [ 76.336867746821412, 11.659592332660445 ], [ 76.336574318783107, 11.658900756399877 ], [ 76.33657441644425, 11.657992173655167 ], [ 76.337303662210914, 11.656984330516787 ], [ 76.3374000777861, 11.656627283535595 ], [ 76.337303845920559, 11.65607584826175 ], [ 76.336574761896571, 11.655718658272153 ], [ 76.335753968672449, 11.655429267909586 ], [ 76.335313835536269, 11.655167034818939 ], [ 76.335208522447815, 11.653937544367274 ], [ 76.334965633458111, 11.653078743746985 ], [ 76.334727308175388, 11.652504642108164 ], [ 76.333924975867902, 11.651880730733023 ], [ 76.333512265309651, 11.651668252207241 ], [ 76.332884102305627, 11.65166818788544 ], [ 76.332132075704848, 11.651713276703966 ], [ 76.331646021224131, 11.65130639449132 ], [ 76.331425954476472, 11.65102157751363 ], [ 76.329899073712539, 11.650899335367692 ], [ 76.32911952502171, 11.650899156218872 ], [ 76.328541839885062, 11.650754471039555 ], [ 76.328129199831125, 11.650135130429394 ], [ 76.327615899076903, 11.648697699956445 ], [ 76.327258655309294, 11.646555100975254 ], [ 76.326360167677137, 11.645239615166837 ], [ 76.325269020239318, 11.644208887576433 ], [ 76.323815453628811, 11.644018764765207 ], [ 76.322380204947564, 11.644235488901952 ], [ 76.320903604666981, 11.645021727090652 ], [ 76.320394583556308, 11.645310961876872 ], [ 76.319105995398601, 11.645767223463523 ], [ 76.318207141395618, 11.646241631586919 ], [ 76.317601790475408, 11.646603127139203 ], [ 76.317143141575372, 11.647055053414396 ], [ 76.316826663792867, 11.647561230363626 ], [ 76.316803613865005, 11.648230149296165 ], [ 76.316803435036064, 11.649116159230143 ], [ 76.316729890376976, 11.649785044567214 ], [ 76.316582986879581, 11.650598656885638 ], [ 76.316390248617125, 11.651267539069478 ], [ 76.316119663600844, 11.651746680942452 ], [ 76.315096922042983, 11.65240634553842 ], [ 76.313739393062946, 11.653554217047386 ], [ 76.312964249306063, 11.654200417444937 ], [ 76.312257931010379, 11.654796900545923 ], [ 76.311386576572701, 11.65553800050648 ], [ 76.311289937103766, 11.656902979203192 ], [ 76.311165638590211, 11.658864652967358 ], [ 76.311046122591165, 11.660085049926746 ], [ 76.310899121543059, 11.661210508983844 ], [ 76.310876079734186, 11.661902095944377 ], [ 76.310655878024264, 11.662263603656218 ], [ 76.309821173739294, 11.662756145671352 ], [ 76.308995636364699, 11.663375166958353 ], [ 76.308413032302894, 11.663971693028463 ], [ 76.308146869625162, 11.664812379836309 ], [ 76.307784451536747, 11.66569819546736 ], [ 76.30778427734694, 11.66634457402408 ], [ 76.30782997723415, 11.667013599313034 ], [ 76.308338778868261, 11.667827328987 ], [ 76.308609165018865, 11.668541477347267 ], [ 76.308388885631246, 11.66928723440553 ], [ 76.307879661993766, 11.669978728616268 ], [ 76.306884467204497, 11.670480199554202 ], [ 76.305792947289333, 11.670791875840905 ], [ 76.304871134849421, 11.671103511813049 ], [ 76.303715496618636, 11.670981205325418 ], [ 76.302766382992417, 11.670696226158382 ], [ 76.302115261577285, 11.670266640955342 ], [ 76.301895337582565, 11.669520776262795 ], [ 76.301845216084558, 11.668517340878482 ], [ 76.301822486158997, 11.667608760883942 ], [ 76.301602787800675, 11.666270807477725 ], [ 76.301314000866185, 11.665836800756177 ], [ 76.300438214238909, 11.665479496314024 ], [ 76.299832902870747, 11.665429560166054 ], [ 76.299301058580539, 11.665022626507643 ], [ 76.299058272812943, 11.664236140038282 ], [ 76.29930154116802, 11.663350241057131 ], [ 76.300095273019153, 11.661691633040236 ], [ 76.300407822446928, 11.659300540739666 ], [ 76.300408066825497, 11.658220263697416 ], [ 76.30057824217792, 11.656403252103336 ], [ 76.301940001010465, 11.656932459373634 ], [ 76.302471802008057, 11.657456957371762 ], [ 76.303489614512486, 11.658114857702783 ], [ 76.303975888965297, 11.657145441810332 ], [ 76.30540664337471, 11.657100553020024 ], [ 76.306910681267155, 11.657168722298247 ], [ 76.307249980815882, 11.657168742728109 ], [ 76.30792884803293, 11.656621972112529 ], [ 76.308690357382417, 11.655031153497134 ], [ 76.308979596247823, 11.65362093326733 ], [ 76.309200027021831, 11.652255921720414 ], [ 76.309296642122234, 11.651157601711063 ], [ 76.309104330691952, 11.649864808560665 ], [ 76.308980740594194, 11.648856846923954 ], [ 76.308765394363064, 11.648427392696563 ], [ 76.308228936215826, 11.647975220684835 ], [ 76.307674155158367, 11.64775818816522 ], [ 76.306848837582308, 11.647708192277662 ], [ 76.30590417814777, 11.647997303598324 ], [ 76.30536767321972, 11.648042409080958 ], [ 76.304785292614838, 11.64820950017957 ], [ 76.303597432071612, 11.64909510063927 ], [ 76.302602157155022, 11.650030494011839 ], [ 76.301363761286609, 11.651417841169929 ], [ 76.300294981766697, 11.652755564685078 ], [ 76.298850195921489, 11.653952980280454 ], [ 76.296859659591377, 11.655457627149081 ], [ 76.295648771558845, 11.656392907823959 ], [ 76.294653646124942, 11.656749721850394 ], [ 76.293658494793561, 11.656939346439261 ], [ 76.29232403574342, 11.657300512790002 ], [ 76.291085824255262, 11.657517179478855 ], [ 76.290017346968696, 11.657656994435269 ], [ 76.289389161567058, 11.657683882118437 ], [ 76.288880441236742, 11.656725476085935 ], [ 76.288174889093682, 11.654763561289364 ], [ 76.286794735004761, 11.654668294233394 ], [ 76.286276138993188, 11.655793617194025 ], [ 76.285161743355602, 11.656313004761936 ], [ 76.283469702154562, 11.6562627985706 ], [ 76.282625853841964, 11.656520212016614 ], [ 76.281194876960555, 11.65719770534716 ], [ 76.280240756291576, 11.658241531368763 ], [ 76.279873571484941, 11.659285572941664 ], [ 76.279446848428705, 11.659963399560771 ], [ 76.278231444428499, 11.660640982649273 ], [ 76.275108161281111, 11.661842275317223 ], [ 76.272305882620856, 11.662885413794742 ], [ 76.270452985180683, 11.663612503349938 ], [ 76.268710322036256, 11.663923756816498 ], [ 76.267174306160996, 11.663561542043324 ], [ 76.266275611117607, 11.663195128594159 ], [ 76.266857259196826, 11.665125397477015 ], [ 76.267333594932509, 11.666535851376285 ], [ 76.267452339379503, 11.667873755543569 ], [ 76.266324302322758, 11.667678999221211 ], [ 76.264728622075623, 11.667217352824288 ], [ 76.262665347703489, 11.666565632403113 ], [ 76.262857517356579, 11.667600843434119 ], [ 76.262701232746593, 11.668522884083556 ], [ 76.262733114403076, 11.669092378154069 ], [ 76.262246688021548, 11.669788278293622 ], [ 76.261934705273475, 11.670185922934362 ], [ 76.26096238045298, 11.670619499011064 ], [ 76.259985329107792, 11.671143396856793 ], [ 76.259187223932088, 11.671626702074267 ], [ 76.258976027291752, 11.672150974713269 ], [ 76.258636324389954, 11.672941883979432 ], [ 76.258489497221376, 11.673253669032201 ], [ 76.258104261930711, 11.673371008186292 ], [ 76.257595114768421, 11.673492856065669 ], [ 76.257182369105948, 11.673632830596006 ], [ 76.256645716013679, 11.673872180372321 ], [ 76.25609067630397, 11.674233513483072 ], [ 76.255531025174889, 11.674613029631642 ], [ 76.254971313802073, 11.675069286134422 ], [ 76.254705259144785, 11.675381011647493 ], [ 76.254535451894526, 11.675665769887891 ], [ 76.254292119950364, 11.67631202817517 ], [ 76.254218385724329, 11.677030639272362 ], [ 76.25409881416698, 11.677844183815958 ], [ 76.253951850468852, 11.678418212000391 ], [ 76.253685578176999, 11.678992093361835 ], [ 76.253538549246258, 11.679710772815667 ], [ 76.253492142670922, 11.680881378052147 ], [ 76.253331325935406, 11.681541263149482 ], [ 76.253115608832587, 11.682092663794919 ], [ 76.252945642273033, 11.682616860178186 ], [ 76.252922434869149, 11.683263219513538 ], [ 76.25304138563385, 11.683887067112224 ], [ 76.253160340607039, 11.684578641274364 ], [ 76.253233243097185, 11.68565445605509 ], [ 76.253283151583403, 11.68701952259004 ], [ 76.253525611824188, 11.688312354123822 ], [ 76.254249738887353, 11.689388473216068 ], [ 76.255221750687909, 11.689962892423813 ], [ 76.256193856090263, 11.69034747326665 ], [ 76.257065041964466, 11.69079983714275 ], [ 76.25745465306764, 11.691401202702361 ], [ 76.25747728316648, 11.692119850976768 ], [ 76.257540646603815, 11.693995749937212 ], [ 76.257512716357482, 11.694953968514772 ], [ 76.257975453405564, 11.696197128991765 ], [ 76.258557316986241, 11.697539821965394 ], [ 76.259382133928682, 11.699212558356178 ], [ 76.260546152031367, 11.701341955838322 ], [ 76.261370949502378, 11.703281387247275 ], [ 76.262163685080822, 11.704804935613074 ], [ 76.262988641349807, 11.70622002046632 ], [ 76.263424134510331, 11.706866609209746 ], [ 76.264029422785825, 11.707151556983355 ], [ 76.265001958507952, 11.7064604053986 ], [ 76.26623614263768, 11.705380514001185 ], [ 76.26733251137675, 11.704806950067072 ], [ 76.268300638278234, 11.70368628073817 ], [ 76.268566630612469, 11.703731642734088 ], [ 76.268979187967744, 11.704210852025373 ], [ 76.269148533747227, 11.705169202689099 ], [ 76.268858802012787, 11.707225721270849 ], [ 76.268858542789204, 11.707872018846498 ], [ 76.268991181472998, 11.708970479058182 ], [ 76.269302939255425, 11.709237282493552 ], [ 76.270495597172669, 11.708636524989972 ], [ 76.272628701246134, 11.707444008747562 ], [ 76.274472733013994, 11.70677118658617 ], [ 76.275784648393071, 11.706174938288386 ], [ 76.277023157257133, 11.705411545342043 ], [ 76.278211373964567, 11.704571166439843 ], [ 76.278890167726772, 11.704548790204331 ], [ 76.279156047717052, 11.704933151557203 ], [ 76.279013340917359, 11.706320698526129 ], [ 76.279035899775977, 11.707373888371826 ], [ 76.279737407674475, 11.708020497691006 ], [ 76.279943507329349, 11.708856781527214 ], [ 76.280333038905169, 11.709715700649379 ], [ 76.280984146079561, 11.710222103330734 ], [ 76.281736335277245, 11.710077700888482 ], [ 76.282369465411108, 11.709526504918133 ], [ 76.281957053328469, 11.708568151922799 ], [ 76.281498812411229, 11.707230079750444 ], [ 76.281765414454398, 11.705602959753621 ], [ 76.281935400724635, 11.704671850808491 ] ] ] ] } },
{ "type": "Feature", "properties": { "village_code": "627328", "village": "Muttil North", "village_name": "Muttil North ", "district": "Wayanad", "subdistrict_code": 5637, "households_2011": 2808.0, "population_2011": 12382, "male_population_2011": 6090.0, "female_population_2011": 6292.0 }, "geometry": { "type": "MultiPolygon", "coordinates": [ [ [ [ 76.10107812831599, 11.677779676560979 ], [ 76.101839106002259, 11.67769536880553 ], [ 76.102554844013952, 11.677755921318296 ], [ 76.103303240535027, 11.677969994388491 ], [ 76.103563676659121, 11.677711275828587 ], [ 76.103160245621055, 11.676609781640483 ], [ 76.102711683033689, 11.675675701255392 ], [ 76.102859379016977, 11.674739393470198 ], [ 76.102623998095424, 11.674369629129266 ], [ 76.10241190198208, 11.674076524864628 ], [ 76.102515255810673, 11.673556284820949 ], [ 76.102920882905764, 11.673188559216181 ], [ 76.102681879894661, 11.672773540789427 ], [ 76.102598089649348, 11.672466440446057 ], [ 76.102699989552221, 11.672131532575584 ], [ 76.103288526077634, 11.67192135780124 ], [ 76.103581468130514, 11.67177549463101 ], [ 76.103877938683723, 11.671376586801721 ], [ 76.104275158637904, 11.670918471338858 ], [ 76.104696055342387, 11.670650110430996 ], [ 76.105265874516107, 11.670937263194441 ], [ 76.105667511176094, 11.671600218936657 ], [ 76.106049135701269, 11.671838367865037 ], [ 76.106364491281113, 11.671574928736336 ], [ 76.106298510766862, 11.671118619135855 ], [ 76.10606722540841, 11.670622270510083 ], [ 76.106010093514115, 11.670093515300294 ], [ 76.106631349269819, 11.669458250343787 ], [ 76.107145987502378, 11.669142025264374 ], [ 76.107321385081903, 11.668831711473606 ], [ 76.107263131569354, 11.668325655886855 ], [ 76.107666867271433, 11.668070933831496 ], [ 76.108161570104429, 11.667910763457012 ], [ 76.108656589204983, 11.667838795731139 ], [ 76.108941634754075, 11.66801171935904 ], [ 76.108966410840551, 11.668472765911325 ], [ 76.109179167645323, 11.668928558817843 ], [ 76.109450593307898, 11.669135425591337 ], [ 76.110021375493204, 11.669099287690191 ], [ 76.110212788482855, 11.669358534945484 ], [ 76.110529544757512, 11.669443178114905 ], [ 76.111204631604068, 11.669666618722676 ], [ 76.111897366052645, 11.669727217415344 ], [ 76.112149263157775, 11.669644880609415 ], [ 76.112865474957587, 11.668683735981633 ], [ 76.113422011159955, 11.66849619025896 ], [ 76.113137861062114, 11.669121216038834 ], [ 76.112965502095008, 11.669607831414829 ], [ 76.113291832325913, 11.669785162602473 ], [ 76.113836932448152, 11.669615747023542 ], [ 76.114492873419223, 11.669653870602382 ], [ 76.114999191056626, 11.670108526565732 ], [ 76.115295627640606, 11.670265562690101 ], [ 76.115420351151897, 11.669921486018522 ], [ 76.115344251750102, 11.669512702601411 ], [ 76.115564506305731, 11.669265460629937 ], [ 76.115538109791871, 11.66838404194014 ], [ 76.115600378163293, 11.667904622886336 ], [ 76.115915686816223, 11.667632098287141 ], [ 76.116420567865703, 11.667716068440461 ], [ 76.116655880103522, 11.668085797870456 ], [ 76.116722471263287, 11.668668728480572 ], [ 76.116755702647509, 11.668962447873291 ], [ 76.117053934258962, 11.668981640834311 ], [ 76.117291439225767, 11.668747943347345 ], [ 76.117492507915728, 11.668552754477645 ], [ 76.11781013862938, 11.668867996311082 ], [ 76.117518374405222, 11.669303036986623 ], [ 76.117226750980421, 11.669778844801808 ], [ 76.117393194024956, 11.670103732652743 ], [ 76.117852117239124, 11.670174320373103 ], [ 76.118334672154276, 11.670425592415086 ], [ 76.119142086338925, 11.670494772738058 ], [ 76.119478110279374, 11.670787244872544 ], [ 76.1194808660467, 11.671474409992566 ], [ 76.119482610959722, 11.671912919224104 ], [ 76.119887390218807, 11.672200673694714 ], [ 76.121476990417662, 11.672886090173213 ], [ 76.122321379153547, 11.673027499170669 ], [ 76.123059732892074, 11.673024621031393 ], [ 76.123836303054475, 11.673383232857345 ], [ 76.124312689798501, 11.67323670848015 ], [ 76.12468088145512, 11.673560705617421 ], [ 76.12505469132023, 11.674142414903777 ], [ 76.125275481573553, 11.674286286800355 ], [ 76.125424108203404, 11.674760343864337 ], [ 76.125500103705065, 11.675410995796518 ], [ 76.125913282437807, 11.676648046884672 ], [ 76.126281754480559, 11.677044467393065 ], [ 76.127167717866882, 11.677221786281374 ], [ 76.128163222687775, 11.677290240564098 ], [ 76.129525134263673, 11.67724866659761 ], [ 76.131735587240868, 11.677203802451423 ], [ 76.132506082687343, 11.67720075196206 ], [ 76.132860108788279, 11.677058952424952 ], [ 76.132542875209396, 11.676697032768732 ], [ 76.132237621845007, 11.676169653026308 ], [ 76.133273199329167, 11.675235771242029 ], [ 76.135598797572939, 11.675354037049793 ], [ 76.137543522732926, 11.67528219485853 ], [ 76.138408441009688, 11.674512207053182 ], [ 76.138544344452853, 11.673255468979827 ], [ 76.138326029233198, 11.671425303897291 ], [ 76.138143188892101, 11.669529771831449 ], [ 76.138511257271006, 11.667184785386633 ], [ 76.138759085650747, 11.665533091166699 ], [ 76.137811191451135, 11.663318419587609 ], [ 76.13628435188572, 11.661353448665215 ], [ 76.134576037631874, 11.658404153664772 ], [ 76.134715312505961, 11.656070651447175 ], [ 76.135531048166044, 11.654567049023431 ], [ 76.136347686513716, 11.653030309633852 ], [ 76.137644221706424, 11.651174882445194 ], [ 76.138455287521751, 11.649836996267332 ], [ 76.138979163712364, 11.649059023125492 ], [ 76.13848066984275, 11.649076186827722 ], [ 76.137333972328321, 11.648992688250049 ], [ 76.137046547841024, 11.649005793666673 ], [ 76.13662000080447, 11.649025241158181 ], [ 76.1347540052939, 11.649127542285775 ], [ 76.13152478144923, 11.648963367944255 ], [ 76.12978118091236, 11.648708561343003 ], [ 76.126483152082656, 11.648500004601038 ], [ 76.123688549798061, 11.648045236667709 ], [ 76.120553442949287, 11.647307045072495 ], [ 76.117603781873242, 11.647069865221065 ], [ 76.116621663635115, 11.646883847637397 ], [ 76.115540778711178, 11.646078802535927 ], [ 76.114556183726293, 11.645268886061904 ], [ 76.113666841227456, 11.644209974748669 ], [ 76.113031314512838, 11.643525232443382 ], [ 76.112235594350992, 11.642936135207872 ], [ 76.111384476553056, 11.642225148294884 ], [ 76.110965966563342, 11.641928363796287 ], [ 76.110745142275434, 11.641761940811422 ], [ 76.110477884587084, 11.641437533556481 ], [ 76.11013235878508, 11.641031959763604 ], [ 76.108898777099029, 11.641032238256525 ], [ 76.108092381588222, 11.641207125940804 ], [ 76.10722124195577, 11.641237592052576 ], [ 76.106323043709651, 11.641394731880483 ], [ 76.105626422526228, 11.641510465625943 ], [ 76.104930051743651, 11.641675891756208 ], [ 76.104466213105852, 11.641492283646979 ], [ 76.104199312247545, 11.641276351060178 ], [ 76.10392284764572, 11.640938333531972 ], [ 76.103724564108475, 11.640663314831762 ], [ 76.103385855226406, 11.639652006091941 ], [ 76.102855021283602, 11.638772428151707 ], [ 76.102573794368311, 11.638389286854709 ], [ 76.102154612869697, 11.63792519854975 ], [ 76.101680389518137, 11.637434266710329 ], [ 76.101372214786394, 11.637186817444466 ], [ 76.10104119941748, 11.636971117239611 ], [ 76.100613853088973, 11.636755764141554 ], [ 76.099635960536986, 11.636474708701542 ], [ 76.098736694236592, 11.636351516438744 ], [ 76.098424851173903, 11.63633912652738 ], [ 76.097182119328181, 11.636339367606878 ], [ 76.096907115723084, 11.636376582055375 ], [ 76.096095888338823, 11.636492657397483 ], [ 76.095351668527869, 11.63674188895653 ], [ 76.094509616399336, 11.637830323256754 ], [ 76.09500503087213, 11.637812347622596 ], [ 76.095589530951074, 11.638352662820918 ], [ 76.095590769838665, 11.638659999270084 ], [ 76.095550657964282, 11.638967558731174 ], [ 76.095317890135533, 11.639239738918912 ], [ 76.094929588414317, 11.639630032091073 ], [ 76.094380861921763, 11.640016298957574 ], [ 76.094402776224371, 11.640346251039494 ], [ 76.094776834699147, 11.640439747420402 ], [ 76.09504757977605, 11.640479425998505 ], [ 76.095400787808728, 11.640514234808412 ], [ 76.095989037195721, 11.640823994144236 ], [ 76.096343177241451, 11.641089304588412 ], [ 76.096112137402699, 11.641827093041364 ], [ 76.096056747232424, 11.642308768542053 ], [ 76.096623842058221, 11.642500996340214 ], [ 76.097053300864147, 11.642094731136948 ], [ 76.097666521206804, 11.64176693025979 ], [ 76.098251796102076, 11.641339712246785 ], [ 76.098695596799928, 11.641080408859633 ], [ 76.099126897126567, 11.641119415383073 ], [ 76.099558329371106, 11.641235338446599 ], [ 76.099912079950926, 11.641387644968203 ], [ 76.100302738759396, 11.641616700049454 ], [ 76.100578372347158, 11.641733241955324 ], [ 76.100775089792307, 11.642195826131696 ], [ 76.100462958668615, 11.642696554382265 ], [ 76.100189781080275, 11.643199389302067 ], [ 76.099879739087399, 11.643666229048158 ], [ 76.099415982548791, 11.644671623446618 ], [ 76.099182841675457, 11.645445573822713 ], [ 76.098791506240204, 11.645639179223226 ], [ 76.098319314055644, 11.645679401463319 ], [ 76.097809349520332, 11.645450776995064 ], [ 76.097377816297822, 11.645334933744527 ], [ 76.096910136583702, 11.645336677933145 ], [ 76.096515874604421, 11.645378843306201 ], [ 76.096048718869795, 11.645534346957126 ], [ 76.095699090749676, 11.645827282558328 ], [ 76.095719043508367, 11.646249885282831 ], [ 76.095308590364652, 11.646233348045065 ], [ 76.094954078438747, 11.645886596077593 ], [ 76.094462968323299, 11.645773218550616 ], [ 76.094014046701361, 11.645890213583654 ], [ 76.093385711409979, 11.645892608942074 ], [ 76.092720165900403, 11.64574140987132 ], [ 76.092209415713157, 11.645277658930764 ], [ 76.091932552987899, 11.64485375948076 ], [ 76.091816248088435, 11.644429290164966 ], [ 76.091814577036857, 11.644004347079758 ], [ 76.09177209070269, 11.64369705043644 ], [ 76.091771031482921, 11.643425873028338 ], [ 76.091495187197424, 11.643232481901782 ], [ 76.091027248464087, 11.643198133451945 ], [ 76.090675035834309, 11.643429979627822 ], [ 76.090283891348776, 11.643662073762274 ], [ 76.08957926222854, 11.643474848009504 ], [ 76.089027314829536, 11.64305198346757 ], [ 76.088636613840137, 11.642818383544277 ], [ 76.088361121232339, 11.642742584913558 ], [ 76.08775783839306, 11.642819470985756 ], [ 76.086916965427619, 11.642824874133595 ], [ 76.086522707622038, 11.642867008861893 ], [ 76.086409594771666, 11.643251745430181 ], [ 76.086136195468171, 11.643718388047438 ], [ 76.085743317384427, 11.644104117031947 ], [ 76.085765543216425, 11.64451321069169 ], [ 76.085943259867349, 11.644799598329215 ], [ 76.086022251460733, 11.645070568464192 ], [ 76.086046908536659, 11.645513455594086 ], [ 76.086012733952003, 11.646164563693986 ], [ 76.086015375094235, 11.646856270475022 ], [ 76.086127583004597, 11.647402820476398 ], [ 76.086354121404696, 11.647872158076481 ], [ 76.086538983298468, 11.648233139034724 ], [ 76.086760116297043, 11.648508048875454 ], [ 76.086577896463979, 11.648816191812731 ], [ 76.086249137831089, 11.64917906982029 ], [ 76.086177071388505, 11.649509388330975 ], [ 76.086361426990848, 11.64976178705296 ], [ 76.086803272901292, 11.65015794058197 ], [ 76.086932984333913, 11.650505600716201 ], [ 76.086879637400088, 11.650921650468215 ], [ 76.086697702517142, 11.651320203294219 ], [ 76.086223995392572, 11.65215831078161 ], [ 76.085928649865309, 11.652851157724049 ], [ 76.085566707654195, 11.654140952423015 ], [ 76.085751710693415, 11.654542525217783 ], [ 76.085936577183205, 11.65490351453929 ], [ 76.086121276631118, 11.655228338924493 ], [ 76.08756003514506, 11.654897375423845 ], [ 76.089398536169099, 11.654781946639694 ], [ 76.090688059403774, 11.654994060971909 ], [ 76.091134169614648, 11.655317821116505 ], [ 76.091465349084132, 11.655574233217033 ], [ 76.091907479284913, 11.656042708156411 ], [ 76.092280985301471, 11.656570265926076 ], [ 76.092395634444742, 11.657749760163522 ], [ 76.092326969417385, 11.658947966742476 ], [ 76.092146154454397, 11.659622286974729 ], [ 76.091775233996927, 11.659750254210962 ], [ 76.091371047835977, 11.659607180067697 ], [ 76.090929195912025, 11.659206428433274 ], [ 76.090594331127775, 11.65917156828673 ], [ 76.089678402861921, 11.659505058095039 ], [ 76.088574980687099, 11.659979412459968 ], [ 76.087727541985359, 11.660235771005622 ], [ 76.087319296593549, 11.660201148572172 ], [ 76.087097478172595, 11.659767994571778 ], [ 76.086728596416336, 11.659258578135614 ], [ 76.086378407205729, 11.658843956377957 ], [ 76.085331361750576, 11.659666154759234 ], [ 76.085736963304527, 11.660170988638328 ], [ 76.086257848316606, 11.660860688568176 ], [ 76.08618097854044, 11.66115031208027 ], [ 76.085815004037229, 11.66136862236295 ], [ 76.085338576534213, 11.661519609323486 ], [ 76.084857195216543, 11.6615576445787 ], [ 76.084307252572614, 11.661668198278182 ], [ 76.083939514315773, 11.661452605724456 ], [ 76.08371324459543, 11.661051063132332 ], [ 76.083161727046871, 11.660727719859885 ], [ 76.083087043168021, 11.660397964305181 ], [ 76.083048105700669, 11.659819395372347 ], [ 76.082417665198861, 11.659274756209747 ], [ 76.082013996311261, 11.659240154815153 ], [ 76.081240231791554, 11.659573071082866 ], [ 76.080581099513779, 11.659901055954315 ], [ 76.079693961609578, 11.659393507262509 ], [ 76.079400531126424, 11.65939465523752 ], [ 76.079140253735773, 11.659689430080897 ], [ 76.078995313610719, 11.660160153443719 ], [ 76.078850671628587, 11.66070771806271 ], [ 76.07874266404211, 11.661250604060458 ], [ 76.078599427199492, 11.662159824839376 ], [ 76.078131173445229, 11.662037273792084 ], [ 76.077995666048309, 11.662568993377214 ], [ 76.078034830724249, 11.663219810124913 ], [ 76.078438677977346, 11.663290591299138 ], [ 76.078440794869749, 11.663837588072299 ], [ 76.078735562435313, 11.664162025186327 ], [ 76.079181804571775, 11.664526509310255 ], [ 76.079109583870931, 11.664816168822203 ], [ 76.078849408946212, 11.665142605738714 ], [ 76.078556342624282, 11.665256758772273 ], [ 76.078079934089871, 11.665403126481593 ], [ 76.07759870217977, 11.665477305174383 ], [ 76.077011971842509, 11.665551833575822 ], [ 76.076458422206542, 11.665915577173234 ], [ 76.075875607479517, 11.667007261166722 ], [ 76.07565821597035, 11.667735905262708 ], [ 76.075435927760495, 11.668356107177736 ], [ 76.075291207753025, 11.668899172681002 ], [ 76.075329188044932, 11.669229015924403 ], [ 76.075702909431484, 11.669806248731527 ], [ 76.076475888283198, 11.670458919595236 ], [ 76.077106302270352, 11.670999008579912 ], [ 76.078582201821277, 11.671938351085057 ], [ 76.079284405029142, 11.672084862042759 ], [ 76.080060199992985, 11.672262787372356 ], [ 76.080647372655505, 11.672296747128955 ], [ 76.081087692578038, 11.672295111252357 ], [ 76.081971271662781, 11.671889436310254 ], [ 76.082452275285377, 11.671742908086168 ], [ 76.083038197441255, 11.671451355969376 ], [ 76.08351844151305, 11.671124077973845 ], [ 76.084125864347968, 11.671056221959155 ], [ 76.084697273117598, 11.671155832210991 ], [ 76.08528427260056, 11.671153605529744 ], [ 76.086022959970336, 11.67122307475983 ], [ 76.087055608818673, 11.671400060010278 ], [ 76.087941988951201, 11.671722190842605 ], [ 76.088602715921553, 11.671792037689116 ], [ 76.089048112646807, 11.671934990225457 ], [ 76.089341792773112, 11.671974588623939 ], [ 76.089635341178095, 11.671973422690543 ], [ 76.090254802101271, 11.671971090669727 ], [ 76.090520460939857, 11.671970130255886 ], [ 76.091032853428345, 11.671968130375483 ], [ 76.093658923516116, 11.673517791320727 ], [ 76.094766654711236, 11.6741328938765 ], [ 76.096060173011608, 11.675348629701169 ], [ 76.096722886915245, 11.675924690518814 ], [ 76.097428637563027, 11.676939225525413 ], [ 76.09761609883121, 11.677955658743223 ], [ 76.097912191337514, 11.678610002170482 ], [ 76.09851024228314, 11.680244231694314 ], [ 76.098768048023715, 11.680496389880055 ], [ 76.100830469659556, 11.680685145632479 ], [ 76.100477655658779, 11.680196011249034 ], [ 76.100389463841267, 11.679925123599229 ], [ 76.100409819053851, 11.679278519507305 ], [ 76.100616695424364, 11.678242539860745 ], [ 76.10107812831599, 11.677779676560979 ] ] ] ] } },
{ "type": "Feature", "properties": { "village_code": "627327", "village": "Kaniambetta", "village_name": "Kaniambetta", "district": "Wayanad", "subdistrict_code": 5637, "households_2011": 6647.0, "population_2011": 29363, "male_population_2011": 14521.0, "female_population_2011": 14842.0 }, "geometry": { "type": "MultiPolygon", "coordinates": [ [ [ [ 76.08768825136103, 11.735895030804871 ], [ 76.088175927157948, 11.736250287288643 ], [ 76.088983105692748, 11.736211123053797 ], [ 76.089253518228787, 11.736270109686844 ], [ 76.090026787986687, 11.735646501791484 ], [ 76.091271277359056, 11.734715623287112 ], [ 76.091820434191973, 11.733586680971253 ], [ 76.092117555725821, 11.732599523212803 ], [ 76.09295078137707, 11.731820693773161 ], [ 76.094012631251672, 11.732010192804035 ], [ 76.094875065786155, 11.731513720126848 ], [ 76.094929220695676, 11.730785333269203 ], [ 76.095418251315593, 11.730173946896882 ], [ 76.096238303787516, 11.729726291516197 ], [ 76.096657824723636, 11.729173763381519 ], [ 76.097319723549631, 11.727772152526994 ], [ 76.097918138890947, 11.726255566910057 ], [ 76.098748168984017, 11.725423479342044 ], [ 76.099463446548, 11.723975491523371 ], [ 76.10017532415074, 11.72260157172837 ], [ 76.101180617189655, 11.721567406770401 ], [ 76.101499148076599, 11.719663846238918 ], [ 76.101966555438608, 11.717000085427461 ], [ 76.10226759190563, 11.71374935669839 ], [ 76.101472454579621, 11.710241436132042 ], [ 76.100443010105579, 11.708277785139027 ], [ 76.099371250803415, 11.7068884539606 ], [ 76.099654179752449, 11.705204366817563 ], [ 76.102165154323217, 11.702088301872674 ], [ 76.104596658707322, 11.699401299993596 ], [ 76.106449064457323, 11.698158064438262 ], [ 76.108229525550669, 11.697078714164391 ], [ 76.108853669283249, 11.697626450788716 ], [ 76.109172535186033, 11.699459579444307 ], [ 76.109280321819156, 11.701618694106852 ], [ 76.109927908624741, 11.702531967288904 ], [ 76.111093930122379, 11.702961758149268 ], [ 76.111816865035067, 11.702989382602228 ], [ 76.11267395392909, 11.702442715768065 ], [ 76.113602027042646, 11.701210188652931 ], [ 76.114088960168672, 11.700563506867901 ], [ 76.115304103508663, 11.700455637797734 ], [ 76.118307616010256, 11.700172336624284 ], [ 76.119248406278089, 11.700231051808942 ], [ 76.118415382591905, 11.697521523421319 ], [ 76.118049793422315, 11.69615156204336 ], [ 76.118655817903488, 11.694940678644723 ], [ 76.120517587548903, 11.69455999208577 ], [ 76.12410226970799, 11.695154802942882 ], [ 76.126200713765186, 11.69594145269992 ], [ 76.127443240749272, 11.696041464839558 ], [ 76.128403416328666, 11.695404046734483 ], [ 76.128230278934907, 11.694371049473764 ], [ 76.128751911424501, 11.69337647862141 ], [ 76.129330270396878, 11.692588883107629 ], [ 76.131270575687012, 11.692761638945264 ], [ 76.133899740025981, 11.693827904132283 ], [ 76.135192316221577, 11.693767519748196 ], [ 76.135692347368021, 11.693511492976087 ], [ 76.137398668865188, 11.692649075578931 ], [ 76.138737282131544, 11.692020316922337 ], [ 76.14036650459299, 11.691649382268844 ], [ 76.141912262031113, 11.691324373252231 ], [ 76.142355477020061, 11.691248167098868 ], [ 76.141991942820994, 11.689667994504003 ], [ 76.139677444219103, 11.688179176844329 ], [ 76.139290473742278, 11.687571660167631 ], [ 76.139652717374176, 11.686298207784137 ], [ 76.13810424962243, 11.685449895778625 ], [ 76.135698623178854, 11.684820991328206 ], [ 76.134775045895395, 11.682938505102024 ], [ 76.134135693437145, 11.681727104894726 ], [ 76.134313576414257, 11.680172947880559 ], [ 76.133863605086702, 11.678203787079946 ], [ 76.132860108788279, 11.677058952424952 ], [ 76.132506082687343, 11.67720075196206 ], [ 76.131735587240868, 11.677203802451423 ], [ 76.129525134263673, 11.67724866659761 ], [ 76.128163222687775, 11.677290240564098 ], [ 76.127167717866882, 11.677221786281374 ], [ 76.126281754480559, 11.677044467393065 ], [ 76.125913282437807, 11.676648046884672 ], [ 76.125500103705065, 11.675410995796518 ], [ 76.125424108203404, 11.674760343864337 ], [ 76.125275481573553, 11.674286286800355 ], [ 76.12505469132023, 11.674142414903777 ], [ 76.12468088145512, 11.673560705617421 ], [ 76.124312689798501, 11.67323670848015 ], [ 76.123836303054475, 11.673383232857345 ], [ 76.123059732892074, 11.673024621031393 ], [ 76.122321379153547, 11.673027499170669 ], [ 76.121476990417662, 11.672886090173213 ], [ 76.119887390218807, 11.672200673694714 ], [ 76.119482610959722, 11.671912919224104 ], [ 76.1194808660467, 11.671474409992566 ], [ 76.119478110279374, 11.670787244872544 ], [ 76.119142086338925, 11.670494772738058 ], [ 76.118334672154276, 11.670425592415086 ], [ 76.117852117239124, 11.670174320373103 ], [ 76.117393194024956, 11.670103732652743 ], [ 76.117226750980421, 11.669778844801808 ], [ 76.117518374405222, 11.669303036986623 ], [ 76.11781013862938, 11.668867996311082 ], [ 76.117492507915728, 11.668552754477645 ], [ 76.117291439225767, 11.668747943347345 ], [ 76.117053934258962, 11.668981640834311 ], [ 76.116755702647509, 11.668962447873291 ], [ 76.116722471263287, 11.668668728480572 ], [ 76.116655880103522, 11.668085797870456 ], [ 76.116420567865703, 11.667716068440461 ], [ 76.115915686816223, 11.667632098287141 ], [ 76.115600378163293, 11.667904622886336 ], [ 76.115538109791871, 11.66838404194014 ], [ 76.115564506305731, 11.669265460629937 ], [ 76.115344251750102, 11.669512702601411 ], [ 76.115420351151897, 11.669921486018522 ], [ 76.115295627640606, 11.670265562690101 ], [ 76.114999191056626, 11.670108526565732 ], [ 76.114492873419223, 11.669653870602382 ], [ 76.113836932448152, 11.669615747023542 ], [ 76.113291832325913, 11.669785162602473 ], [ 76.112965502095008, 11.669607831414829 ], [ 76.113137861062114, 11.669121216038834 ], [ 76.113422011159955, 11.66849619025896 ], [ 76.112865474957587, 11.668683735981633 ], [ 76.112149263157775, 11.669644880609415 ], [ 76.111897366052645, 11.669727217415344 ], [ 76.111204631604068, 11.669666618722676 ], [ 76.110529544757512, 11.669443178114905 ], [ 76.110212788482855, 11.669358534945484 ], [ 76.110021375493204, 11.669099287690191 ], [ 76.109450593307898, 11.669135425591337 ], [ 76.109179167645323, 11.668928558817843 ], [ 76.108966410840551, 11.668472765911325 ], [ 76.108941634754075, 11.66801171935904 ], [ 76.108656589204983, 11.667838795731139 ], [ 76.108161570104429, 11.667910763457012 ], [ 76.107666867271433, 11.668070933831496 ], [ 76.107263131569354, 11.668325655886855 ], [ 76.107321385081903, 11.668831711473606 ], [ 76.107145987502378, 11.669142025264374 ], [ 76.106631349269819, 11.669458250343787 ], [ 76.106010093514115, 11.670093515300294 ], [ 76.10606722540841, 11.670622270510083 ], [ 76.106298510766862, 11.671118619135855 ], [ 76.106364491281113, 11.671574928736336 ], [ 76.106049135701269, 11.671838367865037 ], [ 76.105667511176094, 11.671600218936657 ], [ 76.105265874516107, 11.670937263194441 ], [ 76.104696055342387, 11.670650110430996 ], [ 76.104275158637904, 11.670918471338858 ], [ 76.103877938683723, 11.671376586801721 ], [ 76.103581468130514, 11.67177549463101 ], [ 76.103288526077634, 11.67192135780124 ], [ 76.102699989552221, 11.672131532575584 ], [ 76.102598089649348, 11.672466440446057 ], [ 76.102681879894661, 11.672773540789427 ], [ 76.102920882905764, 11.673188559216181 ], [ 76.102515255810673, 11.673556284820949 ], [ 76.10241190198208, 11.674076524864628 ], [ 76.102623998095424, 11.674369629129266 ], [ 76.102859379016977, 11.674739393470198 ], [ 76.102711683033689, 11.675675701255392 ], [ 76.103160245621055, 11.676609781640483 ], [ 76.103563676659121, 11.677711275828587 ], [ 76.103303240535027, 11.677969994388491 ], [ 76.102554844013952, 11.677755921318296 ], [ 76.101839106002259, 11.67769536880553 ], [ 76.10107812831599, 11.677779676560979 ], [ 76.100616695424364, 11.678242539860745 ], [ 76.100409819053851, 11.679278519507305 ], [ 76.100389463841267, 11.679925123599229 ], [ 76.100477655658779, 11.680196011249034 ], [ 76.100830469659556, 11.680685145632479 ], [ 76.098768048023715, 11.680496389880055 ], [ 76.09851024228314, 11.680244231694314 ], [ 76.097912191337514, 11.678610002170482 ], [ 76.09761609883121, 11.677955658743223 ], [ 76.097428637563027, 11.676939225525413 ], [ 76.096722886915245, 11.675924690518814 ], [ 76.096060173011608, 11.675348629701169 ], [ 76.094766654711236, 11.6741328938765 ], [ 76.093658923516116, 11.673517791320727 ], [ 76.091032853428345, 11.671968130375483 ], [ 76.090520460939857, 11.671970130255886 ], [ 76.090254802101271, 11.671971090669727 ], [ 76.089635341178095, 11.671973422690543 ], [ 76.089341792773112, 11.671974588623939 ], [ 76.089048112646807, 11.671934990225457 ], [ 76.088602715921553, 11.671792037689116 ], [ 76.087941988951201, 11.671722190842605 ], [ 76.087055608818673, 11.671400060010278 ], [ 76.086022959970336, 11.67122307475983 ], [ 76.08528427260056, 11.671153605529744 ], [ 76.084697273117598, 11.671155832210991 ], [ 76.084125864347968, 11.671056221959155 ], [ 76.08351844151305, 11.671124077973845 ], [ 76.083038197441255, 11.671451355969376 ], [ 76.082452275285377, 11.671742908086168 ], [ 76.081971271662781, 11.671889436310254 ], [ 76.081087692578038, 11.672295111252357 ], [ 76.080647372655505, 11.672296747128955 ], [ 76.080060199992985, 11.672262787372356 ], [ 76.079284405029142, 11.672084862042759 ], [ 76.078582201821277, 11.671938351085057 ], [ 76.077106302270352, 11.670999008579912 ], [ 76.076475888283198, 11.670458919595236 ], [ 76.075702909431484, 11.669806248731527 ], [ 76.075329188044932, 11.669229015924403 ], [ 76.073126449759343, 11.670078086538739 ], [ 76.072339743598576, 11.669439087067174 ], [ 76.071788870613744, 11.669296520456797 ], [ 76.071253242513265, 11.669556131485297 ], [ 76.070214961823226, 11.670296928164628 ], [ 76.069441160544017, 11.670611757952807 ], [ 76.068968654155555, 11.670599936351664 ], [ 76.06813379249057, 11.670544238640522 ], [ 76.066933392271338, 11.670860667066565 ], [ 76.065748598149199, 11.671678838137467 ], [ 76.065105245878101, 11.672549152902295 ], [ 76.064594986876827, 11.673446219471685 ], [ 76.064458750213859, 11.673794813321052 ], [ 76.063891651643814, 11.675415301301509 ], [ 76.063463605103308, 11.676226169054686 ], [ 76.063060740348902, 11.676419745595899 ], [ 76.062657217538828, 11.676446101595644 ], [ 76.061785500191931, 11.676349850008565 ], [ 76.060831840871103, 11.676439276208274 ], [ 76.060099307142082, 11.676781083010086 ], [ 76.05915830346639, 11.677788112689324 ], [ 76.057646161884918, 11.679348902989044 ], [ 76.057661452862433, 11.679696726211617 ], [ 76.057430235836563, 11.680531692722337 ], [ 76.057945570748217, 11.681939048710017 ], [ 76.059134655443387, 11.684509366920187 ], [ 76.059702580291187, 11.685843552967334 ], [ 76.059830284629655, 11.688459268492986 ], [ 76.059681251593275, 11.691042505609637 ], [ 76.060044434226185, 11.693366218460955 ], [ 76.060611699535158, 11.694725301998558 ], [ 76.062617421559565, 11.696099137522816 ], [ 76.06372640368474, 11.697050198630448 ], [ 76.064578088076104, 11.699063971098942 ], [ 76.064538486001936, 11.701351767028957 ], [ 76.064140509898579, 11.703361844395085 ], [ 76.064858344372141, 11.703946844242868 ], [ 76.066252519203417, 11.705006466905758 ], [ 76.068496739576773, 11.705988752575987 ], [ 76.069949956621784, 11.706377030072067 ], [ 76.072497024262461, 11.706471912816884 ], [ 76.073564846051056, 11.707098360486924 ], [ 76.074786767868659, 11.708525187513988 ], [ 76.075874852399721, 11.710222018039333 ], [ 76.076409102714763, 11.71097064356718 ], [ 76.0775347453054, 11.712233101620685 ], [ 76.078889256379043, 11.712543944198217 ], [ 76.079805794057904, 11.713131331634736 ], [ 76.080465817540272, 11.714826405584942 ], [ 76.081241469113067, 11.716862991271757 ], [ 76.081485288693742, 11.718063946628952 ], [ 76.082324759771879, 11.719629562293706 ], [ 76.083447369855207, 11.721003886572683 ], [ 76.083956105798649, 11.722659969877643 ], [ 76.083482312342923, 11.725135111333206 ], [ 76.083084917520537, 11.72669175090182 ], [ 76.083218031494496, 11.728238051009317 ], [ 76.083567871430205, 11.729789636496514 ], [ 76.08399448318103, 11.731145599249146 ], [ 76.08477277557563, 11.732269877404761 ], [ 76.084774484625058, 11.733033102517405 ], [ 76.084981925468597, 11.733735483731603 ], [ 76.08464642617615, 11.734618157794227 ], [ 76.084791468040748, 11.735349969748988 ], [ 76.083873399072644, 11.735186181838875 ], [ 76.083443070174042, 11.735413882234521 ], [ 76.083045404044611, 11.735781566743665 ], [ 76.082709702478041, 11.736410281092121 ], [ 76.082616444797267, 11.737925550371571 ], [ 76.082723657898569, 11.738600312496802 ], [ 76.083199464450686, 11.738827970979552 ], [ 76.084818433878539, 11.739532731181809 ], [ 76.086041691528933, 11.740329288388022 ], [ 76.086406474017778, 11.740695409010776 ], [ 76.086832246754128, 11.740209038337333 ], [ 76.087433421271498, 11.738017564486134 ], [ 76.087371557556764, 11.737030944147081 ], [ 76.087369419046397, 11.736492961625935 ], [ 76.087367772254751, 11.736054440996535 ], [ 76.08768825136103, 11.735895030804871 ] ] ] ] } },
{ "type": "Feature", "properties": { "village_code": "627316", "village": "Krishnagiri", "village_name": "Krishnagiri", "district": "Wayanad", "subdistrict_code": 5636, "households_2011": 3229.0, "population_2011": 12952, "male_population_2011": 6489.0, "female_population_2011": 6463.0 }, "geometry": { "type": "MultiPolygon", "coordinates": [ [ [ [ 76.192961035323407, 11.699355538997001 ], [ 76.193254546774739, 11.699354246926728 ], [ 76.193598767534738, 11.699402555441043 ], [ 76.193942942886579, 11.699450859213581 ], [ 76.194284616513713, 11.698916028420168 ], [ 76.19432783401767, 11.698287483445261 ], [ 76.194427468112266, 11.697997743981832 ], [ 76.194868384959008, 11.698140524349645 ], [ 76.195212408755978, 11.698139131030246 ], [ 76.195849523707565, 11.698041546360413 ], [ 76.196582719933062, 11.697893848899104 ], [ 76.196823061962263, 11.697264414102911 ], [ 76.197118495887693, 11.696634826482127 ], [ 76.197603224457069, 11.696293822333564 ], [ 76.197797510302294, 11.69561491705778 ], [ 76.198043933418958, 11.695324574590561 ], [ 76.198285356145632, 11.69493930917923 ], [ 76.198526617140459, 11.694499749116924 ], [ 76.198920218384373, 11.694308286409367 ], [ 76.199607768652854, 11.694205987500546 ], [ 76.200144144538584, 11.694153961103378 ], [ 76.200436409251196, 11.693863390204722 ], [ 76.200976318653218, 11.693571825362772 ], [ 76.201269481665435, 11.693475720441775 ], [ 76.20170896027598, 11.693279428728708 ], [ 76.201951216162726, 11.693084026671668 ], [ 76.202249904736846, 11.693227514327914 ], [ 76.202589960788089, 11.693370745049073 ], [ 76.202983781968754, 11.693224372828357 ], [ 76.203224703001524, 11.692739705093278 ], [ 76.203909821359744, 11.692063283927013 ], [ 76.204297957369334, 11.691672803189075 ], [ 76.204689619827192, 11.691042790395626 ], [ 76.205715727593486, 11.690749239952744 ], [ 76.206841865857768, 11.690260741023296 ], [ 76.207675613501436, 11.690017713579723 ], [ 76.20831281988751, 11.689965265174008 ], [ 76.20865057126619, 11.689579570953866 ], [ 76.209138573228174, 11.688949129970588 ], [ 76.209135868625552, 11.688320829467434 ], [ 76.209327585613977, 11.687063325994028 ], [ 76.209713704816764, 11.686189214839668 ], [ 76.209746419322229, 11.685800261874549 ], [ 76.209851980134943, 11.68529356520788 ], [ 76.210010483979374, 11.684831787702137 ], [ 76.210461075515312, 11.684565426167826 ], [ 76.210952469661834, 11.684176863241611 ], [ 76.211216748581805, 11.683786968935813 ], [ 76.211548824045522, 11.683690618724986 ], [ 76.212037377493118, 11.683711186201283 ], [ 76.212417748710564, 11.683637260138202 ], [ 76.212979774875791, 11.683164708800367 ], [ 76.213447217278883, 11.68307689689202 ], [ 76.213886213844589, 11.682785691490057 ], [ 76.214275614514193, 11.682689136956141 ], [ 76.214557234024653, 11.682590721359668 ], [ 76.214960570930771, 11.682008087886686 ], [ 76.215179910788507, 11.681812786776053 ], [ 76.215618781508638, 11.681499026899303 ], [ 76.215938646096873, 11.681230996490779 ], [ 76.21623044998141, 11.680840924479666 ], [ 76.216617542738618, 11.68021096391899 ], [ 76.216740061565417, 11.679898480546262 ], [ 76.216959304157669, 11.679703175746177 ], [ 76.217244541634514, 11.679495183123365 ], [ 76.217475524026639, 11.679239953750711 ], [ 76.217200896811192, 11.67901383204457 ], [ 76.216015012250992, 11.677700042397408 ], [ 76.215073196850668, 11.675217758154922 ], [ 76.216000174085266, 11.67429612660246 ], [ 76.217584699255127, 11.67271626603992 ], [ 76.219177487313516, 11.671990793168273 ], [ 76.220502818465391, 11.670936384982387 ], [ 76.219100643116619, 11.670155774370162 ], [ 76.218294454162461, 11.667211758815842 ], [ 76.216435629793637, 11.66793836944208 ], [ 76.215436479912526, 11.667024924376889 ], [ 76.214170521280337, 11.66591828140248 ], [ 76.212705631231884, 11.6654679005735 ], [ 76.212568710655262, 11.664550774762827 ], [ 76.212695082058403, 11.663040317755266 ], [ 76.212954254101447, 11.661470628516911 ], [ 76.21432585045909, 11.656284265783249 ], [ 76.214645667230499, 11.654790698271608 ], [ 76.21380436735835, 11.65446020103097 ], [ 76.212624206128666, 11.654089967648428 ], [ 76.211639009147163, 11.654265848022325 ], [ 76.21036661374427, 11.654845301000799 ], [ 76.210165571256809, 11.655013422091667 ], [ 76.20967778470623, 11.65461314311181 ], [ 76.209522868235325, 11.653800082487145 ], [ 76.207076376952656, 11.652210068576496 ], [ 76.205485232276416, 11.651177008241413 ], [ 76.203853601306307, 11.648195761460757 ], [ 76.200645518560592, 11.643313390373164 ], [ 76.198068070016163, 11.640028564125926 ], [ 76.195027072625095, 11.636637250144378 ], [ 76.193943883852057, 11.63485117185879 ], [ 76.193770680400945, 11.63456557299668 ], [ 76.193129157040687, 11.633507731000824 ], [ 76.191656668603628, 11.631244520516846 ], [ 76.191341851932947, 11.630527058216355 ], [ 76.190917127006273, 11.628774802577981 ], [ 76.189550881995373, 11.626669342727908 ], [ 76.18771347861653, 11.624823435071841 ], [ 76.185509512497347, 11.623028772919094 ], [ 76.181957264436221, 11.622270302562432 ], [ 76.180018520194281, 11.621401243117765 ], [ 76.178919803577358, 11.620736755180278 ], [ 76.178339459901849, 11.62011975389205 ], [ 76.178023783095938, 11.619194347042416 ], [ 76.177807002829965, 11.617802830966236 ], [ 76.178220890337585, 11.615893434937268 ], [ 76.178316585814031, 11.61467249295 ], [ 76.178366219456592, 11.613383873852369 ], [ 76.177947229385268, 11.612969738577906 ], [ 76.177056601004452, 11.612715643567709 ], [ 76.176795664672241, 11.612667095735606 ], [ 76.176888232397786, 11.611911678372385 ], [ 76.17686782571721, 11.611312605529308 ], [ 76.175825295036432, 11.613565972776234 ], [ 76.174508630772877, 11.616183650916955 ], [ 76.1716203076639, 11.618460791221368 ], [ 76.169380607438782, 11.620390496440411 ], [ 76.168573668631041, 11.621595867911763 ], [ 76.168738784955437, 11.622926790586023 ], [ 76.169436259090091, 11.624470966359098 ], [ 76.168801940224895, 11.625515170521915 ], [ 76.167477020367528, 11.627204115670301 ], [ 76.166647310727853, 11.629180449002188 ], [ 76.167025746921325, 11.629609350211588 ], [ 76.167274988996823, 11.629997170942552 ], [ 76.167253275905693, 11.630300090695984 ], [ 76.16719477856681, 11.630567039443257 ], [ 76.167214833174285, 11.630973871139588 ], [ 76.167197907641182, 11.631322005592439 ], [ 76.166823448785621, 11.631689675411613 ], [ 76.166530069509506, 11.632740841526628 ], [ 76.167770263734397, 11.633322307076879 ], [ 76.168161297550725, 11.633623676987138 ], [ 76.167816040066626, 11.634398071787819 ], [ 76.167863865791219, 11.634872557402195 ], [ 76.168388789268334, 11.635390316528103 ], [ 76.168783157808051, 11.635388717315044 ], [ 76.169348544531417, 11.634608853303549 ], [ 76.169870004207922, 11.634303813499082 ], [ 76.170440389938477, 11.634735498146188 ], [ 76.171012066034621, 11.635465491644876 ], [ 76.171936698395697, 11.636153454582958 ], [ 76.172768399723097, 11.63657950649397 ], [ 76.173511310598471, 11.636576495442915 ], [ 76.174080237436328, 11.636660076298616 ], [ 76.174429819280604, 11.63691631539235 ], [ 76.17469849569504, 11.637566144563783 ], [ 76.174172242157823, 11.637825992805011 ], [ 76.174088587815888, 11.638644568219954 ], [ 76.174748112119772, 11.639550576004854 ], [ 76.175756012176393, 11.640405309761892 ], [ 76.176853747796088, 11.640834855215816 ], [ 76.177463953266553, 11.640918264475498 ], [ 76.178255259580212, 11.641520755315568 ], [ 76.178038770331568, 11.642380605973321 ], [ 76.177763899859514, 11.642421037766912 ], [ 76.177122242577568, 11.642515425274336 ], [ 76.176850996208046, 11.642602781345705 ], [ 76.175899462380258, 11.642909221792966 ], [ 76.176826794454385, 11.64531942831689 ], [ 76.17713713704471, 11.646055058203297 ], [ 76.177314277806261, 11.646741406276229 ], [ 76.177450722101355, 11.647563640896026 ], [ 76.177241078076804, 11.647871925757249 ], [ 76.176182829576021, 11.649218842922993 ], [ 76.175309985846539, 11.649954747766653 ], [ 76.174355423567803, 11.650867274749006 ], [ 76.173919369909925, 11.651859057168251 ], [ 76.173444186274835, 11.653370911747842 ], [ 76.172622663282283, 11.655413107398509 ], [ 76.172149090185897, 11.657313678658038 ], [ 76.172896927851113, 11.658476954411125 ], [ 76.174165004764433, 11.657951903073302 ], [ 76.174775881827898, 11.658166371430054 ], [ 76.175173505697927, 11.658942333507143 ], [ 76.174962903573999, 11.660104935335591 ], [ 76.174440950762474, 11.661404481354797 ], [ 76.17423033725305, 11.662567180604977 ], [ 76.173842230882755, 11.664078630558809 ], [ 76.17241067708315, 11.667190146648082 ], [ 76.172108103512173, 11.668312529283634 ], [ 76.171850925142621, 11.669308075956614 ], [ 76.171189714655696, 11.67130895347848 ], [ 76.172377765727063, 11.672456846056914 ], [ 76.174848060840446, 11.675330942832057 ], [ 76.175713905289925, 11.676177201224302 ], [ 76.1775733844039, 11.675581959300382 ], [ 76.17790935619189, 11.676954850837893 ], [ 76.179373988938067, 11.677342110916005 ], [ 76.180041196040477, 11.677863791130932 ], [ 76.180641586201389, 11.678842261354628 ], [ 76.18044968430867, 11.680090763331648 ], [ 76.180120422174369, 11.681403055978654 ], [ 76.180594847135637, 11.682969779593973 ], [ 76.180737575605036, 11.685265623844606 ], [ 76.18134346506713, 11.687546083817951 ], [ 76.181881351703353, 11.688922616303843 ], [ 76.183753667719415, 11.691337925132704 ], [ 76.184948128347983, 11.691789626823843 ], [ 76.187543652844951, 11.692764350842971 ], [ 76.18854473507254, 11.694134471396453 ], [ 76.188086781152549, 11.695379564863039 ], [ 76.188684767885974, 11.695770328198281 ], [ 76.189609947188359, 11.694392217298999 ], [ 76.190276939902191, 11.694846050957089 ], [ 76.191543218860886, 11.696020667826932 ], [ 76.191418098942307, 11.697856540793202 ], [ 76.190832483965437, 11.700349809953083 ], [ 76.190740279990194, 11.700781975122309 ], [ 76.192293771322568, 11.703128432672797 ], [ 76.192630422470685, 11.702498673982609 ], [ 76.192971737403198, 11.701868858930975 ], [ 76.193114791994461, 11.701000355465601 ], [ 76.192867578248297, 11.70003397669584 ], [ 76.192815515651233, 11.699649918904973 ], [ 76.192961035323407, 11.699355538997001 ] ] ] ] } },
{ "type": "Feature", "properties": { "village_code": "627314", "village": "Irulam", "village_name": "Irulam", "district": "Wayanad", "subdistrict_code": 5636, "households_2011": 5259.0, "population_2011": 21052, "male_population_2011": 10465.0, "female_population_2011": 10587.0 }, "geometry": { "type": "MultiPolygon", "coordinates": [ [ [ [ 76.226231100890928, 11.766337418769693 ], [ 76.228128949116879, 11.763191939840182 ], [ 76.228565470422481, 11.757658319767545 ], [ 76.227062383707505, 11.754053087464865 ], [ 76.226061872312741, 11.752945297362746 ], [ 76.225923859550178, 11.751829243473567 ], [ 76.226783149785831, 11.751106739790815 ], [ 76.225978235696502, 11.749600186841121 ], [ 76.219962680254923, 11.74111318614364 ], [ 76.219797557797165, 11.740230323263937 ], [ 76.230919509278195, 11.731485109561453 ], [ 76.23223903935903, 11.730105128983958 ], [ 76.23308678129824, 11.725770849461528 ], [ 76.234042560373254, 11.716861293084785 ], [ 76.234077448217434, 11.71230899862595 ], [ 76.230892556611749, 11.711929411895412 ], [ 76.230456286755924, 11.711818247913156 ], [ 76.229836059434135, 11.711585881634189 ], [ 76.229288625410064, 11.711217528768728 ], [ 76.228764722980728, 11.7109937421602 ], [ 76.226787066350411, 11.710816912095108 ], [ 76.225615643080488, 11.710406011253891 ], [ 76.224760111351998, 11.709858234052749 ], [ 76.224304554506773, 11.709521152529847 ], [ 76.223834858238007, 11.70911172319202 ], [ 76.223470870896023, 11.708729075735096 ], [ 76.22254382756465, 11.707571241011278 ], [ 76.222207511214918, 11.70723811732921 ], [ 76.221940750579833, 11.707062996901362 ], [ 76.221539773047965, 11.703493444796965 ], [ 76.221893728484645, 11.702633103874433 ], [ 76.222098985077935, 11.702360923206168 ], [ 76.222619876771461, 11.701906696717424 ], [ 76.225005444637148, 11.70098331660218 ], [ 76.22666830161657, 11.700515127818573 ], [ 76.226725225768035, 11.698878445518513 ], [ 76.228112293844674, 11.697236115172467 ], [ 76.228640043055762, 11.696248325950203 ], [ 76.229900148806223, 11.695980702384196 ], [ 76.230378730288692, 11.695644647022114 ], [ 76.231928796202823, 11.693191866481099 ], [ 76.232206019292818, 11.69263018864171 ], [ 76.232208088067637, 11.692051521544203 ], [ 76.231773267922975, 11.691208097159365 ], [ 76.231154758434371, 11.690329254742471 ], [ 76.230643074827427, 11.689221638025206 ], [ 76.227948345867063, 11.688123348350473 ], [ 76.227276481246577, 11.687619973041896 ], [ 76.225621255712312, 11.686668662442537 ], [ 76.224348834100439, 11.686217507961134 ], [ 76.221891729140694, 11.686490233564278 ], [ 76.220095703627294, 11.685842397605205 ], [ 76.218766225489219, 11.684930376520263 ], [ 76.218494453418003, 11.683620574575313 ], [ 76.218486773875398, 11.681853053407364 ], [ 76.218346880162969, 11.680280446275372 ], [ 76.217475524026639, 11.679239953750711 ], [ 76.217244541634514, 11.679495183123365 ], [ 76.216959304157669, 11.679703175746177 ], [ 76.216740061565417, 11.679898480546262 ], [ 76.216617542738618, 11.68021096391899 ], [ 76.21623044998141, 11.680840924479666 ], [ 76.215938646096873, 11.681230996490779 ], [ 76.215618781508638, 11.681499026899303 ], [ 76.215179910788507, 11.681812786776053 ], [ 76.214960570930771, 11.682008087886686 ], [ 76.214557234024653, 11.682590721359668 ], [ 76.214275614514193, 11.682689136956141 ], [ 76.213886213844589, 11.682785691490057 ], [ 76.213447217278883, 11.68307689689202 ], [ 76.212979774875791, 11.683164708800367 ], [ 76.212417748710564, 11.683637260138202 ], [ 76.212037377493118, 11.683711186201283 ], [ 76.211548824045522, 11.683690618724986 ], [ 76.211216748581805, 11.683786968935813 ], [ 76.210952469661834, 11.684176863241611 ], [ 76.210461075515312, 11.684565426167826 ], [ 76.210010483979374, 11.684831787702137 ], [ 76.209851980134943, 11.68529356520788 ], [ 76.209746419322229, 11.685800261874549 ], [ 76.209713704816764, 11.686189214839668 ], [ 76.209327585613977, 11.687063325994028 ], [ 76.209135868625552, 11.688320829467434 ], [ 76.209138573228174, 11.688949129970588 ], [ 76.20865057126619, 11.689579570953866 ], [ 76.20831281988751, 11.689965265174008 ], [ 76.207675613501436, 11.690017713579723 ], [ 76.206841865857768, 11.690260741023296 ], [ 76.205715727593486, 11.690749239952744 ], [ 76.204689619827192, 11.691042790395626 ], [ 76.204297957369334, 11.691672803189075 ], [ 76.203909821359744, 11.692063283927013 ], [ 76.203224703001524, 11.692739705093278 ], [ 76.202983781968754, 11.693224372828357 ], [ 76.202589960788089, 11.693370745049073 ], [ 76.202249904736846, 11.693227514327914 ], [ 76.201951216162726, 11.693084026671668 ], [ 76.20170896027598, 11.693279428728708 ], [ 76.201269481665435, 11.693475720441775 ], [ 76.200976318653218, 11.693571825362772 ], [ 76.200436409251196, 11.693863390204722 ], [ 76.200144144538584, 11.694153961103378 ], [ 76.199607768652854, 11.694205987500546 ], [ 76.198920218384373, 11.694308286409367 ], [ 76.198526617140459, 11.694499749116924 ], [ 76.198285356145632, 11.69493930917923 ], [ 76.198043933418958, 11.695324574590561 ], [ 76.197797510302294, 11.69561491705778 ], [ 76.197603224457069, 11.696293822333564 ], [ 76.197118495887693, 11.696634826482127 ], [ 76.196823061962263, 11.697264414102911 ], [ 76.196582719933062, 11.697893848899104 ], [ 76.195849523707565, 11.698041546360413 ], [ 76.195212408755978, 11.698139131030246 ], [ 76.194868384959008, 11.698140524349645 ], [ 76.194427468112266, 11.697997743981832 ], [ 76.19432783401767, 11.698287483445261 ], [ 76.194284616513713, 11.698916028420168 ], [ 76.193942942886579, 11.699450859213581 ], [ 76.193598767534738, 11.699402555441043 ], [ 76.193254546774739, 11.699354246926728 ], [ 76.192961035323407, 11.699355538997001 ], [ 76.192815515651233, 11.699649918904973 ], [ 76.192867578248297, 11.70003397669584 ], [ 76.193114791994461, 11.701000355465601 ], [ 76.192971737403198, 11.701868858930975 ], [ 76.192630422470685, 11.702498673982609 ], [ 76.192293771322568, 11.703128432672797 ], [ 76.189039598619985, 11.703693521241503 ], [ 76.186762591202282, 11.704295158889929 ], [ 76.182849572547354, 11.705229001402836 ], [ 76.178269806155171, 11.706884309323996 ], [ 76.17508406132734, 11.707358472710531 ], [ 76.172701256950717, 11.709004740974887 ], [ 76.16971901874993, 11.710983421927651 ], [ 76.166514234320772, 11.712815333047553 ], [ 76.168102089508594, 11.713711466771034 ], [ 76.168701962115037, 11.714558861378901 ], [ 76.16857638461768, 11.71632691493757 ], [ 76.168318036635085, 11.718163395677102 ], [ 76.167031058143706, 11.719723735425493 ], [ 76.166173419864407, 11.720839281759337 ], [ 76.162663332830235, 11.723868801999723 ], [ 76.16120876581779, 11.725967794665783 ], [ 76.160812982328522, 11.72675596086097 ], [ 76.160357920493553, 11.728724318388766 ], [ 76.159634086330826, 11.73003819849038 ], [ 76.157115631612285, 11.732209278973377 ], [ 76.15454154149586, 11.734405280203696 ], [ 76.155499946392823, 11.73529435504773 ], [ 76.158027266554271, 11.736328438912226 ], [ 76.161362861215665, 11.738674609662258 ], [ 76.164835203037228, 11.742986754736663 ], [ 76.167506678686593, 11.746642010649813 ], [ 76.1701733745778, 11.748073210164716 ], [ 76.174561702883409, 11.74871063233932 ], [ 76.176605086662391, 11.750793374027271 ], [ 76.176338453777419, 11.752227733478636 ], [ 76.178981604300077, 11.756779772997442 ], [ 76.181457253573726, 11.756394335614226 ], [ 76.184792991277263, 11.757601053254131 ], [ 76.187946753901414, 11.760218932463605 ], [ 76.190336519544871, 11.76227028140717 ], [ 76.191386490155011, 11.763206208413393 ], [ 76.193005555534626, 11.763104541435103 ], [ 76.19357611713508, 11.762446680565469 ], [ 76.195393793014176, 11.764785203013075 ], [ 76.195301450497311, 11.765725889267722 ], [ 76.19883334814385, 11.767682036591449 ], [ 76.201782937793496, 11.769735494816668 ], [ 76.202739261374475, 11.77019706611871 ], [ 76.202742507836959, 11.770951951627818 ], [ 76.204297998577758, 11.772052966204409 ], [ 76.206882588304069, 11.775608714459093 ], [ 76.208025372486489, 11.775698835184235 ], [ 76.208137351597486, 11.779265057659645 ], [ 76.208427879466726, 11.780669729353766 ], [ 76.209670790549325, 11.781604647231511 ], [ 76.211293533616782, 11.782348169945093 ], [ 76.212631043258654, 11.783938279395116 ], [ 76.214064928818374, 11.784497154572088 ], [ 76.215782825202496, 11.785990681062088 ], [ 76.217028111318896, 11.787486119531733 ], [ 76.218273422626481, 11.788981648799435 ], [ 76.219136348593295, 11.790108089840329 ], [ 76.22018362205354, 11.790383870125405 ], [ 76.221527504620482, 11.781439565286773 ], [ 76.223965425809098, 11.772480839710859 ], [ 76.226231100890928, 11.766337418769693 ] ] ] ] } },
{ "type": "Feature", "properties": { "village_code": "627311", "village": "Pulpalli", "village_name": "Pulpalli", "district": "Wayanad", "subdistrict_code": 5636, "households_2011": 6977.0, "population_2011": 28322, "male_population_2011": 14049.0, "female_population_2011": 14273.0 }, "geometry": { "type": "MultiPolygon", "coordinates": [ [ [ [ 76.158715571976103, 11.870278845744052 ], [ 76.158874943673851, 11.869353825220669 ], [ 76.160815658564999, 11.867062025694471 ], [ 76.159858281440506, 11.866410494395133 ], [ 76.159851105312441, 11.864719791499613 ], [ 76.159942000402197, 11.863408494351342 ], [ 76.160797795225179, 11.862839843986212 ], [ 76.160508117361914, 11.861620491860059 ], [ 76.161650425745933, 11.861520842448465 ], [ 76.162022158854825, 11.859363056840106 ], [ 76.16087430422219, 11.858147222233782 ], [ 76.160582411713577, 11.85748839608922 ], [ 76.159242815181571, 11.855432515232705 ], [ 76.159138132183045, 11.853461958453417 ], [ 76.159325756542088, 11.852240567988376 ], [ 76.162075047844937, 11.850163463258164 ], [ 76.162738357622828, 11.84856493305508 ], [ 76.162826111897317, 11.847624315922014 ], [ 76.161874576990968, 11.847252997889241 ], [ 76.162057188053012, 11.845936751431317 ], [ 76.162244432563767, 11.844625055847285 ], [ 76.161288340364194, 11.844253705145601 ], [ 76.160715271581338, 11.843315757398127 ], [ 76.160518569689728, 11.842376273078353 ], [ 76.15975565052085, 11.84209916384051 ], [ 76.160131337431636, 11.840877096755156 ], [ 76.159746130401402, 11.839847919208527 ], [ 76.159174704312974, 11.839285213473955 ], [ 76.158783174005393, 11.836750777275189 ], [ 76.158115056860794, 11.836097951208863 ], [ 76.158010404156329, 11.834127438438411 ], [ 76.157436737539626, 11.834129802405696 ], [ 76.157048775322096, 11.832440699755988 ], [ 76.156095025860125, 11.831508784094131 ], [ 76.155805120432106, 11.831320077955429 ], [ 76.156092870679856, 11.830997925454913 ], [ 76.157790201677813, 11.827609622210129 ], [ 76.160158325899559, 11.824408440776116 ], [ 76.163951047871535, 11.82064077108349 ], [ 76.169359841634943, 11.816016611914415 ], [ 76.173531908248705, 11.811962490606213 ], [ 76.174952319626499, 11.809330204198355 ], [ 76.177206857201995, 11.802187353843543 ], [ 76.178992164865903, 11.796922492465225 ], [ 76.181254233111375, 11.793721658518226 ], [ 76.183142655562477, 11.790052096319055 ], [ 76.187313052082999, 11.785735670380104 ], [ 76.194805592497701, 11.778380986510442 ], [ 76.200783190385877, 11.774038741454181 ], [ 76.204297998577758, 11.772052966204409 ], [ 76.202742507836959, 11.770951951627818 ], [ 76.202739261374475, 11.77019706611871 ], [ 76.201782937793496, 11.769735494816668 ], [ 76.19883334814385, 11.767682036591449 ], [ 76.195301450497311, 11.765725889267722 ], [ 76.195393793014176, 11.764785203013075 ], [ 76.19357611713508, 11.762446680565469 ], [ 76.193005555534626, 11.763104541435103 ], [ 76.191386490155011, 11.763206208413393 ], [ 76.190336519544871, 11.76227028140717 ], [ 76.187946753901414, 11.760218932463605 ], [ 76.184792991277263, 11.757601053254131 ], [ 76.181457253573726, 11.756394335614226 ], [ 76.178981604300077, 11.756779772997442 ], [ 76.176338453777419, 11.752227733478636 ], [ 76.173915095951415, 11.752013342141163 ], [ 76.172864395296614, 11.750892018647678 ], [ 76.171538405833289, 11.751932674722067 ], [ 76.168306797387402, 11.753632098767277 ], [ 76.168323068011247, 11.757483660930637 ], [ 76.167770356821748, 11.761314886517477 ], [ 76.165874958004792, 11.764423753331029 ], [ 76.164351871788767, 11.764429994713652 ], [ 76.166270400408052, 11.767893937482269 ], [ 76.163901074532944, 11.769594384693185 ], [ 76.160475750035602, 11.771109124679727 ], [ 76.160388264070463, 11.772140247433601 ], [ 76.158964385844385, 11.773931615644237 ], [ 76.157353046370702, 11.774783600418507 ], [ 76.155458430785998, 11.777042508888572 ], [ 76.15546275374831, 11.778073233248131 ], [ 76.155085885498991, 11.779015046965593 ], [ 76.152709072106404, 11.780055348856783 ], [ 76.149289288607491, 11.781854848865789 ], [ 76.145690145247514, 11.784649495422292 ], [ 76.143983061639176, 11.78568706872975 ], [ 76.141791168687519, 11.785980695077733 ], [ 76.13998651868333, 11.786738355239507 ], [ 76.137130859340957, 11.787405265718929 ], [ 76.13446908252061, 11.788356226822298 ], [ 76.135905233516112, 11.789476130420587 ], [ 76.137431526421082, 11.790220442009479 ], [ 76.136478794926191, 11.790599424507732 ], [ 76.133528939209882, 11.790706176896641 ], [ 76.133530952184927, 11.791176271758694 ], [ 76.132770799590546, 11.79155457675405 ], [ 76.130771138775671, 11.791747864759685 ], [ 76.130010285663928, 11.79194073306787 ], [ 76.128390262386532, 11.791852221975411 ], [ 76.126296517003226, 11.791485345471544 ], [ 76.12808243733943, 11.786125746144407 ], [ 76.127604528262736, 11.785942294391985 ], [ 76.127317345839032, 11.785283415644697 ], [ 76.126659335695493, 11.787071661106451 ], [ 76.126183352617332, 11.787353872154988 ], [ 76.12560065161216, 11.785104925419899 ], [ 76.121404194285006, 11.78324536811671 ], [ 76.120067175070247, 11.781654842776968 ], [ 76.119008169392615, 11.779593086020467 ], [ 76.118019559411877, 11.778253501594211 ], [ 76.116987412817053, 11.77951285990836 ], [ 76.116520470331523, 11.780669023337479 ], [ 76.116471704873376, 11.782831808709485 ], [ 76.115962977660132, 11.783801683555645 ], [ 76.11516661600831, 11.782877367610933 ], [ 76.114946030853019, 11.781945549933095 ], [ 76.113552154005518, 11.781386895628488 ], [ 76.111945803122353, 11.781285362905866 ], [ 76.109509293645488, 11.781415469752265 ], [ 76.106623079995572, 11.781080884174076 ], [ 76.105614375214898, 11.781591302717388 ], [ 76.105090217297857, 11.781856532659317 ], [ 76.104702536066867, 11.782052699494209 ], [ 76.103437365147016, 11.783481265218375 ], [ 76.102215422351307, 11.784691548871386 ], [ 76.100422382704323, 11.783764834825005 ], [ 76.098913802209452, 11.783284772373953 ], [ 76.096774712871408, 11.784104223761092 ], [ 76.09534246912628, 11.784869798482369 ], [ 76.094836576522937, 11.785697237975723 ], [ 76.094325534063671, 11.786707419655787 ], [ 76.092483134314818, 11.787534919998681 ], [ 76.090692219526161, 11.787851737747216 ], [ 76.090077059414142, 11.788603029636828 ], [ 76.090444971382922, 11.790039585190895 ], [ 76.089666992951791, 11.791298510386619 ], [ 76.085615151396865, 11.791480268841006 ], [ 76.083055441116016, 11.791410174162653 ], [ 76.080074245474719, 11.791803986419209 ], [ 76.077676263497253, 11.792579507047661 ], [ 76.076560143360126, 11.793975410829752 ], [ 76.076192050472372, 11.794881268223437 ], [ 76.0759128450769, 11.795859686148832 ], [ 76.075379924489241, 11.797637379225691 ], [ 76.074968976229172, 11.799617315035468 ], [ 76.075202364465625, 11.800197805176067 ], [ 76.076373681703259, 11.802820307341179 ], [ 76.076554853199909, 11.803213427344325 ], [ 76.078217464629134, 11.806274614376001 ], [ 76.080114724183332, 11.807460589765952 ], [ 76.08185436587236, 11.807654581581161 ], [ 76.083944430413183, 11.8072728819314 ], [ 76.085619151238419, 11.807135837921534 ], [ 76.08629727958153, 11.808105456115735 ], [ 76.0861416543367, 11.809674113876682 ], [ 76.085874715706609, 11.811239728532909 ], [ 76.086710553185526, 11.811884461799661 ], [ 76.088767705228037, 11.812672336260244 ], [ 76.090405417894175, 11.813851096899919 ], [ 76.091587670336423, 11.816700087747263 ], [ 76.091440372981609, 11.819293279673914 ], [ 76.090373672432094, 11.821568716528946 ], [ 76.089417797444966, 11.823100795848292 ], [ 76.089047196528497, 11.823837060434425 ], [ 76.088219546346892, 11.825533747726958 ], [ 76.087201189061886, 11.827408137266268 ], [ 76.086988858314953, 11.828353454277289 ], [ 76.08735478221142, 11.829863325942075 ], [ 76.088293834146398, 11.83212053275907 ], [ 76.089801909652493, 11.83395431352205 ], [ 76.091284240745097, 11.835384976659734 ], [ 76.094256123475049, 11.836673399501121 ], [ 76.097832097630175, 11.837612422269151 ], [ 76.101845226127011, 11.838855932966503 ], [ 76.104614114038171, 11.839443538992523 ], [ 76.109274632380121, 11.840119147231878 ], [ 76.11281061616512, 11.841166461430253 ], [ 76.115690182246993, 11.843110452552517 ], [ 76.118220485638815, 11.845593674803931 ], [ 76.118759906096003, 11.846229144778267 ], [ 76.120413799424782, 11.848177485212782 ], [ 76.121206775698454, 11.849040430184573 ], [ 76.121096021404497, 11.849368652756731 ], [ 76.120983204287157, 11.84984803917766 ], [ 76.120150655047212, 11.849627189770342 ], [ 76.11991483716514, 11.85035221798565 ], [ 76.120846361558577, 11.850533032061209 ], [ 76.121161831969474, 11.850649564683092 ], [ 76.122584468357275, 11.85117507243455 ], [ 76.123322922237563, 11.851450972680118 ], [ 76.126259274582665, 11.853072885410898 ], [ 76.128378387380693, 11.852973198685458 ], [ 76.130836237889639, 11.853312789267594 ], [ 76.132199866555325, 11.853914495400627 ], [ 76.132806902548054, 11.854399165566321 ], [ 76.133580422425496, 11.855016753710146 ], [ 76.135258429714327, 11.857624669772262 ], [ 76.136403016352233, 11.858521230154253 ], [ 76.137900297355046, 11.859135761137164 ], [ 76.138170422334113, 11.859286514744953 ], [ 76.138556556006208, 11.85950201078219 ], [ 76.139128623106856, 11.859821271815079 ], [ 76.140638469239065, 11.861235948091998 ], [ 76.141936066275562, 11.862991552996215 ], [ 76.143300262526523, 11.863979415741667 ], [ 76.144066699888612, 11.865000882945656 ], [ 76.145059897403101, 11.866328000250887 ], [ 76.145941202840334, 11.867007983036753 ], [ 76.147260827296847, 11.866894519992139 ], [ 76.147821511871399, 11.866777106713755 ], [ 76.149350358148737, 11.866483981460574 ], [ 76.150647586407075, 11.867129270352942 ], [ 76.153598540677876, 11.868833019224319 ], [ 76.154747362263677, 11.86949532190734 ], [ 76.155949312374844, 11.870183122376751 ], [ 76.156602246749401, 11.870333303823751 ], [ 76.157407698184755, 11.870518558965687 ], [ 76.158110884071462, 11.870389678651632 ], [ 76.158715571976103, 11.870278845744052 ] ] ] ] } },
{ "type": "Feature", "properties": { "village_code": "627309", "village": "Nadavayal", "village_name": "Nadavayal ", "district": "Wayanad", "subdistrict_code": 5636, "households_2011": 3689.0, "population_2011": 15795, "male_population_2011": 7760.0, "female_population_2011": 8035.0 }, "geometry": { "type": "MultiPolygon", "coordinates": [ [ [ [ 76.141791168687519, 11.785980695077733 ], [ 76.143983061639176, 11.78568706872975 ], [ 76.145690145247514, 11.784649495422292 ], [ 76.149289288607491, 11.781854848865789 ], [ 76.152709072106404, 11.780055348856783 ], [ 76.155085885498991, 11.779015046965593 ], [ 76.15546275374831, 11.778073233248131 ], [ 76.155458430785998, 11.777042508888572 ], [ 76.157353046370702, 11.774783600418507 ], [ 76.158964385844385, 11.773931615644237 ], [ 76.160388264070463, 11.772140247433601 ], [ 76.160475750035602, 11.771109124679727 ], [ 76.163901074532944, 11.769594384693185 ], [ 76.166270400408052, 11.767893937482269 ], [ 76.164351871788767, 11.764429994713652 ], [ 76.165874958004792, 11.764423753331029 ], [ 76.167770356821748, 11.761314886517477 ], [ 76.168323068011247, 11.757483660930637 ], [ 76.168306797387402, 11.753632098767277 ], [ 76.171538405833289, 11.751932674722067 ], [ 76.172864395296614, 11.750892018647678 ], [ 76.173915095951415, 11.752013342141163 ], [ 76.176338453777419, 11.752227733478636 ], [ 76.176605086662391, 11.750793374027271 ], [ 76.174561702883409, 11.74871063233932 ], [ 76.1701733745778, 11.748073210164716 ], [ 76.167506678686593, 11.746642010649813 ], [ 76.164835203037228, 11.742986754736663 ], [ 76.161362861215665, 11.738674609662258 ], [ 76.158027266554271, 11.736328438912226 ], [ 76.155499946392823, 11.73529435504773 ], [ 76.15454154149586, 11.734405280203696 ], [ 76.152967191772731, 11.732944780338743 ], [ 76.149902131636708, 11.731646193410812 ], [ 76.147385225185857, 11.733098352381978 ], [ 76.146322647139641, 11.733495911825516 ], [ 76.141526899447925, 11.730762030092516 ], [ 76.139530180259669, 11.729327894012652 ], [ 76.135794522040868, 11.725545414263054 ], [ 76.132461913115989, 11.723854372471369 ], [ 76.129006790651758, 11.72360580884183 ], [ 76.12595768676033, 11.725059917869197 ], [ 76.121041938704536, 11.725472505871753 ], [ 76.118909373986696, 11.724432096491373 ], [ 76.117088020120079, 11.722808142874602 ], [ 76.116713445919999, 11.722474158968915 ], [ 76.114452890084195, 11.721565331029005 ], [ 76.11060188551248, 11.722104621276413 ], [ 76.107278915087605, 11.722773012085478 ], [ 76.105558860396698, 11.723959622167804 ], [ 76.103962612372584, 11.723965738744459 ], [ 76.103290153525293, 11.722132986837716 ], [ 76.103284938106157, 11.720822003408164 ], [ 76.101982316919006, 11.719977204321728 ], [ 76.101499148076599, 11.719663846238918 ], [ 76.101180617189655, 11.721567406770401 ], [ 76.10017532415074, 11.72260157172837 ], [ 76.099463446548, 11.723975491523371 ], [ 76.098748168984017, 11.725423479342044 ], [ 76.097918138890947, 11.726255566910057 ], [ 76.097319723549631, 11.727772152526994 ], [ 76.096657824723636, 11.729173763381519 ], [ 76.096238303787516, 11.729726291516197 ], [ 76.095418251315593, 11.730173946896882 ], [ 76.094929220695676, 11.730785333269203 ], [ 76.094875065786155, 11.731513720126848 ], [ 76.094012631251672, 11.732010192804035 ], [ 76.09295078137707, 11.731820693773161 ], [ 76.092117555725821, 11.732599523212803 ], [ 76.091820434191973, 11.733586680971253 ], [ 76.091271277359056, 11.734715623287112 ], [ 76.090026787986687, 11.735646501791484 ], [ 76.089253518228787, 11.736270109686844 ], [ 76.088983105692748, 11.736211123053797 ], [ 76.088175927157948, 11.736250287288643 ], [ 76.08768825136103, 11.735895030804871 ], [ 76.087367772254751, 11.736054440996535 ], [ 76.087369419046397, 11.736492961625935 ], [ 76.087371557556764, 11.737030944147081 ], [ 76.087433421271498, 11.738017564486134 ], [ 76.086832246754128, 11.740209038337333 ], [ 76.086406474017778, 11.740695409010776 ], [ 76.087040946262846, 11.743039291822686 ], [ 76.08786070029079, 11.745005514114519 ], [ 76.091335262215381, 11.747413943792703 ], [ 76.092124586820958, 11.747996763148304 ], [ 76.092161643414059, 11.748254133013015 ], [ 76.092188247550709, 11.749197961756739 ], [ 76.09195894922766, 11.750463877299875 ], [ 76.091597057499172, 11.751853388856254 ], [ 76.091491391661734, 11.753313525511757 ], [ 76.091582822641058, 11.754651835159585 ], [ 76.092070240975815, 11.7556829242038 ], [ 76.092817484647597, 11.756657503847508 ], [ 76.093898005842902, 11.757259523075968 ], [ 76.09497317411828, 11.758052221584322 ], [ 76.095987420810545, 11.758716030462248 ], [ 76.09686551211081, 11.759630560535035 ], [ 76.098066158807313, 11.760553889566369 ], [ 76.099080439556246, 11.761217679676378 ], [ 76.100040932600891, 11.761498329291904 ], [ 76.101006788308439, 11.7615882821576 ], [ 76.102356132915716, 11.761815906454503 ], [ 76.103060383978075, 11.762025939037597 ], [ 76.103230717454394, 11.762857533261853 ], [ 76.103997700692062, 11.763132882499233 ], [ 76.104963570309735, 11.763222810057705 ], [ 76.105628288360265, 11.762541186130576 ], [ 76.105787620832871, 11.761464126281618 ], [ 76.106135130453964, 11.760583030986002 ], [ 76.106350053664244, 11.759825550020569 ], [ 76.106699337731925, 11.758880894525694 ], [ 76.107172285534261, 11.758130441266829 ], [ 76.107831622829977, 11.757639505648005 ], [ 76.108806364026478, 11.757411594609566 ], [ 76.109897649451597, 11.757632123291339 ], [ 76.111306134177568, 11.758052101062734 ], [ 76.112001478787349, 11.758579897066205 ], [ 76.112864767836086, 11.759048008867575 ], [ 76.113515354292502, 11.759985741261373 ], [ 76.113540429791996, 11.760519110633007 ], [ 76.113175530506339, 11.761031416063615 ], [ 76.113108175385051, 11.761393313124064 ], [ 76.113242826608214, 11.761799669878251 ], [ 76.11337488333966, 11.762694266963042 ], [ 76.113117013895916, 11.763608397454867 ], [ 76.113270027425131, 11.763996585746055 ], [ 76.114551720202982, 11.765569341823849 ], [ 76.115637861696854, 11.767545077912249 ], [ 76.115879375988541, 11.768271982247256 ], [ 76.116011501230474, 11.769184639069612 ], [ 76.11588698659321, 11.770166108880428 ], [ 76.116017562699156, 11.77069902509395 ], [ 76.116495459958401, 11.770887016963602 ], [ 76.117359119405549, 11.771159458768659 ], [ 76.118300617096992, 11.771402120718422 ], [ 76.117839679089471, 11.772011942121814 ], [ 76.117712718667832, 11.772374130119932 ], [ 76.117026262458424, 11.77393639708639 ], [ 76.116703272344736, 11.774615778064733 ], [ 76.116323666975035, 11.776068384777899 ], [ 76.116110208278542, 11.776602702827459 ], [ 76.116088631438387, 11.776941865075047 ], [ 76.116543903120657, 11.777193211204246 ], [ 76.117385750099231, 11.777745994844492 ], [ 76.118019559411877, 11.778253501594211 ], [ 76.119008169392615, 11.779593086020467 ], [ 76.120067175070247, 11.781654842776968 ], [ 76.121404194285006, 11.78324536811671 ], [ 76.12560065161216, 11.785104925419899 ], [ 76.126183352617332, 11.787353872154988 ], [ 76.126659335695493, 11.787071661106451 ], [ 76.127317345839032, 11.785283415644697 ], [ 76.127604528262736, 11.785942294391985 ], [ 76.12808243733943, 11.786125746144407 ], [ 76.126296517003226, 11.791485345471544 ], [ 76.128390262386532, 11.791852221975411 ], [ 76.130010285663928, 11.79194073306787 ], [ 76.130771138775671, 11.791747864759685 ], [ 76.132770799590546, 11.79155457675405 ], [ 76.133530952184927, 11.791176271758694 ], [ 76.133528939209882, 11.790706176896641 ], [ 76.136478794926191, 11.790599424507732 ], [ 76.137431526421082, 11.790220442009479 ], [ 76.135905233516112, 11.789476130420587 ], [ 76.13446908252061, 11.788356226822298 ], [ 76.137130859340957, 11.787405265718929 ], [ 76.13998651868333, 11.786738355239507 ], [ 76.141791168687519, 11.785980695077733 ] ] ] ] } },
{ "type": "Feature", "properties": { "village_code": "627312", "village": "Padichira", "village_name": "Padichira", "district": "Wayanad", "subdistrict_code": 5636, "households_2011": 7152.0, "population_2011": 28970, "male_population_2011": 14409.0, "female_population_2011": 14561.0 }, "geometry": { "type": "MultiPolygon", "coordinates": [ [ [ [ 76.187283153463554, 11.871993655816455 ], [ 76.187834811417105, 11.871991467190696 ], [ 76.188770133146107, 11.871778803841396 ], [ 76.190274219352091, 11.871258421432831 ], [ 76.192794345512993, 11.869852356032023 ], [ 76.198286653216172, 11.86659207837503 ], [ 76.199465799296888, 11.865692293991707 ], [ 76.20020433895165, 11.864607302415623 ], [ 76.200800544466532, 11.863273748629705 ], [ 76.201920034613124, 11.862455330038049 ], [ 76.203590363823196, 11.862224350259027 ], [ 76.205347976882805, 11.862318776645221 ], [ 76.206129363843971, 11.862146707153999 ], [ 76.206776269681583, 11.862004246822185 ], [ 76.207380679939575, 11.861576914966761 ], [ 76.207509520570113, 11.861261735342435 ], [ 76.207628300962782, 11.860971163626358 ], [ 76.207751149739295, 11.857477182022526 ], [ 76.207998690708209, 11.856618313258236 ], [ 76.207998570785051, 11.856220556388923 ], [ 76.208585739646537, 11.855533344186567 ], [ 76.208796725318024, 11.855198803907417 ], [ 76.208732297673166, 11.854593145856256 ], [ 76.20862201758824, 11.854114059867721 ], [ 76.208667803488979, 11.853779568673721 ], [ 76.208984338238977, 11.853463074891268 ], [ 76.209383445434298, 11.853065198610583 ], [ 76.209571473197684, 11.852689983034828 ], [ 76.209356074687662, 11.852131434396508 ], [ 76.209038905886572, 11.851835865012024 ], [ 76.209035486722385, 11.851460550364974 ], [ 76.209249800939176, 11.851212043472596 ], [ 76.209814107882337, 11.850836718209548 ], [ 76.209878207076244, 11.850371140323354 ], [ 76.209668525757934, 11.850005142380963 ], [ 76.209533862525262, 11.849770086048508 ], [ 76.209304327714193, 11.849458274579003 ], [ 76.209417323000054, 11.849072075934687 ], [ 76.209189552452926, 11.84869148386831 ], [ 76.209321047474674, 11.848311196267261 ], [ 76.209832678360854, 11.847798229223786 ], [ 76.209745604228061, 11.846776891812038 ], [ 76.210045325749419, 11.845893942460693 ], [ 76.210081391857329, 11.845508573421522 ], [ 76.209865665481573, 11.844859689154356 ], [ 76.210270205635922, 11.844595489928402 ], [ 76.210167725332894, 11.844343654287222 ], [ 76.210555045408867, 11.844218647053689 ], [ 76.209947471462996, 11.843625283786148 ], [ 76.210116090557307, 11.843371411003966 ], [ 76.210809557628778, 11.843494998496187 ], [ 76.211537148223556, 11.843085860527378 ], [ 76.211452277338196, 11.842511329144932 ], [ 76.211189967412167, 11.842345206124707 ], [ 76.211147359962055, 11.842047028517367 ], [ 76.212010678112108, 11.842169875494811 ], [ 76.212834607016504, 11.842055641206104 ], [ 76.212697575514412, 11.841786829547663 ], [ 76.212463348822922, 11.841140543882169 ], [ 76.212036471615889, 11.840724835033919 ], [ 76.211678452626018, 11.840390467161251 ], [ 76.211517749062267, 11.840069597959641 ], [ 76.211569315346921, 11.839434145816618 ], [ 76.211349475729676, 11.838972175647752 ], [ 76.211475972500153, 11.838506046496468 ], [ 76.211594161629961, 11.837876241051191 ], [ 76.211567388192478, 11.837416348474912 ], [ 76.211374425821845, 11.836648012222444 ], [ 76.211094342113398, 11.836065017010599 ], [ 76.210520510657588, 11.835228993772981 ], [ 76.21026338383389, 11.834686671435405 ], [ 76.210210844689271, 11.834081611606992 ], [ 76.210158907545903, 11.833276951216945 ], [ 76.210371581188156, 11.832593402028868 ], [ 76.210905079944752, 11.832037813129636 ], [ 76.210826830610671, 11.831667149306989 ], [ 76.210037024324564, 11.82976899368072 ], [ 76.209764662270288, 11.828703711365437 ], [ 76.209576533882426, 11.828162151336741 ], [ 76.209660598338203, 11.827438483339911 ], [ 76.210521729675321, 11.827091274274965 ], [ 76.210993839882192, 11.826962665877097 ], [ 76.211077803172401, 11.826239086948496 ], [ 76.211075537157214, 11.825728243736432 ], [ 76.211634617994079, 11.825554114010558 ], [ 76.212367848279172, 11.825338488840348 ], [ 76.212896851095124, 11.824594851460992 ], [ 76.213283877778139, 11.823915125005852 ], [ 76.213322027636451, 11.823191694813929 ], [ 76.213793077529971, 11.822846141689356 ], [ 76.214572995589407, 11.82280209437725 ], [ 76.215261611348197, 11.822885012714032 ], [ 76.215561131730809, 11.822115267034444 ], [ 76.215599691206151, 11.821192296091183 ], [ 76.215999804785739, 11.82130420491951 ], [ 76.216507370014455, 11.821302001476903 ], [ 76.216982465871666, 11.820834381921465 ], [ 76.217491280905918, 11.819684003979633 ], [ 76.218051405490513, 11.818700642331313 ], [ 76.218193732531844, 11.817923852692957 ], [ 76.217542338069649, 11.817766860967671 ], [ 76.217535712468532, 11.816266141893108 ], [ 76.217243931328909, 11.814612806209409 ], [ 76.216669547867198, 11.814429975310942 ], [ 76.216952042020324, 11.812923388719501 ], [ 76.216467787277068, 11.811329757400923 ], [ 76.217226995453203, 11.810766004572171 ], [ 76.21702723350603, 11.80917106973035 ], [ 76.216835408457683, 11.808326560963851 ], [ 76.217309248049432, 11.807574092573192 ], [ 76.21711364992386, 11.80691498450669 ], [ 76.216725769192635, 11.805320873885089 ], [ 76.216430617366868, 11.802885560550253 ], [ 76.21699956384704, 11.802883197892697 ], [ 76.217190529335639, 11.802502642839947 ], [ 76.21756727811993, 11.80156528735235 ], [ 76.218805219077865, 11.801370123831129 ], [ 76.218989634463313, 11.800523947690353 ], [ 76.219078911647614, 11.798927875851255 ], [ 76.219071839422654, 11.797332153907952 ], [ 76.220117109375067, 11.797142265681019 ], [ 76.220486770487511, 11.794604700832025 ], [ 76.219625889830098, 11.793952941761859 ], [ 76.220002543858499, 11.793011008159089 ], [ 76.220955575042439, 11.792726652630758 ], [ 76.221142087271161, 11.792350681928585 ], [ 76.220378376396241, 11.791883833794271 ], [ 76.22018362205354, 11.790383870125405 ], [ 76.219136348593295, 11.790108089840329 ], [ 76.218273422626481, 11.788981648799435 ], [ 76.217028111318896, 11.787486119531733 ], [ 76.215782825202496, 11.785990681062088 ], [ 76.214064928818374, 11.784497154572088 ], [ 76.212631043258654, 11.783938279395116 ], [ 76.211293533616782, 11.782348169945093 ], [ 76.209670790549325, 11.781604647231511 ], [ 76.208427879466726, 11.780669729353766 ], [ 76.208137351597486, 11.779265057659645 ], [ 76.208025372486489, 11.775698835184235 ], [ 76.206882588304069, 11.775608714459093 ], [ 76.204297998577758, 11.772052966204409 ], [ 76.200783190385877, 11.774038741454181 ], [ 76.194805592497701, 11.778380986510442 ], [ 76.187313052082999, 11.785735670380104 ], [ 76.183142655562477, 11.790052096319055 ], [ 76.181254233111375, 11.793721658518226 ], [ 76.178992164865903, 11.796922492465225 ], [ 76.177206857201995, 11.802187353843543 ], [ 76.174952319626499, 11.809330204198355 ], [ 76.173531908248705, 11.811962490606213 ], [ 76.169359841634943, 11.816016611914415 ], [ 76.163951047871535, 11.82064077108349 ], [ 76.160158325899559, 11.824408440776116 ], [ 76.157790201677813, 11.827609622210129 ], [ 76.156092870679856, 11.830997925454913 ], [ 76.155805120432106, 11.831320077955429 ], [ 76.156095025860125, 11.831508784094131 ], [ 76.157048775322096, 11.832440699755988 ], [ 76.157436737539626, 11.834129802405696 ], [ 76.158010404156329, 11.834127438438411 ], [ 76.158115056860794, 11.836097951208863 ], [ 76.158783174005393, 11.836750777275189 ], [ 76.159174704312974, 11.839285213473955 ], [ 76.159746130401402, 11.839847919208527 ], [ 76.160131337431636, 11.840877096755156 ], [ 76.15975565052085, 11.84209916384051 ], [ 76.160518569689728, 11.842376273078353 ], [ 76.160715271581338, 11.843315757398127 ], [ 76.161288340364194, 11.844253705145601 ], [ 76.162244432563767, 11.844625055847285 ], [ 76.162057188053012, 11.845936751431317 ], [ 76.161874576990968, 11.847252997889241 ], [ 76.162826111897317, 11.847624315922014 ], [ 76.162738357622828, 11.84856493305508 ], [ 76.162075047844937, 11.850163463258164 ], [ 76.159325756542088, 11.852240567988376 ], [ 76.159138132183045, 11.853461958453417 ], [ 76.159242815181571, 11.855432515232705 ], [ 76.160582411713577, 11.85748839608922 ], [ 76.16087430422219, 11.858147222233782 ], [ 76.162022158854825, 11.859363056840106 ], [ 76.161650425745933, 11.861520842448465 ], [ 76.160508117361914, 11.861620491860059 ], [ 76.160797795225179, 11.862839843986212 ], [ 76.159942000402197, 11.863408494351342 ], [ 76.159851105312441, 11.864719791499613 ], [ 76.159858281440506, 11.866410494395133 ], [ 76.160815658564999, 11.867062025694471 ], [ 76.158874943673851, 11.869353825220669 ], [ 76.158715571976103, 11.870278845744052 ], [ 76.161321606593845, 11.869273731459353 ], [ 76.161611163522224, 11.869162050881636 ], [ 76.162663676272302, 11.868498115039143 ], [ 76.163639370242748, 11.867882624748933 ], [ 76.164717765866456, 11.867606755204035 ], [ 76.165906357063733, 11.867724105454796 ], [ 76.166182452049199, 11.867830133581315 ], [ 76.167214092856895, 11.868229201364977 ], [ 76.169605475783072, 11.869658096764729 ], [ 76.170817138666536, 11.870466978779803 ], [ 76.171716845149618, 11.870738635819176 ], [ 76.172180364320525, 11.870878585765482 ], [ 76.173516036986058, 11.871242264770968 ], [ 76.174424602537485, 11.871190972825334 ], [ 76.175301059181919, 11.871141487635684 ], [ 76.176360707560846, 11.870862850003478 ], [ 76.177549412243692, 11.870542643943839 ], [ 76.178714986041442, 11.870207947394736 ], [ 76.179889808127726, 11.870230320645661 ], [ 76.182537874068558, 11.87088518818377 ], [ 76.183022225737261, 11.87104076909638 ], [ 76.185167635579006, 11.871729876892516 ], [ 76.186716976048544, 11.87199590007752 ], [ 76.187283153463554, 11.871993655816455 ] ] ] ] } }
]
}
