candidate_id,osm_type,osm_id,name,facility_category,facility_role,amenity,building_type,shelter_type,latitude,longitude,source,selection_reason,coordinate_source,original_tags
OSM_node_4834362654,node,4834362654,PBM Hospital,healthcare,medical_support,hospital,,,11.6570597,76.1596653,OpenStreetMap_Overpass,amenity=hospital,node_latlon,"{""addr:district"": ""Wayanad"", ""addr:full"": ""NH 212, Meenangadi"", ""addr:postcode"": ""673591"", ""addr:state"": ""Kerala"", ""amenity"": ""hospital"", ""name"": ""PBM Hospital"", ""source"": ""OpenGovernmentData""}"
OSM_node_5273465231,node,5273465231,Palliyal Dental,healthcare,medical_support,hospital,,,11.604897,76.0836235,OpenStreetMap_Overpass,healthcare=hospital,node_latlon,"{""amenity"": ""hospital"", ""healthcare"": ""hospital"", ""name"": ""Palliyal Dental""}"
OSM_node_5274879292,node,5274879292,whites multi speciality dental clinic,healthcare,medical_support,clinic,,,11.7383439,76.0711032,OpenStreetMap_Overpass,healthcare=clinic,node_latlon,"{""amenity"": ""clinic"", ""healthcare"": ""clinic"", ""level"": ""1"", ""name"": ""whites multi speciality dental clinic""}"
OSM_node_5274891888,node,5274891888,social health center,healthcare,medical_support,hospital,,,11.7380883,76.070615,OpenStreetMap_Overpass,healthcare=hospital,node_latlon,"{""amenity"": ""hospital"", ""healthcare"": ""hospital"", ""name"": ""social health center"", ""operator"": ""government""}"
OSM_node_5274906120,node,5274906120,,education,relocation_candidate,school,,,11.7377576,76.0730146,OpenStreetMap_Overpass,amenity=school,node_latlon,"{""amenity"": ""school"", ""isced:level"": ""Govt LP School Panamaram""}"
OSM_node_5274933955,node,5274933955,navodaya hospital,healthcare,medical_support,hospital,,,11.7387609,76.0736781,OpenStreetMap_Overpass,healthcare=hospital,node_latlon,"{""amenity"": ""hospital"", ""healthcare"": ""hospital"", ""name"": ""navodaya hospital"", ""operator:type"": ""private""}"
OSM_node_5275245883,node,5275245883,Public health subcentre,healthcare,medical_support,hospital,,,11.7425872,76.1201928,OpenStreetMap_Overpass,healthcare=hospital,node_latlon,"{""addr:city"": ""Nadavayal"", ""addr:postcode"": ""670721"", ""addr:street"": ""Nadavayal-Nekkuppa"", ""amenity"": ""hospital"", ""healthcare"": ""hospital"", ""healthcare:speciality"": ""general"", ""name"": ""Public health subcentre""}"
OSM_node_5275245905,node,5275245905,Mathews Homeo clinic,healthcare,medical_support,clinic,,,11.7411555,76.1194075,OpenStreetMap_Overpass,healthcare=clinic,node_latlon,"{""addr:city"": ""Nadavayal"", ""addr:postcode"": ""670721"", ""addr:street"": ""Nadavayal - Nekkuppa"", ""amenity"": ""clinic"", ""healthcare"": ""clinic"", ""healthcare:speciality"": ""homeopathy"", ""name"": ""Mathews Homeo clinic"", ""opening_hours"": ""Mo-Su 09:00-21:00"", ""operator"": ""Dr. George Mathew""}"
OSM_node_6956345382,node,6956345382,Leo Hospital,healthcare,medical_support,hospital,,,11.6045193,76.0853072,OpenStreetMap_Overpass,healthcare=hospital,node_latlon,"{""addr:district"": ""Wayanad"", ""addr:full"": ""Near New Bus Stand, Kalpetta"", ""addr:postcode"": ""673121"", ""addr:state"": ""Kerala"", ""amenity"": ""hospital"", ""healthcare"": ""hospital"", ""name"": ""Leo Hospital"", ""source"": ""OpenGovernmentData""}"
OSM_node_6956365498,node,6956365498,K J Medical Trust Hospital,healthcare,medical_support,hospital,,,11.6295388,76.088562,OpenStreetMap_Overpass,amenity=hospital,node_latlon,"{""addr:district"": ""Wayanad"", ""addr:full"": ""Kalpetta"", ""addr:postcode"": ""673121"", ""addr:state"": ""Kerala"", ""amenity"": ""hospital"", ""name"": ""K J Medical Trust Hospital"", ""source"": ""OpenGovernmentData""}"
OSM_node_6956427934,node,6956427934,Kripa Nursing Home,healthcare,medical_support,clinic,,,11.6150825,76.083893,OpenStreetMap_Overpass,healthcare=clinic,node_latlon,"{""addr:district"": ""Wayanad"", ""addr:full"": ""Kripa Hospital Road, Kalpetta"", ""addr:postcode"": ""673121"", ""addr:state"": ""Kerala"", ""amenity"": ""clinic"", ""healthcare"": ""clinic"", ""name"": ""Kripa Nursing Home"", ""source"": ""OpenGovernmentData""}"
OSM_node_7130228002,node,7130228002,Family Health Centre Meppadi,healthcare,medical_support,hospital,,,11.5584994,76.130717,OpenStreetMap_Overpass,healthcare=hospital,node_latlon,"{""amenity"": ""hospital"", ""healthcare"": ""hospital"", ""name"": ""Family Health Centre Meppadi"", ""operator"": ""Department of Health Services"", ""operator:type"": ""government""}"
OSM_node_7130237358,node,7130237358,High School Meppadi,education,relocation_candidate,school,,,11.5604563,76.130612,OpenStreetMap_Overpass,amenity=school,node_latlon,"{""amenity"": ""school"", ""name"": ""High School Meppadi""}"
OSM_node_7398810590,node,7398810590,"Community Health Caenter, Meenanagadi",healthcare,medical_support,hospital,,,11.6645151,76.1678844,OpenStreetMap_Overpass,healthcare=hospital,node_latlon,"{""addr:city"": ""Meenangadi"", ""addr:postcode"": ""673591"", ""addr:street"": ""Meenangadi -Moonnankuzhi Road"", ""amenity"": ""hospital"", ""healthcare"": ""hospital"", ""healthcare:speciality"": ""paediatrics;gynaecology"", ""name"": ""Community Health Caenter, Meenanagadi"", ""name:ml"": ""സാമൂഹികാരോഗ്യ കേന്ദ്രം , മീനങ്ങാടി"", ""ref"": ""1979""}"
OSM_node_7398810597,node,7398810597,GLPS Meenangadi,education,relocation_candidate,school,,,11.6630285,76.1670961,OpenStreetMap_Overpass,amenity=school,node_latlon,"{""amenity"": ""school"", ""fixme"": ""add proper tags: syllabus = STATE"", ""healthcare"": ""doctor"", ""healthcare:speciality"": ""ayurveda"", ""name"": ""GLPS Meenangadi"", ""operator:type"": ""government""}"
OSM_node_7484121871,node,7484121871,Benz Driving School Test Ground,education,relocation_candidate,school,,,11.5526385,76.134668,OpenStreetMap_Overpass,amenity=school,node_latlon,"{""amenity"": ""school"", ""name"": ""Benz Driving School Test Ground""}"
OSM_node_7484197306,node,7484197306,Meppadi Govt.Homoeo Dispensary,healthcare,medical_support,clinic,,,11.5529974,76.1342805,OpenStreetMap_Overpass,healthcare=clinic,node_latlon,"{""amenity"": ""clinic"", ""healthcare"": ""clinic"", ""name"": ""Meppadi Govt.Homoeo Dispensary""}"
OSM_node_7502483751,node,7502483751,Govt. Homoeo Dispensary Kolery,healthcare,medical_support,hospital,,,11.7041382,76.1624716,OpenStreetMap_Overpass,healthcare=hospital,node_latlon,"{""addr:postcode"": ""673596"", ""addr:street"": ""Choothupara , Purakkadi"", ""amenity"": ""hospital"", ""healthcare"": ""hospital"", ""name"": ""Govt. Homoeo Dispensary Kolery""}"
OSM_node_7515413006,node,7515413006,district ayurvedic hospital,healthcare,medical_support,hospital,,,11.6171614,76.0813997,OpenStreetMap_Overpass,healthcare=hospital,node_latlon,"{""amenity"": ""hospital"", ""healthcare"": ""hospital"", ""name"": ""district ayurvedic hospital""}"
OSM_node_7521373174,node,7521373174,Bhavans Vidhya Mandir,education,relocation_candidate,school,,,11.6660353,76.2372766,OpenStreetMap_Overpass,amenity=school,node_latlon,"{""amenity"": ""school"", ""name"": ""Bhavans Vidhya Mandir""}"
OSM_node_7531535068,node,7531535068,,healthcare,medical_support,clinic,,,11.6098436,76.0824293,OpenStreetMap_Overpass,healthcare=clinic,node_latlon,"{""amenity"": ""clinic"", ""healthcare"": ""clinic""}"
OSM_node_7725963258,node,7725963258,Gokulam Sree Multi Speciality Ayurveda Clinic,healthcare,medical_support,clinic,,,11.651072,76.141641,OpenStreetMap_Overpass,amenity=clinic,node_latlon,"{""addr:district"": ""Wayanad"", ""addr:full"": ""Kakkavayal, Kalpetta"", ""addr:postcode"": ""673122"", ""addr:state"": ""Kerala"", ""amenity"": ""clinic"", ""name"": ""Gokulam Sree Multi Speciality Ayurveda Clinic"", ""source"": ""Local Knowledge""}"
OSM_node_7725963261,node,7725963261,Swami Vivekananda Medical Mission Hospital,healthcare,medical_support,hospital,,,11.6371651,76.1106531,OpenStreetMap_Overpass,amenity=hospital,node_latlon,"{""addr:district"": ""Wayanad"", ""addr:full"": ""Vivekananda Nagar Muttil, North, Kalpetta"", ""addr:postcode"": ""673122"", ""addr:state"": ""Kerala"", ""amenity"": ""hospital"", ""name"": ""Swami Vivekananda Medical Mission Hospital"", ""source"": ""Local Knowledge""}"
OSM_node_7725963262,node,7725963262,Homoeo Dispensary,healthcare,medical_support,,,,11.6173412,76.0805354,OpenStreetMap_Overpass,healthcare=centre,node_latlon,"{""addr:district"": ""Wayanad"", ""addr:full"": ""Kalpetta"", ""addr:postcode"": ""673122"", ""addr:state"": ""Kerala"", ""health_facility:type"": ""dispensary"", ""healthcare"": ""centre"", ""name"": ""Homoeo Dispensary"", ""source"": ""Local Knowledge""}"
OSM_node_7725963266,node,7725963266,Santhigiri Ayurveda & Siddha Hospital,healthcare,medical_support,hospital,,,11.5973321,76.0791716,OpenStreetMap_Overpass,healthcare=hospital,node_latlon,"{""addr:district"": ""Wayanad"", ""addr:full"": ""Madiyur, Kalpetta"", ""addr:postcode"": ""673121"", ""addr:state"": ""Kerala"", ""amenity"": ""hospital"", ""healthcare"": ""hospital"", ""name"": ""Santhigiri Ayurveda & Siddha Hospital"", ""source"": ""Local Knowledge""}"
OSM_node_7725963273,node,7725963273,Government Homoeo Dispensary,healthcare,medical_support,,,,11.7087864,76.1894172,OpenStreetMap_Overpass,healthcare=centre,node_latlon,"{""addr:district"": ""Wayanad"", ""addr:full"": ""Irulam"", ""addr:postcode"": ""673592"", ""addr:state"": ""Kerala"", ""health_facility:type"": ""dispensary"", ""healthcare"": ""centre"", ""name"": ""Government Homoeo Dispensary"", ""source"": ""Local Knowledge""}"
OSM_node_7725963274,node,7725963274,"N.S Hospital, Chundale",healthcare,medical_support,hospital,,,11.57436,76.058407,OpenStreetMap_Overpass,healthcare=hospital,node_latlon,"{""addr:district"": ""Wayanad"", ""addr:full"": ""Chundale"", ""addr:postcode"": ""673123"", ""addr:state"": ""Kerala"", ""amenity"": ""hospital"", ""healthcare"": ""hospital"", ""name"": ""N.S Hospital, Chundale"", ""source"": ""Local Knowledge""}"
OSM_node_7725963275,node,7725963275,St. Martin Hospital,healthcare,medical_support,hospital,,,11.6241764,76.2111471,OpenStreetMap_Overpass,amenity=hospital,node_latlon,"{""addr:district"": ""Wayanad"", ""addr:full"": ""Ambalavayal"", ""addr:postcode"": ""673593"", ""addr:state"": ""Kerala"", ""amenity"": ""hospital"", ""name"": ""St. Martin Hospital"", ""source"": ""Local Knowledge""}"
OSM_node_7725963276,node,7725963276,Elaj Ayurvedic Hospital,healthcare,medical_support,hospital,,,11.634191,76.12005,OpenStreetMap_Overpass,amenity=hospital,node_latlon,"{""addr:district"": ""Wayanad"", ""addr:full"": ""Muttil"", ""addr:postcode"": ""673122"", ""addr:state"": ""Kerala"", ""amenity"": ""hospital"", ""name"": ""Elaj Ayurvedic Hospital"", ""source"": ""Local Knowledge""}"
OSM_node_7725963280,node,7725963280,Arogya Polyclinic,healthcare,medical_support,clinic,,,11.6623892,76.1615692,OpenStreetMap_Overpass,amenity=clinic,node_latlon,"{""addr:district"": ""Wayanad"", ""addr:full"": ""Meenangadi"", ""addr:postcode"": ""673591"", ""addr:state"": ""Kerala"", ""amenity"": ""clinic"", ""name"": ""Arogya Polyclinic"", ""source"": ""Local Knowledge""}"
OSM_node_7725963292,node,7725963292,Shalem Clinic,healthcare,medical_support,clinic,,,11.6598815,76.1667806,OpenStreetMap_Overpass,amenity=clinic,node_latlon,"{""addr:district"": ""Wayanad"", ""addr:full"": ""Meenangadi"", ""addr:postcode"": ""673591"", ""addr:state"": ""Kerala"", ""amenity"": ""clinic"", ""name"": ""Shalem Clinic"", ""operator"": ""private"", ""operator:type"": ""private"", ""source"": ""Local Knowledge""}"
OSM_node_7725963294,node,7725963294,Amrita Kripa Charitable Hospital,healthcare,medical_support,hospital,,,11.6344529,76.0894587,OpenStreetMap_Overpass,healthcare=hospital,node_latlon,"{""addr:district"": ""Wayanad"", ""addr:full"": ""Kainatty, Kalpetta"", ""addr:postcode"": ""673122"", ""addr:state"": ""Kerala"", ""amenity"": ""hospital"", ""healthcare"": ""hospital"", ""name"": ""Amrita Kripa Charitable Hospital"", ""source"": ""Local Knowledge""}"
OSM_node_7725963296,node,7725963296,"Government Homeo Dispensary, Mandad",healthcare,medical_support,,,,11.6308079,76.1288483,OpenStreetMap_Overpass,healthcare=centre,node_latlon,"{""addr:district"": ""Wayanad"", ""addr:full"": ""Mandad, Muttil"", ""addr:postcode"": ""673122"", ""addr:state"": ""Kerala"", ""health_facility:type"": ""dispensary"", ""healthcare"": ""centre"", ""name"": ""Government Homeo Dispensary, Mandad"", ""source"": ""Local Knowledge""}"
OSM_node_7725963297,node,7725963297,ESI Dispensary,healthcare,medical_support,,,,11.599162,76.083876,OpenStreetMap_Overpass,healthcare=centre,node_latlon,"{""addr:district"": ""Wayanad"", ""addr:full"": ""Rattakolly, Kalpetta"", ""addr:postcode"": ""673121"", ""addr:state"": ""Kerala"", ""health_facility:type"": ""dispensary"", ""healthcare"": ""centre"", ""name"": ""ESI Dispensary"", ""source"": ""Local Knowledge""}"
OSM_node_7725963305,node,7725963305,Dr. Ebina's Ayurvedic Clinic,healthcare,medical_support,clinic,,,11.7035293,76.1385977,OpenStreetMap_Overpass,amenity=clinic,node_latlon,"{""addr:district"": ""Wayanad"", ""addr:postcode"": ""673596"", ""addr:state"": ""Kerala"", ""amenity"": ""clinic"", ""name"": ""Dr. Ebina's Ayurvedic Clinic"", ""source"": ""Local Knowledge""}"
OSM_node_7725963307,node,7725963307,"Ayush Ayurveda Hospital, Parakkal",healthcare,medical_support,hospital,,,11.6374188,76.1016746,OpenStreetMap_Overpass,amenity=hospital,node_latlon,"{""addr:district"": ""Wayanad"", ""addr:full"": ""Parakkal"", ""addr:postcode"": ""673122"", ""addr:state"": ""Kerala"", ""amenity"": ""hospital"", ""name"": ""Ayush Ayurveda Hospital, Parakkal"", ""operator:type"": ""private"", ""source"": ""Local Knowledge""}"
OSM_node_7725963311,node,7725963311,Mayo Hospital,healthcare,medical_support,hospital,,,11.6327792,76.0897675,OpenStreetMap_Overpass,healthcare=hospital,node_latlon,"{""addr:district"": ""Wayanad"", ""addr:full"": ""Muttil, Kalpetta"", ""addr:postcode"": ""673122"", ""addr:state"": ""Kerala"", ""amenity"": ""hospital"", ""healthcare"": ""hospital"", ""name"": ""Mayo Hospital"", ""source"": ""Local Knowledge""}"
OSM_node_7992731992,node,7992731992,G H S Kakkavayal School Ground,education,relocation_candidate,school,,,11.6477979,76.1442753,OpenStreetMap_Overpass,amenity=school,node_latlon,"{""amenity"": ""school"", ""name"": ""G H S Kakkavayal School Ground""}"
OSM_node_7994942163,node,7994942163,"WMO English Acadamy Senior Secondary School, Mandad",education,relocation_candidate,school,,,11.6346047,76.1173929,OpenStreetMap_Overpass,amenity=school,node_latlon,"{""amenity"": ""school"", ""name"": ""WMO English Acadamy Senior Secondary School, Mandad""}"
OSM_node_7998651921,node,7998651921,"Dr Sithara Dileep, BHMS",healthcare,medical_support,clinic,,,11.5754096,76.1093966,OpenStreetMap_Overpass,healthcare=clinic,node_latlon,"{""amenity"": ""clinic"", ""description"": ""Homoeopathic Physician"", ""healthcare"": ""clinic"", ""name"": ""Dr Sithara Dileep, BHMS""}"
OSM_node_7998684099,node,7998684099,Gov.Veterinary Hospital,healthcare,medical_support,hospital,,,11.5533112,76.1308228,OpenStreetMap_Overpass,healthcare=hospital,node_latlon,"{""addr:city"": ""Meppadi"", ""addr:postcode"": ""673577"", ""addr:street"": ""Kalpetta - Meppadi Road"", ""amenity"": ""hospital"", ""healthcare"": ""hospital"", ""name"": ""Gov.Veterinary Hospital"", ""operator"": ""Kerala Veterinary Dpt."", ""operator:type"": ""government""}"
OSM_node_7999419714,node,7999419714,Arogyakeralam Wayanad,healthcare,medical_support,hospital,,,11.6350234,76.0902421,OpenStreetMap_Overpass,healthcare=centre,node_latlon,"{""addr:city"": ""Kalpetta"", ""addr:postcode"": ""673122"", ""addr:street"": ""Kainatty"", ""amenity"": ""hospital"", ""email"": ""dpmwynd@gmail.com"", ""emergency"": ""no"", ""healthcare"": ""centre"", ""name"": ""Arogyakeralam Wayanad"", ""operator"": ""National Health Mission"", ""operator:type"": ""government"", ""phone"": ""+91-4936202771""}"
OSM_node_7999806493,node,7999806493,Aup School Vazhavatta,education,relocation_candidate,school,,,11.612664,76.1531391,OpenStreetMap_Overpass,amenity=school,node_latlon,"{""addr:city"": ""VAZHAVATTA"", ""addr:postcode"": ""673122"", ""addr:street"": ""VAZHAVATTA"", ""amenity"": ""school"", ""email"": ""aupsvazhavatta@gmail.com"", ""grades"": ""1-7"", ""name"": ""Aup School Vazhavatta"", ""operator"": ""GEORGE K.Y"", ""operator:type"": ""government""}"
OSM_node_7999939906,node,7999939906,Glps Kallupadi,education,relocation_candidate,school,,,11.6341305,76.149818,OpenStreetMap_Overpass,amenity=school,node_latlon,"{""amenity"": ""school"", ""description"": ""1 to 4 classes\nLower Primary  School"", ""name"": ""Glps Kallupadi""}"
OSM_node_8000871487,node,8000871487,Snalp School Narayanapuram,education,relocation_candidate,school,,,11.7027993,76.2120297,OpenStreetMap_Overpass,amenity=school,node_latlon,"{""amenity"": ""school"", ""ele"": ""-1"", ""name"": ""Snalp School Narayanapuram""}"
OSM_node_8000899635,node,8000899635,Anmup School Gokhale Nagar,education,relocation_candidate,school,,,11.680928,76.1823877,OpenStreetMap_Overpass,amenity=school,node_latlon,"{""addr:city"": ""MEENANGADI"", ""addr:housenumber"": ""MYLAMBADI"", ""addr:postcode"": ""673591"", ""amenity"": ""school"", ""grades"": ""5-7"", ""name"": ""Anmup School Gokhale Nagar""}"
OSM_node_8002063737,node,8002063737,FWC pathiripalam,healthcare,medical_support,hospital,,,11.6667264,76.199665,OpenStreetMap_Overpass,healthcare=hospital,node_latlon,"{""amenity"": ""hospital"", ""healthcare"": ""hospital"", ""name"": ""FWC pathiripalam""}"
OSM_node_8002197728,node,8002197728,FWC Kallupadi,healthcare,medical_support,hospital,,,11.6331248,76.1504468,OpenStreetMap_Overpass,healthcare=hospital,node_latlon,"{""amenity"": ""hospital"", ""healthcare"": ""hospital"", ""name"": ""FWC Kallupadi"", ""operator"": ""government""}"
OSM_node_8002214129,node,8002214129,"Sub Centre, Pakkam",healthcare,medical_support,hospital,,,11.6161527,76.1475642,OpenStreetMap_Overpass,healthcare=hospital,node_latlon,"{""amenity"": ""hospital"", ""healthcare"": ""hospital"", ""name"": ""Sub Centre, Pakkam"", ""operator:type"": ""government""}"
OSM_node_8002235743,node,8002235743,Primary Health Centre Vazhavatta,healthcare,medical_support,hospital,,,11.6213793,76.1581686,OpenStreetMap_Overpass,healthcare=hospital,node_latlon,"{""amenity"": ""hospital"", ""healthcare"": ""hospital"", ""name"": ""Primary Health Centre Vazhavatta"", ""operator:type"": ""government"", ""ref"": ""1964""}"
OSM_node_8002264433,node,8002264433,Pariyaram Sub Center,healthcare,medical_support,hospital,,,11.6478902,76.1007962,OpenStreetMap_Overpass,healthcare=hospital,node_latlon,"{""amenity"": ""hospital"", ""healthcare"": ""hospital"", ""name"": ""Pariyaram Sub Center"", ""operator"": ""Government""}"
OSM_node_8002283717,node,8002283717,Health Center-Kolagappara,healthcare,medical_support,,,,11.6567978,76.2149452,OpenStreetMap_Overpass,healthcare=centre,node_latlon,"{""addr:street"": ""Kolagappara Junction-Arivayal Road"", ""healthcare"": ""centre"", ""name"": ""Health Center-Kolagappara""}"
OSM_node_8002417949,node,8002417949,G L P School Kalpetta,education,relocation_candidate,school,,,11.6083893,76.0839043,OpenStreetMap_Overpass,amenity=school,node_latlon,"{""addr:city"": ""KALPETTA"", ""addr:postcode"": ""673121"", ""addr:street"": ""KALPETTA"", ""amenity"": ""school"", ""name"": ""G L P School Kalpetta""}"
OSM_node_8002434909,node,8002434909,Appad Sub center,healthcare,medical_support,hospital,,,11.6935542,76.1754739,OpenStreetMap_Overpass,healthcare=hospital,node_latlon,"{""amenity"": ""hospital"", ""healthcare"": ""hospital"", ""name"": ""Appad Sub center"", ""operator"": ""Health and family welfare"", ""operator:type"": ""government""}"
OSM_node_8002448926,node,8002448926,choothupara sub center,healthcare,medical_support,hospital,,,11.702407,76.1615233,OpenStreetMap_Overpass,healthcare=hospital,node_latlon,"{""amenity"": ""hospital"", ""healthcare"": ""hospital"", ""name"": ""choothupara sub center"", ""operator"": ""health and family welfare"", ""operator:type"": ""government""}"
OSM_node_8002453948,node,8002453948,Choothupara Sub center,healthcare,medical_support,hospital,,,11.7024098,76.1615394,OpenStreetMap_Overpass,healthcare=hospital,node_latlon,"{""amenity"": ""hospital"", ""healthcare"": ""hospital"", ""name"": ""Choothupara Sub center"", ""operator"": ""Health and family center"", ""operator:type"": ""government""}"
OSM_node_8002598110,node,8002598110,FW Center -Pathirippalam,healthcare,medical_support,,,,11.6714656,76.2019914,OpenStreetMap_Overpass,healthcare=centre,node_latlon,"{""healthcare"": ""centre"", ""name"": ""FW Center -Pathirippalam""}"
OSM_node_8002648770,node,8002648770,Cheerankunnu Sub center,healthcare,medical_support,hospital,,,11.6544507,76.1598316,OpenStreetMap_Overpass,healthcare=hospital,node_latlon,"{""amenity"": ""hospital"", ""healthcare"": ""hospital"", ""name"": ""Cheerankunnu Sub center"", ""operator"": ""haelth and family welfare"", ""operator:type"": ""government""}"
OSM_node_8010607807,node,8010607807,Cno.04 Nallannoor Anganwadi. Muppinad,education,relocation_candidate,school,,,11.5550103,76.1720224,OpenStreetMap_Overpass,amenity=school,node_latlon,"{""amenity"": ""school"", ""name"": ""Cno.04 Nallannoor Anganwadi. Muppinad""}"
OSM_node_8012168567,node,8012168567,Kenichira Sub Centre,healthcare,medical_support,hospital,,,11.7240632,76.1503024,OpenStreetMap_Overpass,healthcare=hospital,node_latlon,"{""amenity"": ""hospital"", ""healthcare"": ""hospital"", ""name"": ""Kenichira Sub Centre""}"
OSM_node_8013356130,node,8013356130,Sreedhar Memorial Hospital,healthcare,medical_support,hospital,,,11.5507106,76.2126408,OpenStreetMap_Overpass,healthcare=hospital,node_latlon,"{""addr:city"": ""Vaduvanchal"", ""addr:street"": ""Calicut - Vythiri - Gudalur Road"", ""amenity"": ""hospital"", ""healthcare"": ""hospital"", ""name"": ""Sreedhar Memorial Hospital"", ""name:en"": ""Sreedhar Memorial Hospital"", ""operator"": ""Sreedhar Memorial Hospital"", ""operator:type"": ""private""}"
OSM_node_8013418462,node,8013418462,Sreedhar Memorial Medical Center,healthcare,medical_support,hospital,,,11.5504743,76.2126748,OpenStreetMap_Overpass,healthcare=hospital,node_latlon,"{""addr:city"": ""Vaduvanchal"", ""addr:housenumber"": ""Sreedhar Memorial Hospital"", ""addr:postcode"": ""673581"", ""addr:street"": ""Calicut - Vythiri - Gudalur Road"", ""amenity"": ""hospital"", ""emergency"": ""yes"", ""healthcare"": ""hospital"", ""healthcare:speciality"": ""general"", ""name"": ""Sreedhar Memorial Medical Center"", ""operator"": ""Sreedhar Memorial Medical Center""}"
OSM_node_8018297411,node,8018297411,SC Valavayal,healthcare,medical_support,hospital,,,11.7109561,76.1922766,OpenStreetMap_Overpass,healthcare=hospital,node_latlon,"{""amenity"": ""hospital"", ""healthcare"": ""hospital"", ""name"": ""SC Valavayal"", ""operator"": ""HEALTH AND FAMILY WELFARE"", ""operator:type"": ""government""}"
OSM_node_8018297440,node,8018297440,SC Thazhamunda,healthcare,medical_support,hospital,,,11.706229,76.1395959,OpenStreetMap_Overpass,healthcare=hospital,node_latlon,"{""amenity"": ""hospital"", ""healthcare"": ""hospital"", ""name"": ""SC Thazhamunda"", ""operator"": ""HEALTH& FAMILY WELFARE"", ""operator:type"": ""government""}"
OSM_node_8018349822,node,8018349822,SC Chempakapetta,healthcare,medical_support,hospital,,,11.7166678,76.121234,OpenStreetMap_Overpass,healthcare=hospital,node_latlon,"{""amenity"": ""hospital"", ""healthcare"": ""hospital"", ""name"": ""SC Chempakapetta"", ""operator"": ""HEALTH &FAMILY WELFARE"", ""operator:type"": ""government""}"
OSM_node_8024080356,node,8024080356,sc kalloorkunnu,healthcare,medical_support,hospital,,,11.7051065,76.2074948,OpenStreetMap_Overpass,healthcare=hospital,node_latlon,"{""amenity"": ""hospital"", ""healthcare"": ""hospital"", ""name"": ""sc kalloorkunnu"", ""operator"": ""HEALTH & FAMILY WELFARE"", ""operator:type"": ""government""}"
OSM_node_8024669741,node,8024669741,SC Valanchery,healthcare,medical_support,hospital,,,11.7318176,76.1793239,OpenStreetMap_Overpass,healthcare=hospital,node_latlon,"{""amenity"": ""hospital"", ""healthcare"": ""hospital"", ""name"": ""SC Valanchery"", ""operator"": ""HEALTH &FAMILY WELFARE"", ""operator:type"": ""government""}"
OSM_node_8024678991,node,8024678991,SC Vakery,healthcare,medical_support,hospital,,,11.6959112,76.2211972,OpenStreetMap_Overpass,healthcare=hospital,node_latlon,"{""amenity"": ""hospital"", ""healthcare"": ""hospital"", ""name"": ""SC Vakery"", ""operator"": ""HEALTH & FAMILY WEFARE"", ""operator:type"": ""government""}"
OSM_node_8027321857,node,8027321857,SC Pazhupathoor,healthcare,medical_support,hospital,,,11.6775156,76.2277039,OpenStreetMap_Overpass,healthcare=hospital,node_latlon,"{""amenity"": ""hospital"", ""healthcare"": ""hospital"", ""name"": ""SC Pazhupathoor"", ""operator"": ""Health and Family Welfare"", ""operator:type"": ""government""}"
OSM_node_8659041915,node,8659041915,"Homeo Dispensary, Madakkimala",healthcare,medical_support,hospital,,,11.6650298,76.0840482,OpenStreetMap_Overpass,healthcare=hospital,node_latlon,"{""amenity"": ""hospital"", ""healthcare"": ""hospital"", ""level"": ""1"", ""name"": ""Homeo Dispensary, Madakkimala"", ""operator:type"": ""government""}"
OSM_node_8665665729,node,8665665729,"Mother Medicare, Muttil",healthcare,medical_support,hospital,,,11.6414188,76.1104419,OpenStreetMap_Overpass,healthcare=hospital,node_latlon,"{""amenity"": ""hospital"", ""healthcare"": ""hospital"", ""name"": ""Mother Medicare, Muttil"", ""operator:type"": ""private""}"
OSM_node_8667236481,node,8667236481,"W.M.O Speech And Hearing School, Muttil",education,relocation_candidate,school,,,11.6334041,76.1200997,OpenStreetMap_Overpass,amenity=school,node_latlon,"{""addr:city"": ""Muttil"", ""addr:postcode"": ""673122"", ""addr:street"": ""Muttil-Meppadi Road"", ""amenity"": ""school"", ""name"": ""W.M.O Speech And Hearing School, Muttil""}"
OSM_node_8731336984,node,8731336984,Government Lower Primary School Cheegavalam,education,relocation_candidate,school,,,11.589178,76.2093147,OpenStreetMap_Overpass,amenity=school,node_latlon,"{""addr:city"": ""Ambalvayal"", ""addr:place"": ""Vengachal"", ""addr:postcode"": ""673593"", ""amenity"": ""school"", ""grades"": ""1-4"", ""name"": ""Government Lower Primary School Cheegavalam"", ""operator"": ""Government"", ""operator:type"": ""government""}"
OSM_node_8813483444,node,8813483444,"Government Homeo Clinic, Kenichira",healthcare,medical_support,clinic,,,11.723905,76.1530723,OpenStreetMap_Overpass,healthcare=clinic,node_latlon,"{""addr:city"": ""Kenichira"", ""addr:postcode"": ""673596"", ""addr:street"": ""Kenichira-Pulpally Road"", ""amenity"": ""clinic"", ""healthcare"": ""clinic"", ""name"": ""Government Homeo Clinic, Kenichira""}"
OSM_node_8813590627,node,8813590627,DR.PRASAD’S Diabetes Care and Research Center,healthcare,medical_support,,,,11.7182302,76.1551241,OpenStreetMap_Overpass,healthcare=centre,node_latlon,"{""addr:city"": ""kenichira"", ""addr:postcode"": ""673596"", ""addr:street"": ""Panamaram-Nadavayal - Bathery Road"", ""healthcare"": ""centre"", ""name"": ""DR.PRASAD’S Diabetes Care and Research Center""}"
OSM_node_8907708534,node,8907708534,Shri Shankara Vidhya Mandhiram,education,relocation_candidate,school,,,11.6389594,76.0884974,OpenStreetMap_Overpass,amenity=school,node_latlon,"{""amenity"": ""school"", ""name"": ""Shri Shankara Vidhya Mandhiram""}"
OSM_node_8998387389,node,8998387389,Family Health Centre Vazhavatta,healthcare,medical_support,hospital,,,11.6004629,76.143777,OpenStreetMap_Overpass,healthcare=hospital,node_latlon,"{""amenity"": ""hospital"", ""healthcare"": ""hospital"", ""name"": ""Family Health Centre Vazhavatta"", ""operator"": ""Department of Health and Family Welfare"", ""operator:type"": ""government""}"
OSM_node_9000365107,node,9000365107,WIMS Urban Health Center Kalpetta,healthcare,medical_support,hospital,,,11.6099469,76.0824983,OpenStreetMap_Overpass,healthcare=hospital,node_latlon,"{""amenity"": ""hospital"", ""healthcare"": ""hospital"", ""name"": ""WIMS Urban Health Center Kalpetta"", ""operator"": ""Department of Health and Family Welfare"", ""operator:type"": ""private""}"
OSM_node_9019144828,node,9019144828,GLPS Appad,education,relocation_candidate,school,,,11.696444,76.1729759,OpenStreetMap_Overpass,amenity=school,node_latlon,"{""amenity"": ""school"", ""grades"": ""1-4"", ""name"": ""GLPS Appad"", ""operator"": ""Government""}"
OSM_node_9065188605,node,9065188605,GHSS Meenangadi,education,relocation_candidate,school,,,11.6642287,76.1672659,OpenStreetMap_Overpass,amenity=school,node_latlon,"{""amenity"": ""school"", ""fixme"": ""add proper tags: syllabus = STATE"", ""name"": ""GHSS Meenangadi"", ""operator:type"": ""government""}"
OSM_node_9065204541,node,9065204541,GLPS CC Bhoothanam,education,relocation_candidate,school,,,11.6816489,76.2029816,OpenStreetMap_Overpass,amenity=school,node_latlon,"{""amenity"": ""school"", ""name"": ""GLPS CC Bhoothanam""}"
OSM_node_9104912146,node,9104912146,D CARE DENTAL CLINIC,healthcare,medical_support,clinic,,,11.7397935,76.0729729,OpenStreetMap_Overpass,healthcare=clinic,node_latlon,"{""amenity"": ""clinic"", ""healthcare"": ""clinic"", ""name"": ""D CARE DENTAL CLINIC""}"
OSM_node_9927293029,node,9927293029,St . School,education,relocation_candidate,school,,,11.7383842,76.1181995,OpenStreetMap_Overpass,amenity=school,node_latlon,"{""amenity"": ""school"", ""name"": ""St . School"", ""survey:date"": ""2022-08-02""}"
OSM_node_9927312337,node,9927312337,Gvt lp school nelliyambam,education,relocation_candidate,school,,,11.7387314,76.098739,OpenStreetMap_Overpass,amenity=school,node_latlon,"{""amenity"": ""school"", ""name"": ""Gvt lp school nelliyambam"", ""survey:date"": ""2022-08-02""}"
OSM_node_10113293168,node,10113293168,District Early Intervention Centre,healthcare,medical_support,hospital,,,11.6342526,76.0895455,OpenStreetMap_Overpass,healthcare=hospital,node_latlon,"{""amenity"": ""hospital"", ""healthcare"": ""hospital"", ""name"": ""District Early Intervention Centre""}"
OSM_node_10113293169,node,10113293169,Medical Superintendent Office,healthcare,medical_support,hospital,,,11.6342351,76.0897041,OpenStreetMap_Overpass,healthcare=hospital,node_latlon,"{""amenity"": ""hospital"", ""healthcare"": ""hospital"", ""name"": ""Medical Superintendent Office""}"
OSM_node_10113779000,node,10113779000,Government General Hospital,healthcare,medical_support,hospital,,,11.6035906,76.084177,OpenStreetMap_Overpass,healthcare=hospital,node_latlon,"{""amenity"": ""hospital"", ""healthcare"": ""hospital"", ""name"": ""Government General Hospital""}"
OSM_node_11350115530,node,11350115530,Anganavadi,education,relocation_candidate,school,,,11.6222277,76.1233008,OpenStreetMap_Overpass,amenity=school,node_latlon,"{""addr:street"": ""Muttil mala"", ""amenity"": ""school"", ""name"": ""Anganavadi""}"
OSM_way_34416323,way,34416323,Civil Station,public_building,potential_relocation_candidate,,yes,,11.6262906,76.0887963,OpenStreetMap_Overpass,office=government,way_center,"{""building"": ""yes"", ""layer"": ""1"", ""name"": ""Civil Station"", ""office"": ""government""}"
OSM_way_380933351,way,380933351,DM Wayanad Institute of Medical Sciences,healthcare,medical_support,hospital,,,11.5613908,76.1615503,OpenStreetMap_Overpass,healthcare=hospital,way_center,"{""addr:city"": ""Mepadi"", ""addr:district"": ""Wayanad"", ""addr:postcode"": ""673577"", ""addr:state"": ""Kerala"", ""addr:street"": ""Naseera Nagar"", ""alt_name"": ""DM WIMS"", ""amenity"": ""hospital"", ""emergency"": ""yes"", ""healthcare"": ""hospital"", ""healthcare:speciality"": ""general;psychiatry;paediatrics;dentistry;ophthalmology;orthopaedics;gynaecology;surgery;emergency;cardiology;oncology;dermatology;radiology;geriatrics;internal;orthodontics;otolaryngology;physiatry"", ""internet_access"": ""wired"", ""name"": ""DM Wayanad Institute of Medical Sciences"", ""operator"": ""Aster"", ""operator:type"": ""private"", ""source"": ""OpenGovernmentData"", ""website"": ""https://www.dmwims.com/"", ""wheelchair"": ""yes""}"
OSM_way_386991359,way,386991359,Fatima Mata Mission Hospital,healthcare,medical_support,hospital,,,11.6144378,76.078901,OpenStreetMap_Overpass,healthcare=hospital,way_center,"{""addr:district"": ""Wayanad"", ""addr:full"": ""Kalpetta"", ""addr:postcode"": ""673121"", ""addr:state"": ""Kerala"", ""amenity"": ""hospital"", ""healthcare"": ""hospital"", ""name"": ""Fatima Mata Mission Hospital"", ""source"": ""OpenGovernmentData""}"
OSM_way_386991365,way,386991365,Skmj Auditorium,education,relocation_candidate,,school,,11.6213804,76.0865611,OpenStreetMap_Overpass,building=school,way_center,"{""building"": ""school"", ""building:levels"": ""1"", ""name"": ""Skmj Auditorium""}"
OSM_way_386991370,way,386991370,DTPC Wayanad,public_building,potential_relocation_candidate,,yes,,11.6269881,76.0885486,OpenStreetMap_Overpass,office=government,way_center,"{""addr:city"": ""Wayanad"", ""addr:postcode"": ""673122"", ""addr:street"": ""Civil Station, North Kalpetta"", ""building"": ""yes"", ""building:levels"": ""4"", ""name"": ""DTPC Wayanad"", ""office"": ""government"", ""opening_hours"": ""Mo-Sa 10:00-17:00"", ""phone"": ""+91-9446072134"", ""website"": ""https://wayanadtourism.org/""}"
OSM_way_386991371,way,386991371,"District Panchayath Office,Wayanad",public_building,potential_relocation_candidate,,yes,,11.6269957,76.0888211,OpenStreetMap_Overpass,office=government,way_center,"{""addr:city"": ""Kairali Nagar"", ""addr:postcode"": ""673122"", ""addr:street"": ""Bangalore-Calicut Highway,"", ""building"": ""yes"", ""government"": ""panchayath_office"", ""name"": ""District Panchayath Office,Wayanad"", ""office"": ""government"", ""opening_hours"": ""Mo-Sa 10:00-17:00"", ""operator"": ""government"", ""operator:type"": ""government"", ""phone"": ""+914936202490""}"
OSM_way_386991372,way,386991372,District Social,public_building,potential_relocation_candidate,,yes,,11.6259485,76.0887331,OpenStreetMap_Overpass,office=government,way_center,"{""building"": ""yes"", ""government"": ""government"", ""name"": ""District Social"", ""office"": ""government""}"
OSM_way_386991376,way,386991376,Fatima Mata Mission Hospital,healthcare,medical_support,,hospital,,11.6144571,76.0791631,OpenStreetMap_Overpass,building=hospital,way_center,"{""building"": ""hospital"", ""name"": ""Fatima Mata Mission Hospital""}"
OSM_way_425703233,way,425703233,"Roman Catholic Higher Secondary School,  Chundale",education,relocation_candidate,,school,,11.5762865,76.0615445,OpenStreetMap_Overpass,building=school,way_center,"{""Rural_Urban"": ""Rural"", ""School_Category_Description"": ""Up. Pr. Secondary and Higher Sec"", ""School_Management_Description"": ""Pvt. Aided"", ""addr:block"": ""Vythiri"", ""addr:district"": ""Wayanad"", ""addr:postcode"": ""673123"", ""addr:state"": ""Kerala"", ""addr:village"": ""Chundale"", ""building"": ""school"", ""name"": ""Roman Catholic Higher Secondary School,  Chundale"", ""wikidata"": ""Q64522450""}"
OSM_way_425703248,way,425703248,Rchss Ground,education,relocation_candidate,school,,,11.5769053,76.0623753,OpenStreetMap_Overpass,amenity=school,way_center,"{""amenity"": ""school"", ""name"": ""Rchss Ground"", ""operator"": ""PLAY""}"
OSM_way_425703614,way,425703614,"St.Judes Parish Hall, Chundale",community,relocation_candidate,events_venue,yes,,11.5750929,76.0612369,OpenStreetMap_Overpass,amenity=events_venue,way_center,"{""amenity"": ""events_venue"", ""building"": ""yes"", ""name"": ""St.Judes Parish Hall, Chundale""}"
OSM_way_425703866,way,425703866,"Roman Catholic Lower Primary School, Chundale",education,relocation_candidate,,school,,11.5752687,76.0601175,OpenStreetMap_Overpass,building=school,way_center,"{""Rural_Urban"": ""Rural"", ""School_Category_Description"": ""Primary"", ""School_Management_Description"": ""Pvt. Aided"", ""addr:block"": ""Vythiri"", ""addr:district"": ""Wayanad"", ""addr:postcode"": ""673123"", ""addr:state"": ""Kerala"", ""addr:village"": ""Chundale"", ""building"": ""school"", ""name"": ""Roman Catholic Lower Primary School, Chundale"", ""wikidata"": ""Q64522453""}"
OSM_way_425704746,way,425704746,Ansariya Public School,education,relocation_candidate,,school,,11.672335,76.0780816,OpenStreetMap_Overpass,building=school,way_center,"{""building"": ""school"", ""name"": ""Ansariya Public School"", ""wikidata"": ""Q56276728""}"
OSM_way_425748993,way,425748993,Government Upper Primary School Kambalakkad,education,relocation_candidate,school,,,11.6772716,76.0762282,OpenStreetMap_Overpass,amenity=school,way_center,"{""addr:block"": ""Vythiri"", ""addr:district"": ""Wayanad"", ""addr:postcode"": ""673122"", ""addr:state"": ""Kerala"", ""addr:village"": ""Kaniyambetta"", ""amenity"": ""school"", ""name"": ""Government Upper Primary School Kambalakkad""}"
OSM_way_425749883,way,425749883,"GHS, Anappara",education,relocation_candidate,school,,,11.6003138,76.2499662,OpenStreetMap_Overpass,amenity=school,way_center,"{""Rural_Urban"": ""Rural"", ""School_Category_Description"": ""Pr. with Up.Pr. sec. and H.Sec."", ""School_Management_Description"": ""Department of Education"", ""addr:block"": ""Sulthan Bathery"", ""addr:district"": ""Wayanad"", ""addr:postcode"": ""673592"", ""addr:state"": ""Kerala"", ""addr:village"": ""Nenmeni"", ""amenity"": ""school"", ""name"": ""GHS, Anappara"", ""operator"": ""Government"", ""operator:type"": ""government""}"
OSM_way_425750583,way,425750583,GHSS Anapara school,education,relocation_candidate,school,,,11.5985252,76.2497908,OpenStreetMap_Overpass,amenity=school,way_center,"{""amenity"": ""school"", ""name"": ""GHSS Anapara school""}"
OSM_way_525207856,way,525207856,Kerala State Electricity Board Section Office,public_building,potential_relocation_candidate,,yes,,11.6772934,76.0742824,OpenStreetMap_Overpass,office=government,way_center,"{""addr:postcode"": ""673122"", ""building"": ""yes"", ""government"": ""government_office"", ""name"": ""Kerala State Electricity Board Section Office"", ""office"": ""government""}"
OSM_way_545635863,way,545635863,Perpetual Adoration Centre,public_building,potential_relocation_candidate,,yes,,11.6599542,76.2500948,OpenStreetMap_Overpass,office=government,way_center,"{""building"": ""yes"", ""name"": ""Perpetual Adoration Centre"", ""office"": ""government""}"
OSM_way_545842492,way,545842492,St Thomas HSS,education,relocation_candidate,,school,,11.738543,76.1181855,OpenStreetMap_Overpass,building=school,way_center,"{""addr:city"": ""Nadavayal"", ""addr:postcode"": ""670721"", ""addr:street"": ""Nadavayal - Nelliyambam"", ""building"": ""school"", ""building:levels"": ""0"", ""name"": ""St Thomas HSS"", ""wikidata"": ""Q64522767""}"
OSM_way_545842494,way,545842494,St Thomas High School,education,relocation_candidate,,school,,11.7381882,76.1183314,OpenStreetMap_Overpass,building=school,way_center,"{""building"": ""school"", ""name"": ""St Thomas High School""}"
OSM_way_545842495,way,545842495,St Thomas Higher Secondary School Nadavayal,education,relocation_candidate,school,,,11.7385394,76.1185076,OpenStreetMap_Overpass,amenity=school,way_center,"{""addr:block"": ""Vythiri"", ""addr:district"": ""Wayanad"", ""addr:postcode"": ""670721"", ""addr:state"": ""Kerala"", ""addr:village"": ""Nadavayal"", ""amenity"": ""school"", ""name"": ""St Thomas Higher Secondary School Nadavayal""}"
OSM_way_545842498,way,545842498,ST. thomas LP School & Jubilee Hall,education,relocation_candidate,,school,,11.7398435,76.119851,OpenStreetMap_Overpass,building=school,way_center,"{""addr:city"": ""Nadavayal"", ""addr:postcode"": ""670721"", ""addr:street"": ""Panamaram - Bathery"", ""building"": ""school"", ""name"": ""ST. thomas LP School & Jubilee Hall""}"
OSM_way_545842499,way,545842499,,education,relocation_candidate,,school,,11.7397319,76.1196719,OpenStreetMap_Overpass,building=school,way_center,"{""building"": ""school"", ""description"": ""School Auditorium""}"
OSM_way_545842500,way,545842500,St Thomas Lower Primary School Nadavayal,education,relocation_candidate,school,,,11.7397673,76.1198227,OpenStreetMap_Overpass,amenity=school,way_center,"{""addr:block"": ""Vythiri"", ""addr:district"": ""Wayanad"", ""addr:postcode"": ""670721"", ""addr:state"": ""Kerala"", ""addr:village"": ""Nadavayal"", ""amenity"": ""school"", ""name"": ""St Thomas Lower Primary School Nadavayal""}"
OSM_way_546104367,way,546104367,Lalith Mahal Auditorium,community,relocation_candidate,community_centre,yes,,11.6035183,76.0831016,OpenStreetMap_Overpass,amenity=community_centre,way_center,"{""amenity"": ""community_centre"", ""building"": ""yes"", ""name"": ""Lalith Mahal Auditorium""}"
OSM_way_621380138,way,621380138,Govt Higher Secondary School Anappara,education,relocation_candidate,,school,,11.6007626,76.2499741,OpenStreetMap_Overpass,building=school,way_center,"{""addr:housenumber"": ""CHULLIYODE"", ""addr:postcode"": ""673592"", ""addr:street"": ""Ambalavayal road"", ""building"": ""school"", ""name"": ""Govt Higher Secondary School Anappara""}"
OSM_way_735273532,way,735273532,DM WIMS Medical College,healthcare,medical_support,,hospital,,11.5604405,76.1617861,OpenStreetMap_Overpass,building=hospital,way_center,"{""building"": ""hospital"", ""name"": ""DM WIMS Medical College""}"
OSM_way_736680979,way,736680979,St. Thomas LP school arinjermala,education,relocation_candidate,,school,,11.7064011,76.0654948,OpenStreetMap_Overpass,building=school,way_center,"{""addr:city"": ""Kaniyambatta"", ""addr:postcode"": ""670721"", ""building"": ""school"", ""building:levels"": ""2"", ""height"": ""7"", ""name"": ""St. Thomas LP school arinjermala"", ""wikidata"": ""Q64522666""}"
OSM_way_736691134,way,736691134,Sarvodaya Higher Secondary School Eachome,education,relocation_candidate,,school,,11.7013883,76.0527005,OpenStreetMap_Overpass,building=school,way_center,"{""addr:city"": ""Eachome"", ""addr:postcode"": ""670721"", ""addr:street"": ""Eachome"", ""building"": ""school"", ""building:levels"": ""4"", ""height"": ""25"", ""name"": ""Sarvodaya Higher Secondary School Eachome""}"
OSM_way_737775393,way,737775393,Kaniyambetta Grama Panchayath Office,public_building,potential_relocation_candidate,,yes,,11.6958214,76.0807822,OpenStreetMap_Overpass,office=government,way_center,"{""addr:city"": ""Kaniyambatta"", ""addr:postcode"": ""673124"", ""addr:street"": ""Kaniyambetta Grama Panchayat"", ""building"": ""yes"", ""government"": ""panchayath_office"", ""name"": ""Kaniyambetta Grama Panchayath Office"", ""office"": ""government"", ""opening_hours"": ""Mo-Sa 10:00 - 17:00"", ""phone"": ""+91 4936 286693""}"
OSM_way_737777884,way,737777884,Nivedhitha Vidhya Nikethan Upper Primary school,education,relocation_candidate,school,,,11.6991106,76.0829178,OpenStreetMap_Overpass,amenity=school,way_center,"{""amenity"": ""school"", ""name"": ""Nivedhitha Vidhya Nikethan Upper Primary school"", ""operator"": ""Privete""}"
OSM_way_737777885,way,737777885,Government Higher Secondary School Kaniyambetta,education,relocation_candidate,school,,,11.699779,76.0835402,OpenStreetMap_Overpass,amenity=school,way_center,"{""addr:block"": ""Vythiri"", ""addr:district"": ""Wayanad"", ""addr:postcode"": ""673122"", ""addr:state"": ""Kerala"", ""addr:village"": ""Kaniyambetta"", ""amenity"": ""school"", ""name"": ""Government Higher Secondary School Kaniyambetta"", ""operator:type"": ""government"", ""operator:wikidata"": ""Q5260320""}"
OSM_way_737781342,way,737781342,B ed Block,education,relocation_candidate,,college,,11.7008701,76.0850417,OpenStreetMap_Overpass,building=college,way_center,"{""building"": ""college"", ""name"": ""B ed Block""}"
OSM_way_737789315,way,737789315,Government Polytechnic College Meenangadi,education,relocation_candidate,school,,,11.6651024,76.1542928,OpenStreetMap_Overpass,amenity=school,way_center,"{""amenity"": ""school"", ""name"": ""Government Polytechnic College Meenangadi""}"
OSM_way_742834505,way,742834505,marina hospital,healthcare,medical_support,,hospital,,11.6189812,76.2124129,OpenStreetMap_Overpass,building=hospital,way_center,"{""building"": ""hospital"", ""name"": ""marina hospital""}"
OSM_way_743170078,way,743170078,KJ Medical Trust hospital,healthcare,medical_support,,hospital,,11.6295615,76.0884909,OpenStreetMap_Overpass,building=hospital,way_center,"{""building"": ""hospital"", ""name"": ""KJ Medical Trust hospital""}"
OSM_way_762770930,way,762770930,"Gvhss Ambalavayal High School, Kerala",education,relocation_candidate,school,,,11.6220013,76.2130538,OpenStreetMap_Overpass,amenity=school,way_center,"{""Rural_Urban"": ""Rural"", ""School_Category_Description"": ""Up. Pr. Secondary and Higher Sec"", ""School_Management_Description"": ""Department of Education"", ""addr:block"": ""Sulthan Bathery"", ""addr:district"": ""Wayanad"", ""addr:postcode"": ""673593"", ""addr:state"": ""Kerala"", ""addr:village"": ""Ambalavayal"", ""amenity"": ""school"", ""name"": ""Gvhss Ambalavayal High School, Kerala"", ""wikidata"": ""Q64522262""}"
OSM_way_763029796,way,763029796,Communinty Health Centre Meppadi,healthcare,medical_support,hospital,,,11.5583935,76.1307697,OpenStreetMap_Overpass,healthcare=hospital,way_center,"{""addr:city"": ""Meppadi"", ""addr:postcode"": ""673577"", ""addr:street"": ""Calicut - Vythiri - Gudalur Road"", ""amenity"": ""hospital"", ""healthcare"": ""hospital"", ""name"": ""Communinty Health Centre Meppadi"", ""operator"": ""Department of Health Services"", ""operator:type"": ""government""}"
OSM_way_788856841,way,788856841,Nursing College,education,relocation_candidate,,college,,11.6611016,76.2500227,OpenStreetMap_Overpass,building=college,way_center,"{""building"": ""college"", ""name"": ""Nursing College""}"
OSM_way_788859036,way,788859036,,education,relocation_candidate,,school,,11.6782145,76.1343062,OpenStreetMap_Overpass,building=school,way_center,"{""building"": ""school""}"
OSM_way_797498556,way,797498556,,education,relocation_candidate,,school,,11.7203818,76.1269066,OpenStreetMap_Overpass,building=school,way_center,"{""addr:postcode"": ""673596"", ""addr:street"": ""poothadi"", ""building"": ""school""}"
OSM_way_797521121,way,797521121,,education,relocation_candidate,,school,,11.7126869,76.1174063,OpenStreetMap_Overpass,building=school,way_center,"{""addr:postcode"": ""673596"", ""addr:street"": ""poothadi"", ""building"": ""school"", ""building:levels"": ""2""}"
OSM_way_797523964,way,797523964,Sree Narayana Higher Secondary School Poothadi,education,relocation_candidate,school,,,11.7129296,76.1172083,OpenStreetMap_Overpass,amenity=school,way_center,"{""addr:block"": ""Sulthan Bathery"", ""addr:district"": ""Wayanad"", ""addr:postcode"": ""673596"", ""addr:state"": ""Kerala"", ""addr:village"": ""Poothadi"", ""amenity"": ""school"", ""name"": ""Sree Narayana Higher Secondary School Poothadi""}"
OSM_way_797568135,way,797568135,"Village Office, Poothadi",public_building,potential_relocation_candidate,,yes,,11.7192065,76.1544887,OpenStreetMap_Overpass,office=government,way_center,"{""addr:postcode"": ""673596"", ""addr:street"": ""Panamaram-Nadavayal - Bathery Road"", ""building"": ""yes"", ""government"": ""village_office"", ""name"": ""Village Office, Poothadi"", ""office"": ""government"", ""phone"": ""+91-4936210260""}"
OSM_way_797570766,way,797570766,,education,relocation_candidate,,school,,11.7150062,76.1647738,OpenStreetMap_Overpass,building=school,way_center,"{""addr:postcode"": ""673596"", ""addr:street"": ""koleri"", ""building"": ""school""}"
OSM_way_797592047,way,797592047,,education,relocation_candidate,,school,,11.7136712,76.1679518,OpenStreetMap_Overpass,building=school,way_center,"{""addr:street"": ""koleri"", ""building"": ""school""}"
OSM_way_797593748,way,797593748,Government Higher Secondary School Koleri,education,relocation_candidate,school,,,11.7133271,76.1681263,OpenStreetMap_Overpass,amenity=school,way_center,"{""addr:block"": ""Sulthan Bathery"", ""addr:district"": ""Wayanad"", ""addr:postcode"": ""673596"", ""addr:state"": ""Kerala"", ""addr:village"": ""Poothadi"", ""amenity"": ""school"", ""name"": ""Government Higher Secondary School Koleri"", ""operator"": ""Department of education"", ""operator:type"": ""government""}"
OSM_way_797793956,way,797793956,Genius International School,education,relocation_candidate,,school,,11.7076442,76.1790439,OpenStreetMap_Overpass,building=school,way_center,"{""addr:city"": ""Koleri PO"", ""addr:district"": ""Wayanad"", ""addr:housenumber"": ""546"", ""addr:postcode"": ""673592"", ""addr:street"": ""Pellapatta Road, Moonnanakuzhi"", ""building"": ""school"", ""name"": ""Genius International School""}"
OSM_way_797813739,way,797813739,Government High School Athiratukunnu,education,relocation_candidate,school,,,11.7424791,76.1686374,OpenStreetMap_Overpass,amenity=school,way_center,"{""addr:housenumber"": ""Government High School Athirattukunnu, Irulam"", ""addr:postcode"": ""673596"", ""addr:street"": ""Irulam - kenichira Rd"", ""amenity"": ""school"", ""name"": ""Government High School Athiratukunnu""}"
OSM_way_797857219,way,797857219,Government High School Beenachi,education,relocation_candidate,school,,,11.6623541,76.2347509,OpenStreetMap_Overpass,amenity=school,way_center,"{""addr:block"": ""Sulthan Bathery"", ""addr:district"": ""Wayanad"", ""addr:housenumber"": ""NH766,Sultan Bathery"", ""addr:postcode"": ""673592"", ""addr:state"": ""Kerala"", ""addr:street"": ""Beenachi"", ""addr:village"": ""Sulthan Bathery"", ""amenity"": ""school"", ""name"": ""Government High School Beenachi""}"
OSM_way_798236240,way,798236240,St Anns Hospital,healthcare,medical_support,,yes,,11.7388792,76.1221579,OpenStreetMap_Overpass,healthcare=hospital,way_center,"{""addr:postcode"": ""670721"", ""addr:street"": ""Nadavayal"", ""building"": ""yes"", ""healthcare"": ""hospital"", ""name"": ""St Anns Hospital""}"
OSM_way_798869716,way,798869716,"W.O Higher Secondary School, Muttil",education,relocation_candidate,school,,,11.6333845,76.1188777,OpenStreetMap_Overpass,amenity=school,way_center,"{""addr:city"": ""Muttil"", ""addr:postcode"": ""673122"", ""addr:street"": ""Mandad"", ""amenity"": ""school"", ""name"": ""W.O Higher Secondary School, Muttil"", ""wikidata"": ""Q64522000""}"
OSM_way_799059621,way,799059621,St.Rossello's Central School,education,relocation_candidate,,school,,11.645306,76.2497483,OpenStreetMap_Overpass,building=school,way_center,"{""addr:postcode"": ""673592"", ""addr:street"": ""Poomala Post, Sulthan Bathery - Kunthanni - Thovarimala Rd, Sultan Bathery, Kerala"", ""building"": ""school"", ""name"": ""St.Rossello's Central School""}"
OSM_way_799059625,way,799059625,Kattikettikal Centre Poomala,community,relocation_candidate,community_centre,yes,,11.6463038,76.25008,OpenStreetMap_Overpass,amenity=community_centre,way_center,"{""amenity"": ""community_centre"", ""building"": ""yes"", ""name"": ""Kattikettikal Centre Poomala""}"
OSM_way_799059628,way,799059628,Government Lower Primary School Poomala,education,relocation_candidate,,school,,11.6499695,76.2495945,OpenStreetMap_Overpass,building=school,way_center,"{""building"": ""school"", ""name"": ""Government Lower Primary School Poomala""}"
OSM_way_799281118,way,799281118,Community Health Centre Panamaram,healthcare,medical_support,hospital,,,11.7384608,76.0702992,OpenStreetMap_Overpass,healthcare=hospital,way_center,"{""addr:city"": ""Panamaram"", ""addr:postcode"": ""670721"", ""addr:street"": ""Panamaram - Vilambukandam"", ""amenity"": ""hospital"", ""healthcare"": ""hospital"", ""name"": ""Community Health Centre Panamaram"", ""operator"": ""Departnment of health Services"", ""operator:type"": ""government"", ""ref"": ""1982""}"
OSM_way_799282620,way,799282620,"Community Health Centre, Meppady",healthcare,medical_support,hospital,,,11.6202435,76.2099125,OpenStreetMap_Overpass,healthcare=hospital,way_center,"{""amenity"": ""hospital"", ""healthcare"": ""hospital"", ""name"": ""Community Health Centre, Meppady"", ""operator"": ""Department of Health Services"", ""operator:type"": ""government"", ""ref"": ""1966""}"
OSM_way_799294053,way,799294053,"Main Center, PHC  Vazhavatta",healthcare,medical_support,hospital,,,11.6214573,76.1583019,OpenStreetMap_Overpass,healthcare=hospital,way_center,"{""amenity"": ""hospital"", ""healthcare"": ""hospital"", ""name"": ""Main Center, PHC  Vazhavatta"", ""operator"": ""Department of Health Services"", ""operator:type"": ""government""}"
OSM_way_799300978,way,799300978,Primary Health Centre Varadoor,healthcare,medical_support,hospital,,,11.7140519,76.1023231,OpenStreetMap_Overpass,healthcare=hospital,way_center,"{""addr:street"": ""Varadoor"", ""amenity"": ""hospital"", ""healthcare"": ""hospital"", ""name"": ""Primary Health Centre Varadoor"", ""operator"": ""Department of Health Services"", ""operator:type"": ""government"", ""ref"": ""1963""}"
OSM_way_802674179,way,802674179,Goverment High School Valavayal,education,relocation_candidate,,school,,11.7082782,76.1881576,OpenStreetMap_Overpass,building=school,way_center,"{""building"": ""school"", ""name"": ""Goverment High School Valavayal""}"
OSM_way_802807530,way,802807530,Institute of Human Resources Development Meenangadi,education,relocation_candidate,,college,,11.6571761,76.1598365,OpenStreetMap_Overpass,building=college,way_center,"{""building"": ""college"", ""name"": ""Institute of Human Resources Development Meenangadi""}"
OSM_way_802807531,way,802807531,"Panchayath Office, Meenangadi",public_building,potential_relocation_candidate,,yes,,11.6594794,76.1614242,OpenStreetMap_Overpass,office=government,way_center,"{""addr:street"": ""Kalpetta-Sulthan Bathery Road"", ""building"": ""yes"", ""government"": ""panchayath_office"", ""name"": ""Panchayath Office, Meenangadi"", ""office"": ""government""}"
OSM_way_802807533,way,802807533,Government Lower Primary School Meenangadi,education,relocation_candidate,school,,,11.6636991,76.1664942,OpenStreetMap_Overpass,amenity=school,way_center,"{""addr:block"": ""Sulthan Bathery"", ""addr:district"": ""Wayanad"", ""addr:postcode"": ""673591"", ""addr:state"": ""Kerala"", ""addr:village"": ""Purakkadi"", ""amenity"": ""school"", ""name"": ""Government Lower Primary School Meenangadi""}"
OSM_way_802821251,way,802821251,St.Peter'S And St.Paul'S English Medium School,education,relocation_candidate,school,,,11.6590313,76.1735202,OpenStreetMap_Overpass,amenity=school,way_center,"{""addr:block"": ""Sulthan Bathery"", ""addr:district"": ""Wayanad"", ""addr:postcode"": ""673591"", ""addr:state"": ""Kerala"", ""addr:village"": ""Krishnagiri"", ""amenity"": ""school"", ""grades"": ""1-7"", ""name"": ""St.Peter'S And St.Paul'S English Medium School"", ""operator"": ""Private"", ""operator:type"": ""private""}"
OSM_way_802848035,way,802848035,Sndp Lkg And Ukg School,community,potential_relocation_candidate,childcare,yes,,11.6936652,76.1750573,OpenStreetMap_Overpass,amenity=childcare,way_center,"{""amenity"": ""childcare"", ""building"": ""yes"", ""name"": ""Sndp Lkg And Ukg School""}"
OSM_way_802848048,way,802848048,Government Lower Primary School Appad,education,relocation_candidate,school,,,11.6963929,76.1729787,OpenStreetMap_Overpass,amenity=school,way_center,"{""addr:block"": ""Sulthan Bathery"", ""addr:district"": ""Wayanad"", ""addr:postcode"": ""673591"", ""addr:state"": ""Kerala"", ""addr:village"": ""Purakkadi"", ""amenity"": ""school"", ""name"": ""Government Lower Primary School Appad"", ""operator"": ""Department of education"", ""operator:type"": ""government""}"
OSM_way_802895005,way,802895005,"Block Panchayat Office,Kalpetta",public_building,potential_relocation_candidate,,yes,,11.6126613,76.0845982,OpenStreetMap_Overpass,office=government,way_center,"{""addr:postcode"": ""673122"", ""addr:street"": ""Mandayapuram"", ""building"": ""yes"", ""government"": ""panchayath_office"", ""name"": ""Block Panchayat Office,Kalpetta"", ""office"": ""government"", ""opening_hours"": ""Mo-Sa 10:00-17:00"", ""operator"": ""government"", ""operator:type"": ""government""}"
OSM_way_802939388,way,802939388,,education,relocation_candidate,school,,,11.7080107,76.1880777,OpenStreetMap_Overpass,amenity=school,way_center,"{""amenity"": ""school""}"
OSM_way_802944010,way,802944010,,education,relocation_candidate,,school,,11.7320664,76.1943145,OpenStreetMap_Overpass,building=school,way_center,"{""building"": ""school""}"
OSM_way_802947353,way,802947353,,education,relocation_candidate,,school,,11.7325294,76.1949124,OpenStreetMap_Overpass,building=school,way_center,"{""building"": ""school""}"
OSM_way_802989794,way,802989794,,education,relocation_candidate,,school,,11.6474076,76.144505,OpenStreetMap_Overpass,building=school,way_center,"{""building"": ""school""}"
OSM_way_802989798,way,802989798,,education,relocation_candidate,,school,,11.6469222,76.1445028,OpenStreetMap_Overpass,building=school,way_center,"{""building"": ""school""}"
OSM_way_802991186,way,802991186,GHSS Kakkavayal,education,relocation_candidate,school,,,11.6468689,76.1440408,OpenStreetMap_Overpass,amenity=school,way_center,"{""amenity"": ""school"", ""name"": ""GHSS Kakkavayal"", ""wikidata"": ""Q64522241""}"
OSM_way_803021807,way,803021807,Anganwadi,community,potential_relocation_candidate,childcare,yes,,11.6308517,76.0666085,OpenStreetMap_Overpass,amenity=childcare,way_center,"{""addr:postcode"": ""673122"", ""addr:street"": ""Maniyankode"", ""amenity"": ""childcare"", ""brand"": ""Anganwadi"", ""brand:en"": ""Anganwadi"", ""brand:hi"": ""आँगनवाडी"", ""brand:pa"": ""ਆਂਗਣਵਾੜੀ"", ""brand:pnb"": ""آنگن واڑی"", ""brand:ur"": ""آنگن واڑی"", ""brand:wikidata"": ""Q16251231"", ""building"": ""yes"", ""building:levels"": ""0"", ""name"": ""Anganwadi"", ""name:en"": ""Anganwadi"", ""name:hi"": ""आँगनवाडी"", ""name:pa"": ""ਆਂਗਣਵਾੜੀ"", ""name:pnb"": ""آنگن واڑی"", ""name:ur"": ""آنگن واڑی"", ""operator:type"": ""government""}"
OSM_way_803091917,way,803091917,stage,education,relocation_candidate,,school,,11.7077873,76.1884299,OpenStreetMap_Overpass,building=school,way_center,"{""building"": ""school"", ""name"": ""stage""}"
OSM_way_803091924,way,803091924,gramapanchayath community hall,community,relocation_candidate,community_centre,yes,,11.7193966,76.1899842,OpenStreetMap_Overpass,amenity=community_centre,way_center,"{""amenity"": ""community_centre"", ""building"": ""yes"", ""name"": ""gramapanchayath community hall""}"
OSM_way_803147835,way,803147835,General Hospital Kalpetta,healthcare,medical_support,,hospital,,11.6339298,76.0894823,OpenStreetMap_Overpass,building=hospital,way_center,"{""addr:postcode"": ""673122"", ""addr:street"": ""Hill Highway"", ""building"": ""hospital"", ""description"": ""General Hospital  was started as a Primary Health Centre in the year 1968, In the year 2005 the PHC was converted to General Hospital.  The New Block at Kainatti was inaugurated on 13 October 2017 by Minister Shri Mathew T Thomas, The Hospital has 250 bed"", ""name"": ""General Hospital Kalpetta"", ""operator"": ""Department of Health and Family Welfare"", ""operator:type"": ""government"", ""phone"": ""+91-4936206768"", ""ref"": ""1962""}"
OSM_way_803326520,way,803326520,,education,relocation_candidate,,school,,11.6471048,76.1446576,OpenStreetMap_Overpass,building=school,way_center,"{""building"": ""school""}"
OSM_way_803343632,way,803343632,"Government High School, Kakkavayal",education,relocation_candidate,school,,,11.6470639,76.144639,OpenStreetMap_Overpass,amenity=school,way_center,"{""addr:block"": ""Sulthan Bathery"", ""addr:district"": ""Wayanad"", ""addr:postcode"": ""673122"", ""addr:state"": ""Kerala"", ""addr:village"": ""Muttil south"", ""amenity"": ""school"", ""name"": ""Government High School, Kakkavayal""}"
OSM_way_803428249,way,803428249,Government Vocational Higher secondary School Kalpetta,education,relocation_candidate,school,,,11.6239893,76.0729275,OpenStreetMap_Overpass,amenity=school,way_center,"{""addr:block"": ""Vythiri"", ""addr:district"": ""Wayanad"", ""addr:postcode"": ""673121"", ""addr:state"": ""Kerala"", ""addr:street"": ""Munderi Road"", ""addr:village"": ""Kalpetta"", ""amenity"": ""school"", ""name"": ""Government Vocational Higher secondary School Kalpetta""}"
OSM_way_803566179,way,803566179,,education,relocation_candidate,,school,,11.6468236,76.1437782,OpenStreetMap_Overpass,building=school,way_center,"{""building"": ""school"", ""building:use"": ""education""}"
OSM_way_803587468,way,803587468,"Kristhu Raja Public School, Vellaram",education,relocation_candidate,,school,,11.5932962,76.0592598,OpenStreetMap_Overpass,building=school,way_center,"{""Rural_Urban"": ""Urban"", ""School_Category_Description"": ""Pr. Up Pr. and Secondary Only"", ""School_Management_Description"": ""Pvt. Unaided"", ""addr:block"": ""Vythiri"", ""addr:district"": ""Wayanad"", ""addr:postcode"": ""673121"", ""addr:state"": ""Kerala"", ""addr:village"": ""Kalpetta"", ""building"": ""school"", ""name"": ""Kristhu Raja Public School, Vellaram"", ""wikidata"": ""Q64522310""}"
OSM_way_803587469,way,803587469,"Fire and Rescue Station, Kalpetta",public_building,potential_relocation_candidate,fire_station,yes,,11.5987032,76.0803549,OpenStreetMap_Overpass,building=yes,way_center,"{""addr:city"": ""Kalpetta"", ""addr:postcode"": ""673121"", ""addr:street"": ""Wayanad Road"", ""amenity"": ""fire_station"", ""building"": ""yes"", ""building:levels"": ""2"", ""name"": ""Fire and Rescue Station, Kalpetta""}"
OSM_way_803752861,way,803752861,SKMJ Ground,education,relocation_candidate,school,,,11.6218287,76.0873456,OpenStreetMap_Overpass,amenity=school,way_center,"{""amenity"": ""school"", ""name"": ""SKMJ Ground""}"
OSM_way_803752862,way,803752862,S D M Lower Primary School Kalpetta,education,relocation_candidate,school,,,11.6236592,76.0880354,OpenStreetMap_Overpass,amenity=school,way_center,"{""addr:block"": ""Vythiri"", ""addr:district"": ""Wayanad"", ""addr:postcode"": ""673122"", ""addr:state"": ""Kerala"", ""addr:village"": ""Kalpetta"", ""amenity"": ""school"", ""name"": ""S D M Lower Primary School Kalpetta""}"
OSM_way_803752863,way,803752863,School Ground,education,relocation_candidate,school,,,11.6228418,76.0876609,OpenStreetMap_Overpass,amenity=school,way_center,"{""amenity"": ""school"", ""name"": ""School Ground""}"
OSM_way_803754168,way,803754168,"St. Joseph's Convent School, Kalpetta",education,relocation_candidate,school,,,11.6105384,76.0792407,OpenStreetMap_Overpass,amenity=school,way_center,"{""Rural_Urban"": ""Urban"", ""School_Category_Description"": ""Pr. Up Pr. and Secondary Only"", ""School_Management_Description"": ""Pvt. Unaided"", ""addr:block"": ""Vythiri"", ""addr:district"": ""Wayanad"", ""addr:postcode"": ""673121"", ""addr:state"": ""Kerala"", ""addr:village"": ""Kalpetta"", ""amenity"": ""school"", ""name"": ""St. Joseph's Convent School, Kalpetta"", ""wikidata"": ""Q64522801""}"
OSM_way_803754170,way,803754170,,education,relocation_candidate,,school,,11.6096519,76.0787313,OpenStreetMap_Overpass,building=school,way_center,"{""building"": ""school""}"
OSM_way_804086142,way,804086142,DM WIMS,healthcare,medical_support,hospital,,,11.5607941,76.1617558,OpenStreetMap_Overpass,healthcare=hospital,way_center,"{""amenity"": ""hospital"", ""healthcare"": ""hospital"", ""name"": ""DM WIMS""}"
OSM_way_804086144,way,804086144,DM WIMS,healthcare,medical_support,hospital,,,11.562345,76.160599,OpenStreetMap_Overpass,healthcare=hospital,way_center,"{""amenity"": ""hospital"", ""healthcare"": ""hospital"", ""name"": ""DM WIMS""}"
OSM_way_804121247,way,804121247,Beenachi government school,education,relocation_candidate,school,,,11.6627595,76.2349141,OpenStreetMap_Overpass,amenity=school,way_center,"{""amenity"": ""school"", ""name"": ""Beenachi government school""}"
OSM_way_804180240,way,804180240,hml hospital,healthcare,medical_support,hospital,,,11.555945,76.1461065,OpenStreetMap_Overpass,healthcare=hospital,way_center,"{""amenity"": ""hospital"", ""healthcare"": ""hospital"", ""name"": ""hml hospital""}"
OSM_way_805257646,way,805257646,SKMJ HSS (HSS SEC),education,relocation_candidate,,school,,11.6228753,76.0869207,OpenStreetMap_Overpass,building=school,way_center,"{""building"": ""school"", ""building:levels"": ""2"", ""name"": ""SKMJ HSS (HSS SEC)""}"
OSM_way_805982318,way,805982318,"Panchayath Office, Panamaram",public_building,potential_relocation_candidate,,yes,,11.7380761,76.072952,OpenStreetMap_Overpass,office=government,way_center,"{""building"": ""yes"", ""name"": ""Panchayath Office, Panamaram"", ""office"": ""government""}"
OSM_way_806793876,way,806793876,"Community Hall, Theneri",community,relocation_candidate,community_centre,yes,,11.6386234,76.1536823,OpenStreetMap_Overpass,amenity=community_centre,way_center,"{""amenity"": ""community_centre"", ""building"": ""yes"", ""name"": ""Community Hall, Theneri""}"
OSM_way_827554972,way,827554972,"Ayush Ayurveda Hospital, Parakkal",healthcare,medical_support,hospital,,,11.6374143,76.1016819,OpenStreetMap_Overpass,healthcare=hospital,way_center,"{""addr:postcode"": ""673122"", ""addr:street"": ""Kalpetta-Sulthan Bathery Road"", ""amenity"": ""hospital"", ""healthcare"": ""hospital"", ""name"": ""Ayush Ayurveda Hospital, Parakkal""}"
OSM_way_827554982,way,827554982,Amrita Kripa Charitable Hospital,healthcare,medical_support,,hospital,,11.6344902,76.0894876,OpenStreetMap_Overpass,building=hospital,way_center,"{""building"": ""hospital"", ""name"": ""Amrita Kripa Charitable Hospital""}"
OSM_way_827554985,way,827554985,"N.S Hospital, Chundale",healthcare,medical_support,,hospital,,11.574387,76.0583454,OpenStreetMap_Overpass,building=hospital,way_center,"{""addr:city"": ""chundale"", ""addr:postcode"": ""673123"", ""building"": ""hospital"", ""building:levels"": ""1"", ""name"": ""N.S Hospital, Chundale""}"
OSM_way_827554999,way,827554999,Santhigiri Ayurveda & Siddha Hospital,healthcare,medical_support,hospital,,,11.5973804,76.0791152,OpenStreetMap_Overpass,healthcare=hospital,way_center,"{""amenity"": ""hospital"", ""healthcare"": ""hospital"", ""name"": ""Santhigiri Ayurveda & Siddha Hospital""}"
OSM_way_839428998,way,839428998,"ST. Thomas Marthoma School, Chundale",education,relocation_candidate,school,,,11.5742351,76.0558445,OpenStreetMap_Overpass,amenity=school,way_center,"{""Rural_Urban"": ""Rural"", ""School_Category_Description"": ""Pr. Up Pr. and Secondary Only"", ""School_Management_Description"": ""Un-Recognised"", ""addr:block"": ""Vythiri"", ""addr:district"": ""Wayanad"", ""addr:postcode"": ""673123"", ""addr:state"": ""Kerala"", ""addr:village"": ""Chundale"", ""amenity"": ""school"", ""name"": ""ST. Thomas Marthoma School, Chundale""}"
OSM_way_839428999,way,839428999,"ST. Thomas Marthoma School, Chundale",education,relocation_candidate,,school,,11.5743173,76.0557941,OpenStreetMap_Overpass,building=school,way_center,"{""building"": ""school"", ""name"": ""ST. Thomas Marthoma School, Chundale""}"
OSM_way_839463751,way,839463751,"De Paul Public School, Kalpetta",education,relocation_candidate,,school,,11.6007652,76.0811932,OpenStreetMap_Overpass,building=school,way_center,"{""Rural_Urban"": ""Urban"", ""School_Category_Description"": ""Pr. with Up.Pr. sec. and H.Sec."", ""School_Management_Description"": ""Pvt. Unaided"", ""addr:block"": ""Vythiri"", ""addr:district"": ""Wayanad"", ""addr:postcode"": ""673121"", ""addr:state"": ""Kerala"", ""addr:village"": ""Kalpetta"", ""building"": ""school"", ""name"": ""De Paul Public School, Kalpetta"", ""wikidata"": ""Q64522797""}"
OSM_way_839465088,way,839465088,"Kendriya Vidyalaya, Kalpetta",education,relocation_candidate,school,,,11.6130632,76.0707976,OpenStreetMap_Overpass,amenity=school,way_center,"{""Rural_Urban"": ""Urban"", ""School_Category_Description"": ""Pr. with Up.Pr. sec. and H.Sec."", ""School_Management_Description"": ""Central Govt."", ""addr:block"": ""Vythiri"", ""addr:district"": ""Wayanad"", ""addr:postcode"": ""673121"", ""addr:state"": ""Kerala"", ""addr:village"": ""Kalpetta"", ""amenity"": ""school"", ""brand"": ""Kendriya Vidyalaya"", ""brand:wikidata"": ""Q1156653"", ""brand:wikipedia"": ""en:Kendriya Vidyalaya"", ""name"": ""Kendriya Vidyalaya, Kalpetta"", ""operator:type"": ""government_non_profit"", ""wikidata"": ""Q64522799""}"
OSM_way_839466344,way,839466344,"MCF Public School, Kalpetta",education,relocation_candidate,,school,,11.6139,76.0877653,OpenStreetMap_Overpass,building=school,way_center,"{""Rural_Urban"": ""Urban"", ""School_Category_Description"": ""Pr. Up Pr. and Secondary Only"", ""School_Management_Description"": ""Pvt. Unaided"", ""addr:block"": ""Vythiri"", ""addr:district"": ""Wayanad"", ""addr:postcode"": ""673121"", ""addr:state"": ""Kerala"", ""addr:village"": ""Kalpetta"", ""building"": ""school"", ""name"": ""MCF Public School, Kalpetta"", ""wikidata"": ""Q64522308""}"
OSM_way_839468865,way,839468865,"HIM Upper Primary School, Kalpetta",education,relocation_candidate,school,,,11.6118916,76.0824092,OpenStreetMap_Overpass,amenity=school,way_center,"{""Rural_Urban"": ""Urban"", ""School_Category_Description"": ""Primary with Upper Primary"", ""School_Management_Description"": ""Pvt. Aided"", ""addr:block"": ""Vythiri"", ""addr:district"": ""Wayanad"", ""addr:postcode"": ""673121"", ""addr:state"": ""Kerala"", ""addr:village"": ""Kalpetta"", ""amenity"": ""school"", ""name"": ""HIM Upper Primary School, Kalpetta""}"
OSM_way_839468866,way,839468866,"HIM Upper Primary School, Kalpetta",education,relocation_candidate,,school,,11.61185,76.0824076,OpenStreetMap_Overpass,building=school,way_center,"{""building"": ""school"", ""name"": ""HIM Upper Primary School, Kalpetta""}"
OSM_way_839473130,way,839473130,"Azar Lower Primary School, Pulpara",education,relocation_candidate,school,,,11.6028975,76.0920369,OpenStreetMap_Overpass,amenity=school,way_center,"{""Rural_Urban"": ""Urban"", ""School_Category_Description"": ""Primary"", ""School_Management_Description"": ""Pvt. Aided"", ""addr:block"": ""Vythiri"", ""addr:district"": ""Wayanad"", ""addr:postcode"": ""673121"", ""addr:state"": ""Kerala"", ""addr:village"": ""Kalpetta"", ""amenity"": ""school"", ""name"": ""Azar Lower Primary School, Pulpara""}"
OSM_way_839473131,way,839473131,"Azar Lower Primary School, Pulpara",education,relocation_candidate,,school,,11.6029173,76.0919752,OpenStreetMap_Overpass,building=school,way_center,"{""building"": ""school"", ""name"": ""Azar Lower Primary School, Pulpara""}"
OSM_way_839474166,way,839474166,"Apjsa Lower Primary School Kottapadi, Wayanad",education,relocation_candidate,,school,,11.5748907,76.0951368,OpenStreetMap_Overpass,building=school,way_center,"{""Rural_Urban"": ""Rural"", ""School_Category_Description"": ""Primary"", ""School_Management_Description"": ""Pvt. Aided"", ""addr:block"": ""Vythiri"", ""addr:district"": ""Wayanad"", ""addr:postcode"": ""673123"", ""addr:state"": ""Kerala"", ""addr:village"": ""Kottappadi"", ""building"": ""school"", ""name"": ""Apjsa Lower Primary School Kottapadi, Wayanad""}"
OSM_way_839475628,way,839475628,"Government Upper Primary School, Cottanad",education,relocation_candidate,school,,,11.5713702,76.1092344,OpenStreetMap_Overpass,amenity=school,way_center,"{""Rural_Urban"": ""Rural"", ""School_Category_Description"": ""Primary with Upper Primary"", ""School_Management_Description"": ""Department of Education"", ""addr:block"": ""Vythiri"", ""addr:district"": ""Wayanad"", ""addr:postcode"": ""673577"", ""addr:state"": ""Kerala"", ""addr:village"": ""Kottappadi"", ""amenity"": ""school"", ""name"": ""Government Upper Primary School, Cottanad""}"
OSM_way_839475629,way,839475629,"Government U P School, Cottanad",education,relocation_candidate,,school,,11.5713111,76.1092344,OpenStreetMap_Overpass,building=school,way_center,"{""addr:city"": ""Cottanad Meppadi"", ""addr:housenumber"": ""Govt U P School, Cottanad"", ""addr:postcode"": ""673577"", ""addr:street"": ""Calicut - Vythiri - Gudalur Road"", ""building"": ""school"", ""contact:email"": ""gupscottanad@gmail.com"", ""name"": ""Government U P School, Cottanad"", ""phone"": ""+91-4936281198"", ""polling_station"": ""yes"", ""website"": ""https://schoolwiki.in/index.php?title=%E0%B4%9C%E0%B4%BF_%E0%B4%AF%E0%B5%81_%E0%B4%AA%E0%B4%BF_%E0%B4%8E%E0%B4%B8%E0%B5%8D_%E0%B4%95%E0%B5%8B%E0%B4%9F%E0%B5%8D%E0%B4%9F%E0%B4%A8%E0%B4%BE%E0%B4%9F%E0%B5%8D&%2F15248=""}"
OSM_way_839481204,way,839481204,"Government Upper Primary School, Erumakkoly",education,relocation_candidate,school,,,11.5517485,76.1061902,OpenStreetMap_Overpass,amenity=school,way_center,"{""Rural_Urban"": ""Rural"", ""School_Category_Description"": ""Primary with Upper Primary"", ""School_Management_Description"": ""Department of Education"", ""addr:block"": ""Vythiri"", ""addr:district"": ""Wayanad"", ""addr:postcode"": ""673577"", ""addr:state"": ""Kerala"", ""addr:village"": ""Kottappadi"", ""amenity"": ""school"", ""name"": ""Government Upper Primary School, Erumakkoly"", ""wikidata"": ""Q64522354""}"
OSM_way_839481205,way,839481205,"Government Upper Primary School, Erumakkoly",education,relocation_candidate,,school,,11.5518159,76.1056899,OpenStreetMap_Overpass,building=school,way_center,"{""building"": ""school"", ""name"": ""Government Upper Primary School, Erumakkoly""}"
OSM_way_839606610,way,839606610,Alternate Jaihind Colony - I,education,relocation_candidate,school,,,11.5829185,76.1432272,OpenStreetMap_Overpass,amenity=school,way_center,"{""Rural_Urban"": ""Rural"", ""School_Category_Description"": ""Primary"", ""School_Management_Description"": ""MGLC"", ""addr:block"": ""Vythiri"", ""addr:district"": ""Wayanad"", ""addr:postcode"": ""673577"", ""addr:state"": ""Kerala"", ""addr:village"": ""Mooppainad"", ""amenity"": ""school"", ""name"": ""Alternate Jaihind Colony - I"", ""wikidata"": ""Q64522500""}"
OSM_way_839607214,way,839607214,"S Lakshmi V Nikethan,Thrikkaippetta",education,relocation_candidate,school,,,11.5982382,76.1320213,OpenStreetMap_Overpass,amenity=school,way_center,"{""Rural_Urban"": ""Rural"", ""School_Category_Description"": ""Primary"", ""School_Management_Description"": ""Pvt. Unaided"", ""addr:block"": ""Vythiri"", ""addr:district"": ""Wayanad"", ""addr:postcode"": ""673577"", ""addr:state"": ""Kerala"", ""addr:village"": ""Thrikkaippetta"", ""amenity"": ""school"", ""name"": ""S Lakshmi V Nikethan,Thrikkaippetta"", ""wikidata"": ""Q64522642""}"
OSM_way_839714418,way,839714418,"Government High School, Thrikkaipatta",education,relocation_candidate,school,,,11.603072,76.1321886,OpenStreetMap_Overpass,amenity=school,way_center,"{""Rural_Urban"": ""Rural"", ""School_Category_Description"": ""Pr. Up Pr. and Secondary Only"", ""School_Management_Description"": ""Department of Education"", ""addr:block"": ""Vythiri"", ""addr:district"": ""Wayanad"", ""addr:postcode"": ""673577"", ""addr:state"": ""Kerala"", ""addr:village"": ""Thrikkaipatta"", ""amenity"": ""school"", ""name"": ""Government High School, Thrikkaipatta""}"
OSM_way_839721712,way,839721712,AUPS Vazhavatta,education,relocation_candidate,school,,,11.6125343,76.1531226,OpenStreetMap_Overpass,amenity=school,way_center,"{""Rural_Urban"": ""Rural"", ""School_Category_Description"": ""Primary with Upper Primary"", ""School_Management_Description"": ""Pvt. Aided"", ""addr:block"": ""Sulthan Bathery"", ""addr:district"": ""Wayanad"", ""addr:postcode"": ""673122"", ""addr:state"": ""Kerala"", ""addr:village"": ""Muttil South"", ""amenity"": ""school"", ""name"": ""AUPS Vazhavatta"", ""wikidata"": ""Q64522252""}"
OSM_way_839722614,way,839722614,"St Sebastian's Lower Primary School, Vazhavatta",education,relocation_candidate,school,,,11.6177784,76.1641894,OpenStreetMap_Overpass,amenity=school,way_center,"{""Rural_Urban"": ""Rural"", ""School_Category_Description"": ""Primary"", ""School_Management_Description"": ""Pvt. Aided"", ""addr:block"": ""Sulthan Bathery"", ""addr:district"": ""Wayanad"", ""addr:postcode"": ""673122"", ""addr:state"": ""Kerala"", ""addr:village"": ""Muttil South"", ""amenity"": ""school"", ""name"": ""St Sebastian's Lower Primary School, Vazhavatta""}"
OSM_way_839722615,way,839722615,"St. Sebastian's Lower Primary School, Vazhavatta",education,relocation_candidate,,school,,11.617728,76.1641009,OpenStreetMap_Overpass,building=school,way_center,"{""building"": ""school"", ""name"": ""St. Sebastian's Lower Primary School, Vazhavatta""}"
OSM_way_839723354,way,839723354,"Government High School, Nellarchal",education,relocation_candidate,school,,,11.5961513,76.1821011,OpenStreetMap_Overpass,amenity=school,way_center,"{""Rural_Urban"": ""Rural"", ""School_Category_Description"": ""Pr. Up Pr. and Secondary Only"", ""School_Management_Description"": ""Department of Education"", ""addr:block"": ""Sulthan Bathery"", ""addr:district"": ""Wayanad"", ""addr:postcode"": ""673593"", ""addr:state"": ""Kerala"", ""addr:village"": ""Thomattuchal"", ""amenity"": ""school"", ""name"": ""Government High School, Nellarchal""}"
OSM_way_839723355,way,839723355,"Government High School, Nellarchal",education,relocation_candidate,,school,,11.5965112,76.1821413,OpenStreetMap_Overpass,building=school,way_center,"{""building"": ""school"", ""name"": ""Government High School, Nellarchal""}"
OSM_way_839737572,way,839737572,"Government Lower Primary School, Puttad",education,relocation_candidate,school,,,11.5757023,76.1887933,OpenStreetMap_Overpass,amenity=school,way_center,"{""Rural_Urban"": ""Rural"", ""School_Category_Description"": ""Primary"", ""School_Management_Description"": ""Department of Education"", ""addr:block"": ""Sulthan Bathery"", ""addr:district"": ""Wayanad"", ""addr:postcode"": ""673577"", ""addr:state"": ""Kerala"", ""addr:village"": ""Thomattuchal"", ""amenity"": ""school"", ""name"": ""Government Lower Primary School, Puttad""}"
OSM_way_839742128,way,839742128,"Government Lower Primary School, Kadalmad",education,relocation_candidate,school,,,11.5635623,76.2004313,OpenStreetMap_Overpass,amenity=school,way_center,"{""Rural_Urban"": ""Rural"", ""School_Category_Description"": ""Primary"", ""School_Management_Description"": ""Department of Education"", ""addr:block"": ""Sulthan Bathery"", ""addr:district"": ""Wayanad"", ""addr:postcode"": ""673581"", ""addr:state"": ""Kerala"", ""addr:village"": ""Thomattuchal"", ""amenity"": ""school"", ""name"": ""Government Lower Primary School, Kadalmad"", ""wikidata"": ""Q64522164""}"
OSM_way_839742129,way,839742129,"Government Lower Primary School, Kadalmad",education,relocation_candidate,,school,,11.5635649,76.2004541,OpenStreetMap_Overpass,building=school,way_center,"{""addr:postcode"": ""673581"", ""addr:street"": ""KADALMAD"", ""building"": ""school"", ""name"": ""Government Lower Primary School, Kadalmad""}"
OSM_way_839743560,way,839743560,"Alternate School, Kambalakolly",education,relocation_candidate,school,,,11.5578139,76.2089936,OpenStreetMap_Overpass,amenity=school,way_center,"{""Rural_Urban"": ""Rural"", ""School_Category_Description"": ""Primary"", ""School_Management_Description"": ""MGLC"", ""addr:block"": ""Sulthan Bathery"", ""addr:district"": ""Wayanad"", ""addr:postcode"": ""673581"", ""addr:state"": ""Kerala"", ""addr:village"": ""Thomattuchal"", ""amenity"": ""school"", ""name"": ""Alternate School, Kambalakolly"", ""wikidata"": ""Q64521975""}"
OSM_way_839749156,way,839749156,"Auxilium School, Vaduvanchal",education,relocation_candidate,school,,,11.5591368,76.223066,OpenStreetMap_Overpass,amenity=school,way_center,"{""Rural_Urban"": ""Rural"", ""School_Category_Description"": ""Pr. Up Pr. and Secondary Only"", ""School_Management_Description"": ""Pvt. Unaided"", ""addr:block"": ""Sulthan Bathery"", ""addr:district"": ""Wayanad"", ""addr:postcode"": ""673581"", ""addr:state"": ""Kerala"", ""addr:village"": ""Thomattuchal"", ""amenity"": ""school"", ""name"": ""Auxilium School, Vaduvanchal"", ""wikidata"": ""Q64522091""}"
OSM_way_839749157,way,839749157,"Auxilium School, Vaduvanchal",education,relocation_candidate,,school,,11.5592603,76.2234656,OpenStreetMap_Overpass,building=school,way_center,"{""building"": ""school"", ""name"": ""Auxilium School, Vaduvanchal""}"
OSM_way_839750809,way,839750809,"Government High School, Vaduvanchal",education,relocation_candidate,school,,,11.5695677,76.2186752,OpenStreetMap_Overpass,amenity=school,way_center,"{""Rural_Urban"": ""Rural"", ""School_Category_Description"": ""Pr. with Up.Pr. sec. and H.Sec."", ""School_Management_Description"": ""Department of Education"", ""addr:block"": ""Sulthan Bathery"", ""addr:district"": ""Wayanad"", ""addr:postcode"": ""673581"", ""addr:state"": ""Kerala"", ""addr:village"": ""Thomattuchal"", ""amenity"": ""school"", ""name"": ""Government High School, Vaduvanchal""}"
OSM_way_839751194,way,839751194,Sree Chinmaya Vidhya Mandiram,education,relocation_candidate,school,,,11.5712925,76.2204143,OpenStreetMap_Overpass,amenity=school,way_center,"{""Rural_Urban"": ""Rural"", ""School_Category_Description"": ""Primary with Upper Primary"", ""School_Management_Description"": ""Pvt. Unaided"", ""addr:block"": ""Sulthan Bathery"", ""addr:district"": ""Wayanad"", ""addr:postcode"": ""673581"", ""addr:state"": ""Kerala"", ""addr:village"": ""Thomattuchal"", ""amenity"": ""school"", ""name"": ""Sree Chinmaya Vidhya Mandiram""}"
OSM_way_839753319,way,839753319,"Alternate School, Pambala",education,relocation_candidate,school,,,11.5700209,76.2286362,OpenStreetMap_Overpass,amenity=school,way_center,"{""Rural_Urban"": ""Rural"", ""School_Category_Description"": ""Primary"", ""School_Management_Description"": ""MGLC"", ""addr:block"": ""Sulthan Bathery"", ""addr:district"": ""Wayanad"", ""addr:postcode"": ""673593"", ""addr:state"": ""Kerala"", ""addr:village"": ""Ambalavayal"", ""amenity"": ""school"", ""name"": ""Alternate School, Pambala"", ""wikidata"": ""Q64522263""}"
OSM_way_839753904,way,839753904,"Aiswarya Vidyamandiram, Karadippara",education,relocation_candidate,,school,,11.5787804,76.2388715,OpenStreetMap_Overpass,building=school,way_center,"{""Rural_Urban"": ""Rural"", ""School_Category_Description"": ""Primary with Upper Primary"", ""School_Management_Description"": ""Pvt. Unaided"", ""addr:block"": ""Sulthan Bathery"", ""addr:district"": ""Wayanad"", ""addr:postcode"": ""673593"", ""addr:state"": ""Kerala"", ""addr:village"": ""Thomattuchal"", ""building"": ""school"", ""name"": ""Aiswarya Vidyamandiram, Karadippara""}"
OSM_way_839754370,way,839754370,"Government Lower Primary School, Andoor",education,relocation_candidate,school,,,11.5911779,76.2202094,OpenStreetMap_Overpass,amenity=school,way_center,"{""Rural_Urban"": ""Rural"", ""School_Category_Description"": ""Primary"", ""School_Management_Description"": ""Department of Education"", ""addr:block"": ""Sulthan Bathery"", ""addr:district"": ""Wayanad"", ""addr:postcode"": ""673581"", ""addr:state"": ""Kerala"", ""addr:village"": ""Thomattuchal"", ""amenity"": ""school"", ""name"": ""Government Lower Primary School, Andoor""}"
OSM_way_839754371,way,839754371,"Government Lower Primary School, Andoor",education,relocation_candidate,,school,,11.591124,76.2201477,OpenStreetMap_Overpass,building=school,way_center,"{""addr:city"": ""VADUVANCHAL"", ""addr:housenumber"": ""GLPSANDOOR"", ""addr:postcode"": ""673581"", ""addr:street"": ""ANDOOR"", ""building"": ""school"", ""building:levels"": ""0"", ""description"": ""1955നവംബറിൽ ഈ സ്കൂള്‍ സ്ഥാപിതമായി.\nഒന്നുമുതൽ നാലുവരെ ക്ലാസുകള്‍ പ്രവര്‍ത്തിക്കുന്നു"", ""height"": ""0"", ""name"": ""Government Lower Primary School, Andoor"", ""roof:colour"": ""blue"", ""start_date"": ""1955""}"
OSM_way_839755912,way,839755912,Isma Crescent Public School,education,relocation_candidate,school,,,11.6177105,76.2012521,OpenStreetMap_Overpass,amenity=school,way_center,"{""Rural_Urban"": ""Rural"", ""School_Category_Description"": ""Primary with Upper Primary"", ""School_Management_Description"": ""Pvt. Unaided"", ""addr:block"": ""Sulthan Bathery"", ""addr:district"": ""Wayanad"", ""addr:postcode"": ""673593"", ""addr:state"": ""Kerala"", ""addr:village"": ""Ambalavayal"", ""amenity"": ""school"", ""name"": ""Isma Crescent Public School"", ""wikidata"": ""Q64522267""}"
OSM_way_839755913,way,839755913,Isma Crescent Public School,education,relocation_candidate,,school,,11.6179969,76.2014626,OpenStreetMap_Overpass,building=school,way_center,"{""building"": ""school"", ""name"": ""Isma Crescent Public School""}"
OSM_way_839757081,way,839757081,Sree Vyasa Vidya Mandiram,education,relocation_candidate,school,,,11.6184667,76.2167436,OpenStreetMap_Overpass,amenity=school,way_center,"{""addr:block"": ""Sulthan Bathery"", ""addr:district"": ""Wayanad"", ""addr:postcode"": ""673593"", ""addr:state"": ""Kerala"", ""addr:village"": ""Ambalavayal"", ""amenity"": ""school"", ""name"": ""Sree Vyasa Vidya Mandiram"", ""operator:type"": ""Pvt. Unaided"", ""school"": ""Primary with Upper Primary"", ""wikidata"": ""Q64522270""}"
OSM_way_839858295,way,839858295,"Govrnment Lower Primary School, Malika",education,relocation_candidate,school,,,11.6007638,76.2280846,OpenStreetMap_Overpass,amenity=school,way_center,"{""Rural_Urban"": ""Rural"", ""School_Category_Description"": ""Primary"", ""School_Management_Description"": ""Department of Education"", ""addr:block"": ""Sulthan Bathery"", ""addr:district"": ""Wayanad"", ""addr:postcode"": ""673593"", ""addr:state"": ""Kerala"", ""addr:village"": ""Nenmeni"", ""amenity"": ""school"", ""name"": ""Govrnment Lower Primary School, Malika"", ""wikidata"": ""Q64522521""}"
OSM_way_839858296,way,839858296,"Govrnment Lower Primary School, Malika",education,relocation_candidate,,school,,11.6009233,76.2282036,OpenStreetMap_Overpass,building=school,way_center,"{""building"": ""school"", ""name"": ""Govrnment Lower Primary School, Malika""}"
OSM_way_839859786,way,839859786,"Government Lower Primary School, Ambukuthy",education,relocation_candidate,school,,,11.6215016,76.2433001,OpenStreetMap_Overpass,amenity=school,way_center,"{""Rural_Urban"": ""Rural"", ""School_Category_Description"": ""Primary"", ""School_Management_Description"": ""Department of Education"", ""addr:block"": ""Sulthan Bathery"", ""addr:district"": ""Wayanad"", ""addr:postcode"": ""673592"", ""addr:state"": ""Kerala"", ""addr:village"": ""Nenmeni"", ""amenity"": ""school"", ""name"": ""Government Lower Primary School, Ambukuthy""}"
OSM_way_839859787,way,839859787,"Government Lower Primary School, Ambukuthy",education,relocation_candidate,,school,,11.621623,76.2434313,OpenStreetMap_Overpass,building=school,way_center,"{""building"": ""school"", ""name"": ""Government Lower Primary School, Ambukuthy""}"
OSM_way_839861530,way,839861530,Mercy Home Special School For Mentally Challenged,education,relocation_candidate,,school,,11.5980484,76.2375892,OpenStreetMap_Overpass,building=school,way_center,"{""Rural_Urban"": ""Rural"", ""School_Category_Description"": ""Secondary Only"", ""School_Management_Description"": ""Pvt. Unaided"", ""addr:block"": ""Sulthan Bathery"", ""addr:district"": ""Wayanad"", ""addr:postcode"": ""673592"", ""addr:state"": ""Kerala"", ""addr:village"": ""Nenmeni"", ""building"": ""school"", ""name"": ""Mercy Home Special School For Mentally Challenged""}"
OSM_way_839881923,way,839881923,"St. Joseph's Upper Primary School, Meppadi",education,relocation_candidate,school,,,11.5526326,76.1370873,OpenStreetMap_Overpass,amenity=school,way_center,"{""Rural_Urban"": ""Rural"", ""School_Category_Description"": ""Primary with Upper Primary"", ""School_Management_Description"": ""Pvt. Aided"", ""addr:block"": ""Vythiri"", ""addr:district"": ""Wayanad"", ""addr:postcode"": ""673577"", ""addr:state"": ""Kerala"", ""addr:village"": ""Mooppainad"", ""amenity"": ""school"", ""name"": ""St. Joseph's Upper Primary School, Meppadi"", ""wikidata"": ""Q64522346""}"
OSM_way_839882452,way,839882452,"St.Joseph Girls High School, Meppadi",education,relocation_candidate,school,,,11.5523619,76.1380475,OpenStreetMap_Overpass,amenity=school,way_center,"{""Rural_Urban"": ""Rural"", ""School_Category_Description"": ""Secondary with Higher Secondary"", ""School_Management_Description"": ""Pvt. Aided"", ""addr:block"": ""Vythiri"", ""addr:district"": ""Wayanad"", ""addr:postcode"": ""673577"", ""addr:state"": ""Kerala"", ""addr:village"": ""Kottappadi"", ""amenity"": ""school"", ""name"": ""St.Joseph Girls High School, Meppadi""}"
OSM_way_839882734,way,839882734,"Mount Tabor English School, Meppadi",education,relocation_candidate,school,,,11.5533789,76.1383747,OpenStreetMap_Overpass,amenity=school,way_center,"{""Rural_Urban"": ""Rural"", ""School_Category_Description"": ""Pr. Up Pr. and Secondary Only"", ""School_Management_Description"": ""Pvt. Unaided"", ""addr:block"": ""Vythiri"", ""addr:district"": ""Wayanad"", ""addr:postcode"": ""673577"", ""addr:state"": ""Kerala"", ""addr:village"": ""Kottappadi"", ""amenity"": ""school"", ""name"": ""Mount Tabor English School, Meppadi""}"
OSM_way_839884005,way,839884005,"WMO English Medium School, Meppadi",education,relocation_candidate,school,,,11.5546627,76.1301269,OpenStreetMap_Overpass,amenity=school,way_center,"{""Rural_Urban"": ""Rural"", ""School_Category_Description"": ""Pr. Up Pr. and Secondary Only"", ""School_Management_Description"": ""Un-Recognised"", ""addr:block"": ""Vythiri"", ""addr:district"": ""Wayanad"", ""addr:postcode"": ""673577"", ""addr:state"": ""Kerala"", ""addr:village"": ""Kottappadi"", ""amenity"": ""school"", ""name"": ""WMO English Medium School, Meppadi"", ""wikidata"": ""Q64522368""}"
OSM_way_839911667,way,839911667,"Government Higher Secondary School, Meppadi",education,relocation_candidate,school,,,11.5602607,76.1307309,OpenStreetMap_Overpass,amenity=school,way_center,"{""Rural_Urban"": ""Rural"", ""School_Category_Description"": ""Up. Pr. Secondary and Higher Sec"", ""School_Management_Description"": ""Department of Education"", ""addr:block"": ""Vythiri"", ""addr:district"": ""Wayanad"", ""addr:postcode"": ""673577"", ""addr:state"": ""Kerala"", ""addr:village"": ""Kottappadi"", ""amenity"": ""school"", ""name"": ""Government Higher Secondary School, Meppadi"", ""wikidata"": ""Q64522360""}"
OSM_way_839912278,way,839912278,"Government Lower Primary Scool, Meppadi",education,relocation_candidate,school,,,11.5611753,76.1303808,OpenStreetMap_Overpass,amenity=school,way_center,"{""Rural_Urban"": ""Rural"", ""School_Category_Description"": ""Primary"", ""School_Management_Description"": ""Department of Education"", ""addr:block"": ""Vythiri"", ""addr:district"": ""Wayanad"", ""addr:postcode"": ""673577"", ""addr:state"": ""Kerala"", ""addr:village"": ""Kottappadi"", ""amenity"": ""school"", ""name"": ""Government Lower Primary Scool, Meppadi"", ""wikidata"": ""Q64522355""}"
OSM_way_840086365,way,840086365,Ideal English School Bathery,education,relocation_candidate,,school,,11.6582038,76.2444403,OpenStreetMap_Overpass,building=school,way_center,"{""building"": ""school"", ""name"": ""Ideal English School Bathery""}"
OSM_way_840086366,way,840086366,Ideal English School Bathery,education,relocation_candidate,,school,,11.6579708,76.2443804,OpenStreetMap_Overpass,building=school,way_center,"{""building"": ""school"", ""name"": ""Ideal English School Bathery""}"
OSM_way_840086367,way,840086367,Ideal English School Bathery,education,relocation_candidate,school,,,11.6577857,76.2444385,OpenStreetMap_Overpass,amenity=school,way_center,"{""addr:block"": ""Sulthan Bathery"", ""addr:district"": ""Wayanad"", ""addr:postcode"": ""673592"", ""addr:state"": ""Kerala"", ""addr:village"": ""Sulthan Bathery"", ""amenity"": ""school"", ""name"": ""Ideal English School Bathery"", ""wikidata"": ""Q64522060""}"
OSM_way_840088014,way,840088014,Government Lower Primary School Poomala,education,relocation_candidate,school,,,11.6499922,76.2499269,OpenStreetMap_Overpass,amenity=school,way_center,"{""addr:block"": ""Sulthan Bathery"", ""addr:district"": ""Wayanad"", ""addr:postcode"": ""673592"", ""addr:state"": ""Kerala"", ""addr:village"": ""Sulthan Bathery"", ""amenity"": ""school"", ""name"": ""Government Lower Primary School Poomala"", ""operator"": ""government"", ""operator:type"": ""government""}"
OSM_way_840093764,way,840093764,St Rossello's Central School,education,relocation_candidate,school,,,11.6453355,76.2498788,OpenStreetMap_Overpass,amenity=school,way_center,"{""addr:block"": ""Sulthan Bathery"", ""addr:district"": ""Kerala"", ""addr:postcode"": ""673592"", ""addr:state"": ""Wayanad"", ""addr:village"": ""Sulthan Bathery"", ""amenity"": ""school"", ""name"": ""St Rossello's Central School""}"
OSM_way_840095655,way,840095655,St rossellos School HSS,education,relocation_candidate,,school,,11.6449458,76.2500778,OpenStreetMap_Overpass,building=school,way_center,"{""building"": ""school"", ""name"": ""St rossellos School HSS""}"
OSM_way_840095656,way,840095656,St.Rosello's School For S And H Poomala,education,relocation_candidate,school,,,11.6445583,76.250181,OpenStreetMap_Overpass,amenity=school,way_center,"{""addr:block"": ""Sulthan Bathery"", ""addr:district"": ""Wayanad"", ""addr:postcode"": ""673592"", ""addr:state"": ""Kerala"", ""addr:village"": ""Sulthan Bathery"", ""amenity"": ""school"", ""name"": ""St.Rosello's School For S And H Poomala""}"
OSM_way_840411613,way,840411613,Government High School Beenachi,education,relocation_candidate,,school,,11.6623519,76.2345766,OpenStreetMap_Overpass,building=school,way_center,"{""building"": ""school"", ""name"": ""Government High School Beenachi""}"
OSM_way_840411614,way,840411614,Government High School Beenachi,education,relocation_candidate,,school,,11.6623987,76.2348315,OpenStreetMap_Overpass,building=school,way_center,"{""building"": ""school"", ""name"": ""Government High School Beenachi""}"
OSM_way_841583657,way,841583657,GLPS Edakkal,education,relocation_candidate,,school,,11.6231456,76.2284408,OpenStreetMap_Overpass,building=school,way_center,"{""addr:city"": ""ambalavayal"", ""addr:housenumber"": ""667"", ""addr:postcode"": ""673593"", ""addr:street"": ""edakkal"", ""building"": ""school"", ""building:levels"": ""0"", ""name"": ""GLPS Edakkal""}"
OSM_way_841583658,way,841583658,Government Lower Primary School Edakkal,education,relocation_candidate,school,,,11.623194,76.2284763,OpenStreetMap_Overpass,amenity=school,way_center,"{""addr:block"": ""Sulthan Bathery"", ""addr:district"": ""Wayanad"", ""addr:postcode"": ""673593"", ""addr:state"": ""Kerala"", ""addr:village"": ""Nenmeni"", ""amenity"": ""school"", ""name"": ""Government Lower Primary School Edakkal""}"
OSM_way_841585374,way,841585374,glps ambalavayal,education,relocation_candidate,,school,,11.6219704,76.2145345,OpenStreetMap_Overpass,building=school,way_center,"{""building"": ""school"", ""name"": ""glps ambalavayal""}"
OSM_way_841585375,way,841585375,,education,relocation_candidate,,school,,11.6217438,76.2125393,OpenStreetMap_Overpass,building=school,way_center,"{""building"": ""school""}"
OSM_way_841585376,way,841585376,,education,relocation_candidate,,school,,11.6216779,76.2121705,OpenStreetMap_Overpass,building=school,way_center,"{""building"": ""school""}"
OSM_way_841585377,way,841585377,,education,relocation_candidate,,school,,11.6216914,76.2118897,OpenStreetMap_Overpass,building=school,way_center,"{""building"": ""school""}"
OSM_way_841585378,way,841585378,,education,relocation_candidate,,school,,11.622029,76.2119204,OpenStreetMap_Overpass,building=school,way_center,"{""building"": ""school""}"
OSM_way_841585379,way,841585379,,education,relocation_candidate,,school,,11.6217609,76.2116143,OpenStreetMap_Overpass,building=school,way_center,"{""building"": ""school""}"
OSM_way_841585380,way,841585380,,education,relocation_candidate,,school,,11.622158,76.2115118,OpenStreetMap_Overpass,building=school,way_center,"{""building"": ""school""}"
OSM_way_841588781,way,841588781,Government Lower Primary school Cheengeri,education,relocation_candidate,school,,,11.6430086,76.2146472,OpenStreetMap_Overpass,amenity=school,way_center,"{""addr:block"": ""Sulthan Bathery"", ""addr:district"": ""Wayanad"", ""addr:postcode"": ""673591"", ""addr:state"": ""Kerala"", ""addr:village"": ""Ambalavayal"", ""amenity"": ""school"", ""name"": ""Government Lower Primary school Cheengeri""}"
OSM_way_841588782,way,841588782,,education,relocation_candidate,,school,,11.6429604,76.2145736,OpenStreetMap_Overpass,building=school,way_center,"{""building"": ""school""}"
OSM_way_841591438,way,841591438,Office Building,education,relocation_candidate,,school,,11.6582502,76.2091118,OpenStreetMap_Overpass,building=school,way_center,"{""addr:city"": ""SULTHAN BATHERY"", ""addr:postcode"": ""673591"", ""addr:street"": ""KOLAGAPPARA"", ""building"": ""school"", ""height"": ""3"", ""name"": ""Office Building""}"
OSM_way_841591439,way,841591439,,education,relocation_candidate,,school,,11.6584261,76.2091792,OpenStreetMap_Overpass,building=school,way_center,"{""building"": ""school""}"
OSM_way_841591440,way,841591440,Government Upper Primary School Kolagappara,education,relocation_candidate,school,,,11.6582543,76.2092356,OpenStreetMap_Overpass,amenity=school,way_center,"{""addr:block"": ""Sulthan Bathery"", ""addr:district"": ""Wayanad"", ""addr:postcode"": ""673591"", ""addr:state"": ""Kerala"", ""addr:village"": ""Krishnagiri"", ""amenity"": ""school"", ""grades"": ""1-7"", ""name"": ""Government Upper Primary School Kolagappara"", ""operator"": ""Government""}"
OSM_way_841603233,way,841603233,,education,relocation_candidate,,school,,11.680952,76.1822398,OpenStreetMap_Overpass,building=school,way_center,"{""building"": ""school""}"
OSM_way_841603234,way,841603234,A N M Upper primary School Gokalenagar,education,relocation_candidate,school,,,11.6807479,76.1827058,OpenStreetMap_Overpass,amenity=school,way_center,"{""addr:block"": ""Sulthan Bathery"", ""addr:district"": ""Wayanad"", ""addr:postcode"": ""673591"", ""addr:state"": ""Kerala"", ""addr:village"": ""Krishnagiri"", ""amenity"": ""school"", ""name"": ""A N M Upper primary School Gokalenagar""}"
OSM_way_841604263,way,841604263,,education,relocation_candidate,,school,,11.6392172,76.1875927,OpenStreetMap_Overpass,building=school,way_center,"{""building"": ""school""}"
OSM_way_841604264,way,841604264,Mor Basil English School Cheengeri,education,relocation_candidate,school,,,11.6391891,76.1875766,OpenStreetMap_Overpass,amenity=school,way_center,"{""addr:block"": ""Sulthan Bathery"", ""addr:district"": ""Wayanad"", ""addr:postcode"": ""673591"", ""addr:state"": ""Kerala"", ""addr:village"": ""Ambalavayal"", ""amenity"": ""school"", ""name"": ""Mor Basil English School Cheengeri""}"
OSM_way_841606169,way,841606169,,education,relocation_candidate,,school,,11.6401856,76.1871834,OpenStreetMap_Overpass,building=school,way_center,"{""building"": ""school""}"
OSM_way_841606170,way,841606170,,education,relocation_candidate,,school,,11.640024,76.1875136,OpenStreetMap_Overpass,building=school,way_center,"{""building"": ""school""}"
OSM_way_841606171,way,841606171,,education,relocation_candidate,,school,,11.6404713,76.1870685,OpenStreetMap_Overpass,building=school,way_center,"{""building"": ""school""}"
OSM_way_841606172,way,841606172,St.Mary's A Upper Primary School Cheengeri,education,relocation_candidate,school,,,11.640259,76.1871608,OpenStreetMap_Overpass,amenity=school,way_center,"{""addr:block"": ""Sulthan Bathery"", ""addr:district"": ""Wayanad"", ""addr:postcode"": ""673591"", ""addr:state"": ""Kerala"", ""addr:village"": ""Ambalavayal"", ""amenity"": ""school"", ""name"": ""St.Mary's A Upper Primary School Cheengeri""}"
OSM_way_841609186,way,841609186,,education,relocation_candidate,,school,,11.6537351,76.1732324,OpenStreetMap_Overpass,building=school,way_center,"{""building"": ""school""}"
OSM_way_841609187,way,841609187,"Ann's English Medium School, Meenangadi",education,relocation_candidate,school,,,11.6537345,76.1731199,OpenStreetMap_Overpass,amenity=school,way_center,"{""addr:block"": ""Sulthan Bathery"", ""addr:district"": ""Wayanad"", ""addr:postcode"": ""673591"", ""addr:state"": ""Kerala"", ""addr:village"": ""Krishnagiri"", ""amenity"": ""school"", ""name"": ""Ann's English Medium School, Meenangadi"", ""syllabus"": ""CBSE""}"
OSM_way_841613969,way,841613969,,education,relocation_candidate,,school,,11.6593146,76.1731328,OpenStreetMap_Overpass,building=school,way_center,"{""building"": ""school""}"
OSM_way_841613970,way,841613970,,education,relocation_candidate,,school,,11.6588005,76.1731539,OpenStreetMap_Overpass,building=school,way_center,"{""building"": ""school""}"
OSM_way_841678473,way,841678473,,education,relocation_candidate,,school,,11.6642499,76.1674353,OpenStreetMap_Overpass,building=school,way_center,"{""building"": ""school""}"
OSM_way_841678474,way,841678474,,education,relocation_candidate,,school,,11.6640179,76.1672345,OpenStreetMap_Overpass,building=school,way_center,"{""building"": ""school""}"
OSM_way_841678475,way,841678475,,education,relocation_candidate,,school,,11.6638011,76.167412,OpenStreetMap_Overpass,building=school,way_center,"{""building"": ""school""}"
OSM_way_841678476,way,841678476,Govt Higher econdary School Meenangadi,education,relocation_candidate,,school,,11.6634869,76.1670662,OpenStreetMap_Overpass,building=school,way_center,"{""building"": ""school"", ""name"": ""Govt Higher econdary School Meenangadi""}"
OSM_way_841678477,way,841678477,Government Higher Secondary School Meenangadi,education,relocation_candidate,school,,,11.6639416,76.1675888,OpenStreetMap_Overpass,amenity=school,way_center,"{""addr:block"": ""Sulthan bathery"", ""addr:district"": ""Wayanad"", ""addr:postcode"": ""673591"", ""addr:state"": ""Kerala"", ""addr:village"": ""Purakkadi"", ""amenity"": ""school"", ""name"": ""Government Higher Secondary School Meenangadi"", ""wikidata"": ""Q30590097""}"
OSM_way_841682196,way,841682196,,education,relocation_candidate,,school,,11.664018,76.1664767,OpenStreetMap_Overpass,building=school,way_center,"{""building"": ""school""}"
OSM_way_841682197,way,841682197,,education,relocation_candidate,,school,,11.6638285,76.166456,OpenStreetMap_Overpass,building=school,way_center,"{""building"": ""school""}"
OSM_way_841682198,way,841682198,,education,relocation_candidate,,school,,11.6636554,76.1664218,OpenStreetMap_Overpass,building=school,way_center,"{""building"": ""school""}"
OSM_way_841682199,way,841682199,,education,relocation_candidate,,school,,11.6636528,76.1666185,OpenStreetMap_Overpass,building=school,way_center,"{""building"": ""school""}"
OSM_way_841682200,way,841682200,,education,relocation_candidate,,school,,11.6632626,76.1662888,OpenStreetMap_Overpass,building=school,way_center,"{""building"": ""school""}"
OSM_way_841682201,way,841682201,,education,relocation_candidate,,school,,11.6633043,76.1664923,OpenStreetMap_Overpass,building=school,way_center,"{""building"": ""school""}"
OSM_way_841684931,way,841684931,Govt Lower Primary School Kallupady,education,relocation_candidate,,school,,11.6339904,76.149904,OpenStreetMap_Overpass,building=school,way_center,"{""addr:city"": ""KAKKAVAYAL P O"", ""addr:housenumber"": ""GLPS KALLUPADI"", ""addr:postcode"": ""673122"", ""addr:street"": ""KALLUPADI"", ""building"": ""school"", ""height"": ""0"", ""name"": ""Govt Lower Primary School Kallupady""}"
OSM_way_841684932,way,841684932,"Government Lower Primary School, Kallupadi",education,relocation_candidate,school,,,11.6340938,76.1498199,OpenStreetMap_Overpass,amenity=school,way_center,"{""addr:block"": ""Sulthan Bathery"", ""addr:district"": ""Wayanad"", ""addr:postcode"": ""673122"", ""addr:state"": ""Kerala"", ""addr:village"": ""Muttil South"", ""amenity"": ""school"", ""name"": ""Government Lower Primary School, Kallupadi"", ""operator:type"": ""government""}"
OSM_way_841799574,way,841799574,,education,relocation_candidate,,school,,11.6307037,76.1290283,OpenStreetMap_Overpass,building=school,way_center,"{""building"": ""school""}"
OSM_way_841799575,way,841799575,,education,relocation_candidate,,school,,11.6304957,76.1289771,OpenStreetMap_Overpass,building=school,way_center,"{""building"": ""school""}"
OSM_way_841799576,way,841799576,"Government Lower Primary School, Mandad",education,relocation_candidate,school,,,11.6305266,76.1289284,OpenStreetMap_Overpass,amenity=school,way_center,"{""addr:block"": ""Sulthan Bathery"", ""addr:district"": ""Wayanad"", ""addr:postcode"": ""673591"", ""addr:state"": ""Kerala"", ""addr:street"": ""Muttil-Chundale"", ""addr:village"": ""Muttil South"", ""amenity"": ""school"", ""name"": ""Government Lower Primary School, Mandad""}"
OSM_way_841800555,way,841800555,"Government Lower Primary School, Kariampadi",education,relocation_candidate,school,,,11.6782847,76.1343831,OpenStreetMap_Overpass,amenity=school,way_center,"{""addr:block"": ""Sulthan Bathery"", ""addr:city"": ""Karyambadi"", ""addr:district"": ""Wayanad"", ""addr:postcode"": ""673591"", ""addr:state"": ""Kerala"", ""addr:street"": ""Karyambadi_Kenichira Road"", ""addr:village"": ""Muttil South"", ""amenity"": ""school"", ""name"": ""Government Lower Primary School, Kariampadi"", ""operator:type"": ""government""}"
OSM_way_841802092,way,841802092,,education,relocation_candidate,,school,,11.6787536,76.1284015,OpenStreetMap_Overpass,building=school,way_center,"{""building"": ""school""}"
OSM_way_841802093,way,841802093,,education,relocation_candidate,,school,,11.6788786,76.1286462,OpenStreetMap_Overpass,building=school,way_center,"{""building"": ""school""}"
OSM_way_841802094,way,841802094,St.Mary's English Medium School Chomady,education,relocation_candidate,school,,,11.6786227,76.1284455,OpenStreetMap_Overpass,amenity=school,way_center,"{""addr:block"": ""Sulthan Bathery"", ""addr:district"": ""Wayanad"", ""addr:postcode"": ""673591"", ""addr:state"": ""Kerala"", ""addr:village"": ""Muttil South"", ""amenity"": ""school"", ""name"": ""St.Mary's English Medium School Chomady""}"
OSM_way_841803539,way,841803539,,education,relocation_candidate,,school,,11.674143,76.122251,OpenStreetMap_Overpass,building=school,way_center,"{""building"": ""school""}"
OSM_way_841803540,way,841803540,,education,relocation_candidate,,school,,11.6743925,76.1223342,OpenStreetMap_Overpass,building=school,way_center,"{""building"": ""school""}"
OSM_way_841803541,way,841803541,,education,relocation_candidate,,school,,11.6744791,76.1227099,OpenStreetMap_Overpass,building=school,way_center,"{""building"": ""school""}"
OSM_way_841803542,way,841803542,,education,relocation_candidate,,school,,11.6743613,76.1229527,OpenStreetMap_Overpass,building=school,way_center,"{""building"": ""school""}"
OSM_way_841803543,way,841803543,,education,relocation_candidate,,school,,11.6743465,76.1224558,OpenStreetMap_Overpass,building=school,way_center,"{""building"": ""school""}"
OSM_way_841803544,way,841803544,"Government Higher Secondary School, Panamkandy",education,relocation_candidate,school,,,11.6741392,76.1226064,OpenStreetMap_Overpass,amenity=school,way_center,"{""addr:block"": ""Sulthan Bathery"", ""addr:district"": ""Wayanad"", ""addr:postcode"": ""673591"", ""addr:state"": ""Kerala"", ""addr:street"": ""Panamaram_Meenangadi road"", ""addr:village"": ""Muttil South"", ""amenity"": ""school"", ""name"": ""Government Higher Secondary School, Panamkandy"", ""operator:type"": ""government""}"
OSM_way_841807206,way,841807206,,education,relocation_candidate,,school,,11.6351132,76.117411,OpenStreetMap_Overpass,building=school,way_center,"{""building"": ""school""}"
OSM_way_841807207,way,841807207,,education,relocation_candidate,,school,,11.6348115,76.117465,OpenStreetMap_Overpass,building=school,way_center,"{""building"": ""school""}"
OSM_way_841807208,way,841807208,,education,relocation_candidate,,school,,11.634595,76.1177645,OpenStreetMap_Overpass,building=school,way_center,"{""building"": ""school""}"
OSM_way_841807209,way,841807209,,education,relocation_candidate,,school,,11.6346957,76.1173984,OpenStreetMap_Overpass,building=school,way_center,"{""building"": ""school""}"
OSM_way_841807210,way,841807210,"W.M.O English Academy Senior Secondary School, Muttil",education,relocation_candidate,school,,,11.6350406,76.1176581,OpenStreetMap_Overpass,amenity=school,way_center,"{""addr:block"": ""Sulthan Bathery"", ""addr:district"": ""Wayanad"", ""addr:postcode"": ""673122"", ""addr:state"": ""Kerala"", ""addr:street"": ""Muttil-Chundale"", ""addr:village"": ""Muttil South"", ""amenity"": ""school"", ""name"": ""W.M.O English Academy Senior Secondary School, Muttil""}"
OSM_way_841809171,way,841809171,,education,relocation_candidate,,school,,11.6351599,76.1158342,OpenStreetMap_Overpass,building=school,way_center,"{""building"": ""school""}"
OSM_way_841809172,way,841809172,W M O English Academy Muttil,education,relocation_candidate,school,,,11.635165,76.1158134,OpenStreetMap_Overpass,amenity=school,way_center,"{""addr:block"": ""Sulthan Bathery"", ""addr:district"": ""Wayanad"", ""addr:postcode"": ""673122"", ""addr:state"": ""Kerala"", ""addr:village"": ""Muttil South"", ""amenity"": ""school"", ""name"": ""W M O English Academy Muttil"", ""wikidata"": ""Q30590080""}"
OSM_way_841951352,way,841951352,,education,relocation_candidate,,school,,11.640359,76.1179038,OpenStreetMap_Overpass,building=school,way_center,"{""building"": ""school""}"
OSM_way_841951353,way,841951353,Brains Public School Muttil,education,relocation_candidate,school,,,11.6403984,76.1179815,OpenStreetMap_Overpass,amenity=school,way_center,"{""addr:block"": ""Sulthan Bathery"", ""addr:district"": ""Wayanad"", ""addr:postcode"": ""673122"", ""addr:state"": ""Kerala"", ""addr:village"": ""Muttil South"", ""amenity"": ""school"", ""name"": ""Brains Public School Muttil"", ""wikidata"": ""Q64522006""}"
OSM_way_841958852,way,841958852,,education,relocation_candidate,,school,,11.6321266,76.120335,OpenStreetMap_Overpass,building=school,way_center,"{""building"": ""school""}"
OSM_way_841958853,way,841958853,"W O Upper Primary School, Muttil",education,relocation_candidate,school,,,11.63212,76.1203973,OpenStreetMap_Overpass,amenity=school,way_center,"{""addr:block"": ""Sulthan Bathery"", ""addr:city"": ""Muttil"", ""addr:district"": ""Wayanad"", ""addr:postcode"": ""673122"", ""addr:state"": ""Kerala"", ""addr:street"": ""Muttil-Chundale"", ""addr:village"": ""Muttil South"", ""amenity"": ""school"", ""name"": ""W O Upper Primary School, Muttil""}"
OSM_way_841960861,way,841960861,,education,relocation_candidate,,school,,11.6328765,76.1199088,OpenStreetMap_Overpass,building=school,way_center,"{""building"": ""school""}"
OSM_way_841960862,way,841960862,,education,relocation_candidate,,school,,11.6331538,76.1197054,OpenStreetMap_Overpass,building=school,way_center,"{""building"": ""school""}"
OSM_way_841960863,way,841960863,,education,relocation_candidate,,school,,11.63317,76.1200162,OpenStreetMap_Overpass,building=school,way_center,"{""building"": ""school""}"
OSM_way_841960864,way,841960864,,education,relocation_candidate,,school,,11.6325873,76.1201598,OpenStreetMap_Overpass,building=school,way_center,"{""building"": ""school""}"
OSM_way_841960865,way,841960865,W. O School For The Blind And Deaf Muttil,education,relocation_candidate,school,,,11.6328625,76.1199526,OpenStreetMap_Overpass,amenity=school,way_center,"{""addr:block"": ""Sulthan Bathery"", ""addr:district"": ""Wayanad"", ""addr:postcode"": ""673122"", ""addr:state"": ""Kerala"", ""addr:village"": ""Muttil South"", ""amenity"": ""school"", ""name"": ""W. O School For The Blind And Deaf Muttil"", ""wikidata"": ""Q64522003""}"
OSM_way_841961719,way,841961719,,education,relocation_candidate,,school,,11.6363438,76.099379,OpenStreetMap_Overpass,building=school,way_center,"{""building"": ""school""}"
OSM_way_841961720,way,841961720,Government Lower Primary School Edapetty,education,relocation_candidate,school,,,11.6363472,76.099494,OpenStreetMap_Overpass,amenity=school,way_center,"{""addr:block"": ""Sulthan Bathery"", ""addr:district"": ""Wayanad"", ""addr:postcode"": ""673122"", ""addr:state"": ""Kerala"", ""addr:village"": ""Muttil south"", ""amenity"": ""school"", ""name"": ""Government Lower Primary School Edapetty""}"
OSM_way_841963050,way,841963050,,education,relocation_candidate,,school,,11.6520464,76.1033554,OpenStreetMap_Overpass,building=school,way_center,"{""building"": ""school""}"
OSM_way_841963051,way,841963051,,education,relocation_candidate,,school,,11.6520302,76.1035423,OpenStreetMap_Overpass,building=school,way_center,"{""building"": ""school""}"
OSM_way_841963052,way,841963052,"Government High School, Pariyaram",education,relocation_candidate,school,,,11.6518328,76.1033809,OpenStreetMap_Overpass,amenity=school,way_center,"{""addr:block"": ""Sulthan Bathery"", ""addr:district"": ""Wayanad"", ""addr:postcode"": ""673122"", ""addr:state"": ""Kerala"", ""addr:village"": ""Muttil South"", ""amenity"": ""school"", ""name"": ""Government High School, Pariyaram""}"
OSM_way_841964719,way,841964719,SKMJ UP,education,relocation_candidate,,school,,11.623193,76.0882247,OpenStreetMap_Overpass,building=school,way_center,"{""building"": ""school"", ""name"": ""SKMJ UP""}"
OSM_way_841964720,way,841964720,SDMLP School Kalpatta,education,relocation_candidate,,school,,11.6237251,76.088095,OpenStreetMap_Overpass,building=school,way_center,"{""addr:city"": ""Kalpetta"", ""addr:postcode"": ""673122"", ""addr:street"": ""Kalpetta Town Road"", ""building"": ""school"", ""building:levels"": ""1"", ""name"": ""SDMLP School Kalpatta""}"
OSM_way_841968172,way,841968172,,education,relocation_candidate,,school,,11.6240796,76.0733313,OpenStreetMap_Overpass,building=school,way_center,"{""building"": ""school""}"
OSM_way_841970459,way,841970459,Ansariya Public School,education,relocation_candidate,school,,,11.672387,76.0780936,OpenStreetMap_Overpass,amenity=school,way_center,"{""addr:block"": ""Vythiri"", ""addr:district"": ""Wayanad"", ""addr:postcode"": ""673122"", ""addr:state"": ""Kerala"", ""addr:village"": ""Kaniyambetta"", ""amenity"": ""school"", ""name"": ""Ansariya Public School""}"
OSM_way_841971457,way,841971457,,education,relocation_candidate,,school,,11.6773906,76.0760355,OpenStreetMap_Overpass,building=school,way_center,"{""building"": ""school""}"
OSM_way_841971458,way,841971458,,education,relocation_candidate,,school,,11.6770975,76.0760772,OpenStreetMap_Overpass,building=school,way_center,"{""building"": ""school""}"
OSM_way_841971459,way,841971459,,education,relocation_candidate,,school,,11.6773073,76.0764429,OpenStreetMap_Overpass,building=school,way_center,"{""building"": ""school""}"
OSM_way_841971460,way,841971460,G u p s kambalakkad,education,relocation_candidate,,school,,11.6774746,76.0763716,OpenStreetMap_Overpass,building=school,way_center,"{""addr:city"": ""kalpetta"", ""addr:postcode"": ""673124"", ""addr:street"": ""kambalakkad"", ""building"": ""school"", ""building:levels"": ""0"", ""height"": ""0"", ""name"": ""G u p s kambalakkad""}"
OSM_way_842948263,way,842948263,,education,relocation_candidate,,school,,11.6828126,76.0547005,OpenStreetMap_Overpass,building=school,way_center,"{""building"": ""school""}"
OSM_way_842948264,way,842948264,,education,relocation_candidate,,school,,11.6830619,76.0547107,OpenStreetMap_Overpass,building=school,way_center,"{""building"": ""school""}"
OSM_way_842948265,way,842948265,,education,relocation_candidate,,school,,11.6830035,76.0550037,OpenStreetMap_Overpass,building=school,way_center,"{""building"": ""school""}"
OSM_way_842948266,way,842948266,,education,relocation_candidate,,school,,11.682486,76.054907,OpenStreetMap_Overpass,building=school,way_center,"{""building"": ""school""}"
OSM_way_842948267,way,842948267,,education,relocation_candidate,,school,,11.6827204,76.0544784,OpenStreetMap_Overpass,building=school,way_center,"{""building"": ""school""}"
OSM_way_842948268,way,842948268,,education,relocation_candidate,,school,,11.6827682,76.0542743,OpenStreetMap_Overpass,building=school,way_center,"{""building"": ""school""}"
OSM_way_842948269,way,842948269,R C Upper Primary School Pallikunnu,education,relocation_candidate,school,,,11.6828141,76.0546208,OpenStreetMap_Overpass,amenity=school,way_center,"{""addr:block"": ""Mananthavady"", ""addr:district"": ""Wayanad"", ""addr:postcode"": ""673122"", ""addr:state"": ""Kerala"", ""addr:village"": ""Anjukunnu"", ""amenity"": ""school"", ""name"": ""R C Upper Primary School Pallikunnu""}"
OSM_way_842949884,way,842949884,,education,relocation_candidate,,school,,11.7063631,76.0653875,OpenStreetMap_Overpass,building=school,way_center,"{""building"": ""school""}"
OSM_way_842949885,way,842949885,St Thomas Lower Primary School Arinchermala,education,relocation_candidate,school,,,11.7062683,76.0654934,OpenStreetMap_Overpass,amenity=school,way_center,"{""addr:block"": ""Mananthavady"", ""addr:district"": ""Wayanad"", ""addr:postcode"": ""670721"", ""addr:state"": ""Kerala"", ""addr:village"": ""Panamaram"", ""amenity"": ""school"", ""name"": ""St Thomas Lower Primary School Arinchermala""}"
OSM_way_842950736,way,842950736,,education,relocation_candidate,,school,,11.7394984,76.0582014,OpenStreetMap_Overpass,building=school,way_center,"{""building"": ""school""}"
OSM_way_842950737,way,842950737,,education,relocation_candidate,,school,,11.7396009,76.0582035,OpenStreetMap_Overpass,building=school,way_center,"{""building"": ""school""}"
OSM_way_842950738,way,842950738,Government Lower Primary School Palukunnu,education,relocation_candidate,school,,,11.7395543,76.0582265,OpenStreetMap_Overpass,amenity=school,way_center,"{""addr:block"": ""Mananthavady"", ""addr:district"": ""Wayanad"", ""addr:postcode"": ""670645"", ""addr:state"": ""Kerala"", ""addr:village"": ""Anjukunnu"", ""amenity"": ""school"", ""name"": ""Government Lower Primary School Palukunnu"", ""operator"": ""Department of education"", ""operator:type"": ""government""}"
OSM_way_842952329,way,842952329,,education,relocation_candidate,,school,,11.6997746,76.0769744,OpenStreetMap_Overpass,building=school,way_center,"{""building"": ""school""}"
OSM_way_842952330,way,842952330,,education,relocation_candidate,,school,,11.6998606,76.0770957,OpenStreetMap_Overpass,building=school,way_center,"{""building"": ""school""}"
OSM_way_842952331,way,842952331,,education,relocation_candidate,,school,,11.7000085,76.077112,OpenStreetMap_Overpass,building=school,way_center,"{""building"": ""school""}"
OSM_way_842952332,way,842952332,Apple Day Oriental School,education,relocation_candidate,school,,,11.6999289,76.077039,OpenStreetMap_Overpass,amenity=school,way_center,"{""addr:block"": ""Vythiri"", ""addr:district"": ""Wayanad"", ""addr:postcode"": ""673121"", ""addr:state"": ""Kerala"", ""addr:village"": ""Kaniyambetta"", ""amenity"": ""school"", ""name"": ""Apple Day Oriental School"", ""wikidata"": ""Q64522324""}"
OSM_way_842953055,way,842953055,,education,relocation_candidate,,school,,11.6945764,76.0807126,OpenStreetMap_Overpass,building=school,way_center,"{""building"": ""school""}"
OSM_way_842953056,way,842953056,,education,relocation_candidate,,school,,11.694387,76.0805907,OpenStreetMap_Overpass,building=school,way_center,"{""building"": ""school""}"
OSM_way_842953057,way,842953057,,education,relocation_candidate,,school,,11.6944801,76.0804533,OpenStreetMap_Overpass,building=school,way_center,"{""building"": ""school""}"
OSM_way_842953058,way,842953058,,education,relocation_candidate,,school,,11.6947249,76.0804071,OpenStreetMap_Overpass,building=school,way_center,"{""building"": ""school""}"
OSM_way_842953059,way,842953059,,education,relocation_candidate,,school,,11.6949607,76.0805479,OpenStreetMap_Overpass,building=school,way_center,"{""building"": ""school""}"
OSM_way_842953060,way,842953060,Government Upper Primary School Kaniyambetta,education,relocation_candidate,school,,,11.694659,76.0805251,OpenStreetMap_Overpass,amenity=school,way_center,"{""addr:block"": ""Vythiri"", ""addr:district"": ""Wayanad"", ""addr:postcode"": ""673122"", ""addr:state"": ""Kerala"", ""addr:village"": ""Kaniyambetta"", ""amenity"": ""school"", ""name"": ""Government Upper Primary School Kaniyambetta"", ""not:operator:wikidata"": ""Q5260320"", ""operator:type"": ""government""}"
OSM_way_842955670,way,842955670,,education,relocation_candidate,,school,,11.6997537,76.0831989,OpenStreetMap_Overpass,building=school,way_center,"{""building"": ""school""}"
OSM_way_842955671,way,842955671,,education,relocation_candidate,,school,,11.6999403,76.0830433,OpenStreetMap_Overpass,building=school,way_center,"{""building"": ""school""}"
OSM_way_842955672,way,842955672,,education,relocation_candidate,,school,,11.7000313,76.0828891,OpenStreetMap_Overpass,building=school,way_center,"{""building"": ""school""}"
OSM_way_842955673,way,842955673,,education,relocation_candidate,,school,,11.700062,76.0828106,OpenStreetMap_Overpass,building=school,way_center,"{""building"": ""school""}"
OSM_way_842955674,way,842955674,,education,relocation_candidate,,school,,11.7001994,76.0829477,OpenStreetMap_Overpass,building=school,way_center,"{""building"": ""school""}"
OSM_way_842955675,way,842955675,,education,relocation_candidate,,school,,11.6994901,76.0834179,OpenStreetMap_Overpass,building=school,way_center,"{""building"": ""school""}"
OSM_way_842955676,way,842955676,,education,relocation_candidate,,school,,11.6996981,76.0837846,OpenStreetMap_Overpass,building=school,way_center,"{""building"": ""school""}"
OSM_way_842955677,way,842955677,,education,relocation_candidate,,school,,11.6994988,76.0837401,OpenStreetMap_Overpass,building=school,way_center,"{""building"": ""school""}"
OSM_way_842955678,way,842955678,,education,relocation_candidate,,school,,11.6998349,76.0841171,OpenStreetMap_Overpass,building=school,way_center,"{""building"": ""school""}"
OSM_way_842955679,way,842955679,,education,relocation_candidate,,school,,11.6999972,76.0841331,OpenStreetMap_Overpass,building=school,way_center,"{""building"": ""school""}"
OSM_way_842955680,way,842955680,,education,relocation_candidate,,school,,11.7000369,76.0837732,OpenStreetMap_Overpass,building=school,way_center,"{""building"": ""school""}"
OSM_way_842960055,way,842960055,,education,relocation_candidate,,school,,11.7496363,76.0696411,OpenStreetMap_Overpass,building=school,way_center,"{""building"": ""school""}"
OSM_way_842960056,way,842960056,,education,relocation_candidate,,school,,11.7498568,76.0693528,OpenStreetMap_Overpass,building=school,way_center,"{""building"": ""school""}"
OSM_way_842960057,way,842960057,,education,relocation_candidate,,school,,11.7499745,76.0693574,OpenStreetMap_Overpass,building=school,way_center,"{""building"": ""school""}"
OSM_way_842960058,way,842960058,,education,relocation_candidate,,school,,11.7495507,76.0696112,OpenStreetMap_Overpass,building=school,way_center,"{""building"": ""school""}"
OSM_way_842960059,way,842960059,St Marys Public School Panamaram,education,relocation_candidate,school,,,11.7496067,76.0693099,OpenStreetMap_Overpass,amenity=school,way_center,"{""addr:block"": ""Mananthavady"", ""addr:district"": ""Wayanad"", ""addr:postcode"": ""670721"", ""addr:state"": ""Kerala"", ""addr:village"": ""Cherukattoor"", ""amenity"": ""school"", ""name"": ""St Marys Public School Panamaram"", ""wikidata"": ""Q64522676""}"
OSM_way_842965203,way,842965203,,education,relocation_candidate,,school,,11.738318,76.069145,OpenStreetMap_Overpass,building=school,way_center,"{""building"": ""school""}"
OSM_way_842965213,way,842965213,"Government Higher Secondary School, Panamaram",education,relocation_candidate,,school,,11.737954,76.0688785,OpenStreetMap_Overpass,building=school,way_center,"{""building"": ""school"", ""name"": ""Government Higher Secondary School, Panamaram""}"
OSM_way_842965222,way,842965222,"Government Higher Secondary School, Panamaram",education,relocation_candidate,,school,,11.7384318,76.0695895,OpenStreetMap_Overpass,building=school,way_center,"{""building"": ""school"", ""name"": ""Government Higher Secondary School, Panamaram""}"
OSM_way_842965223,way,842965223,,education,relocation_candidate,,school,,11.7384364,76.0697022,OpenStreetMap_Overpass,building=school,way_center,"{""building"": ""school""}"
OSM_way_842965224,way,842965224,,education,relocation_candidate,,school,,11.7382921,76.0697161,OpenStreetMap_Overpass,building=school,way_center,"{""building"": ""school""}"
OSM_way_842965226,way,842965226,Government Higher Secondary School Panamaram,education,relocation_candidate,school,,,11.7380761,76.0694659,OpenStreetMap_Overpass,amenity=school,way_center,"{""addr:block"": ""Mananthavady"", ""addr:district"": ""Wayanad"", ""addr:postcode"": ""670721"", ""addr:state"": ""Kerala"", ""addr:village"": ""Panamaram"", ""amenity"": ""school"", ""name"": ""Government Higher Secondary School Panamaram"", ""operator"": ""Department of General and Higher Education"", ""operator:type"": ""government"", ""operator:wikidata"": ""Q5260320""}"
OSM_way_842965227,way,842965227,"Government Higher Secondary School, Panamaram",education,relocation_candidate,,school,,11.7383824,76.0698134,OpenStreetMap_Overpass,building=school,way_center,"{""building"": ""school"", ""name"": ""Government Higher Secondary School, Panamaram""}"
OSM_way_842965229,way,842965229,,education,relocation_candidate,,school,,11.7387455,76.0695376,OpenStreetMap_Overpass,building=school,way_center,"{""building"": ""school""}"
OSM_way_842970450,way,842970450,,education,relocation_candidate,,school,,11.7375277,76.0719227,OpenStreetMap_Overpass,building=school,way_center,"{""building"": ""school""}"
OSM_way_842970451,way,842970451,"GLPS, Panamaram",education,relocation_candidate,,school,,11.7375172,76.072276,OpenStreetMap_Overpass,building=school,way_center,"{""building"": ""school"", ""name"": ""GLPS, Panamaram""}"
OSM_way_842970452,way,842970452,,education,relocation_candidate,,school,,11.7378338,76.0724419,OpenStreetMap_Overpass,building=school,way_center,"{""building"": ""school""}"
OSM_way_842970453,way,842970453,,education,relocation_candidate,,school,,11.7377987,76.0723335,OpenStreetMap_Overpass,building=school,way_center,"{""building"": ""school""}"
OSM_way_842970454,way,842970454,Government Lower Primary School Panamaram,education,relocation_candidate,school,,,11.7375518,76.0721733,OpenStreetMap_Overpass,amenity=school,way_center,"{""addr:block"": ""Mananthavady"", ""addr:district"": ""Wayanad"", ""addr:postcode"": ""670721"", ""addr:state"": ""Kerala"", ""addr:village"": ""Panamaram"", ""amenity"": ""school"", ""name"": ""Government Lower Primary School Panamaram"", ""operator"": ""Department of education"", ""operator:type"": ""government""}"
OSM_way_842975134,way,842975134,,education,relocation_candidate,,school,,11.744283,76.0849748,OpenStreetMap_Overpass,building=school,way_center,"{""building"": ""school""}"
OSM_way_842975135,way,842975135,,education,relocation_candidate,,school,,11.7443682,76.0849802,OpenStreetMap_Overpass,building=school,way_center,"{""building"": ""school""}"
OSM_way_842975136,way,842975136,,education,relocation_candidate,,school,,11.7444805,76.0850907,OpenStreetMap_Overpass,building=school,way_center,"{""building"": ""school""}"
OSM_way_842975137,way,842975137,,education,relocation_candidate,,school,,11.7443488,76.0852656,OpenStreetMap_Overpass,building=school,way_center,"{""building"": ""school""}"
OSM_way_842975138,way,842975138,,education,relocation_candidate,,school,,11.7441661,76.0854322,OpenStreetMap_Overpass,building=school,way_center,"{""building"": ""school""}"
OSM_way_842975139,way,842975139,,education,relocation_candidate,,school,,11.744014,76.0851308,OpenStreetMap_Overpass,building=school,way_center,"{""building"": ""school""}"
OSM_way_842975140,way,842975140,,education,relocation_candidate,,school,,11.7442256,76.0851359,OpenStreetMap_Overpass,building=school,way_center,"{""building"": ""school""}"
OSM_way_842975141,way,842975141,,education,relocation_candidate,,school,,11.7441084,76.0850133,OpenStreetMap_Overpass,building=school,way_center,"{""building"": ""school""}"
OSM_way_842975142,way,842975142,,education,relocation_candidate,,school,,11.7443167,76.0851631,OpenStreetMap_Overpass,building=school,way_center,"{""building"": ""school""}"
OSM_way_842975143,way,842975143,Peripatatic Tr School Pariyaram,education,relocation_candidate,school,,,11.7442839,76.0851625,OpenStreetMap_Overpass,amenity=school,way_center,"{""addr:block"": ""Mananthavady"", ""addr:district"": ""Wayanad"", ""addr:postcode"": ""670721"", ""addr:state"": ""Kerala"", ""addr:village"": ""Panamaram"", ""amenity"": ""school"", ""name"": ""Peripatatic Tr School Pariyaram"", ""wikidata"": ""Q64522677""}"
OSM_way_842982208,way,842982208,,education,relocation_candidate,,school,,11.7216077,76.0957551,OpenStreetMap_Overpass,building=school,way_center,"{""building"": ""school""}"
OSM_way_842982209,way,842982209,,education,relocation_candidate,,school,,11.7215492,76.0959844,OpenStreetMap_Overpass,building=school,way_center,"{""building"": ""school""}"
OSM_way_842982210,way,842982210,,education,relocation_candidate,,school,,11.7214417,76.0962071,OpenStreetMap_Overpass,building=school,way_center,"{""building"": ""school""}"
OSM_way_842982211,way,842982211,,education,relocation_candidate,,school,,11.7213905,76.0962789,OpenStreetMap_Overpass,building=school,way_center,"{""building"": ""school""}"
OSM_way_842982212,way,842982212,,education,relocation_candidate,,school,,11.7214775,76.0963275,OpenStreetMap_Overpass,building=school,way_center,"{""building"": ""school""}"
OSM_way_842982213,way,842982213,Government Lower Primary School Cheekkalloor,education,relocation_candidate,school,,,11.7213643,76.0959314,OpenStreetMap_Overpass,amenity=school,way_center,"{""addr:block"": ""Vythiri"", ""addr:district"": ""Wayanad"", ""addr:postcode"": ""673122"", ""addr:state"": ""Kerala"", ""addr:village"": ""Kaniyambetta"", ""amenity"": ""school"", ""name"": ""Government Lower Primary School Cheekkalloor"", ""operator"": ""Department of General and Higher Education"", ""operator:type"": ""government"", ""operator:wikidata"": ""Q5260320""}"
OSM_way_842984108,way,842984108,,education,relocation_candidate,,school,,11.7398667,76.102417,OpenStreetMap_Overpass,building=school,way_center,"{""building"": ""school""}"
OSM_way_842984109,way,842984109,Government Lower Primary School Nelliyambam,education,relocation_candidate,school,,,11.7397762,76.1025335,OpenStreetMap_Overpass,amenity=school,way_center,"{""addr:block"": ""Vythiri"", ""addr:city"": ""Nelliyambam"", ""addr:district"": ""Wayanad"", ""addr:postcode"": ""670721"", ""addr:state"": ""Kerala"", ""addr:street"": ""Panamaram - Bathery"", ""addr:village"": ""Nadavayal"", ""amenity"": ""school"", ""grades"": ""1-4"", ""name"": ""Government Lower Primary School Nelliyambam"", ""operator"": ""Department of education"", ""operator:type"": ""government""}"
OSM_way_842984110,way,842984110,,education,relocation_candidate,,school,,11.7397508,76.1026283,OpenStreetMap_Overpass,building=school,way_center,"{""building"": ""school""}"
OSM_way_843559154,way,843559154,,education,relocation_candidate,,school,,11.7383206,76.1186381,OpenStreetMap_Overpass,building=school,way_center,"{""building"": ""school""}"
OSM_way_843559155,way,843559155,,education,relocation_candidate,,school,,11.7384202,76.1185754,OpenStreetMap_Overpass,building=school,way_center,"{""building"": ""school""}"
OSM_way_843559156,way,843559156,,education,relocation_candidate,,school,,11.738499,76.1185197,OpenStreetMap_Overpass,building=school,way_center,"{""building"": ""school""}"
OSM_way_843559157,way,843559157,,education,relocation_candidate,,school,,11.7380022,76.1181438,OpenStreetMap_Overpass,building=school,way_center,"{""building"": ""school""}"
OSM_way_843559158,way,843559158,,education,relocation_candidate,,school,,11.7379873,76.118009,OpenStreetMap_Overpass,building=school,way_center,"{""building"": ""school""}"
OSM_way_843559159,way,843559159,,education,relocation_candidate,,school,,11.7378922,76.1179508,OpenStreetMap_Overpass,building=school,way_center,"{""building"": ""school""}"
OSM_way_843559160,way,843559160,,education,relocation_candidate,,school,,11.7380483,76.1185411,OpenStreetMap_Overpass,building=school,way_center,"{""building"": ""school""}"
OSM_way_843560776,way,843560776,,education,relocation_candidate,,school,,11.7400902,76.1197539,OpenStreetMap_Overpass,building=school,way_center,"{""building"": ""school""}"
OSM_way_843564101,way,843564101,,education,relocation_candidate,,school,,11.7127154,76.1170761,OpenStreetMap_Overpass,building=school,way_center,"{""building"": ""school""}"
OSM_way_843564102,way,843564102,,education,relocation_candidate,,school,,11.7124954,76.117371,OpenStreetMap_Overpass,building=school,way_center,"{""building"": ""school""}"
OSM_way_843564103,way,843564103,,education,relocation_candidate,,school,,11.7126657,76.1175653,OpenStreetMap_Overpass,building=school,way_center,"{""building"": ""school""}"
OSM_way_843564104,way,843564104,,education,relocation_candidate,,school,,11.712352,76.1175008,OpenStreetMap_Overpass,building=school,way_center,"{""building"": ""school""}"
OSM_way_843564105,way,843564105,,education,relocation_candidate,,school,,11.7125257,76.1176795,OpenStreetMap_Overpass,building=school,way_center,"{""building"": ""school""}"
OSM_way_843564106,way,843564106,,education,relocation_candidate,,school,,11.7131184,76.1174171,OpenStreetMap_Overpass,building=school,way_center,"{""building"": ""school""}"
OSM_way_843567795,way,843567795,,education,relocation_candidate,,school,,11.7206136,76.1270052,OpenStreetMap_Overpass,building=school,way_center,"{""building"": ""school""}"
OSM_way_843567796,way,843567796,,education,relocation_candidate,,school,,11.7202228,76.1267237,OpenStreetMap_Overpass,building=school,way_center,"{""building"": ""school""}"
OSM_way_843567797,way,843567797,,education,relocation_candidate,,school,,11.7204858,76.1267335,OpenStreetMap_Overpass,building=school,way_center,"{""building"": ""school""}"
OSM_way_843567798,way,843567798,Government Upper Primary School Poothadi,education,relocation_candidate,school,,,11.7204637,76.1267996,OpenStreetMap_Overpass,amenity=school,way_center,"{""addr:block"": ""Sulthan Bathery"", ""addr:district"": ""Wayanad"", ""addr:postcode"": ""673596"", ""addr:state"": ""Kerala"", ""addr:village"": ""Poothadi"", ""amenity"": ""school"", ""name"": ""Government Upper Primary School Poothadi""}"
OSM_way_843570448,way,843570448,,education,relocation_candidate,,school,,11.7008844,76.1333624,OpenStreetMap_Overpass,building=school,way_center,"{""building"": ""school""}"
OSM_way_843570449,way,843570449,,education,relocation_candidate,,school,,11.7007247,76.1333021,OpenStreetMap_Overpass,building=school,way_center,"{""building"": ""school""}"
OSM_way_843570450,way,843570450,,education,relocation_candidate,,school,,11.7006418,76.1334762,OpenStreetMap_Overpass,building=school,way_center,"{""building"": ""school""}"
OSM_way_843570451,way,843570451,,education,relocation_candidate,,school,,11.7005806,76.1336452,OpenStreetMap_Overpass,building=school,way_center,"{""building"": ""school""}"
OSM_way_843570452,way,843570452,,education,relocation_candidate,,school,,11.7008515,76.1337357,OpenStreetMap_Overpass,building=school,way_center,"{""building"": ""school""}"
OSM_way_843570453,way,843570453,,education,relocation_candidate,,school,,11.7008287,76.1335287,OpenStreetMap_Overpass,building=school,way_center,"{""building"": ""school""}"
OSM_way_843570454,way,843570454,A Upper Primary School Arimula,education,relocation_candidate,school,,,11.7007734,76.133515,OpenStreetMap_Overpass,amenity=school,way_center,"{""addr:block"": ""Sulthan Bathery"", ""addr:district"": ""Wayanad"", ""addr:postcode"": ""673596"", ""addr:state"": ""Kerala"", ""addr:village"": ""Poothadi"", ""amenity"": ""school"", ""name"": ""A Upper Primary School Arimula""}"
OSM_way_843571239,way,843571239,,education,relocation_candidate,,school,,11.6916241,76.1552674,OpenStreetMap_Overpass,building=school,way_center,"{""building"": ""school""}"
OSM_way_843571240,way,843571240,,education,relocation_candidate,,school,,11.6916532,76.1555386,OpenStreetMap_Overpass,building=school,way_center,"{""building"": ""school""}"
OSM_way_843571241,way,843571241,,education,relocation_candidate,,school,,11.6916844,76.1557583,OpenStreetMap_Overpass,building=school,way_center,"{""building"": ""school""}"
OSM_way_843571242,way,843571242,,education,relocation_candidate,,school,,11.6916073,76.1558768,OpenStreetMap_Overpass,building=school,way_center,"{""building"": ""school""}"
OSM_way_843571244,way,843571244,N A A Upper School Manikavu,education,relocation_candidate,school,,,11.6917033,76.1555864,OpenStreetMap_Overpass,amenity=school,way_center,"{""addr:block"": ""Sulthan Bathery"", ""addr:district"": ""Wayanad"", ""addr:postcode"": ""673596"", ""addr:state"": ""Kerala"", ""addr:village"": ""Purakkadi"", ""amenity"": ""school"", ""grades"": ""1-7"", ""name"": ""N A A Upper School Manikavu"", ""operator"": ""Government""}"
OSM_way_843573422,way,843573422,,education,relocation_candidate,,school,,11.6820363,76.1826975,OpenStreetMap_Overpass,building=school,way_center,"{""building"": ""school""}"
OSM_way_843573423,way,843573423,,education,relocation_candidate,,school,,11.6823209,76.1828355,OpenStreetMap_Overpass,building=school,way_center,"{""building"": ""school""}"
OSM_way_843573424,way,843573424,,education,relocation_candidate,,school,,11.6822629,76.182731,OpenStreetMap_Overpass,building=school,way_center,"{""building"": ""school""}"
OSM_way_843573425,way,843573425,,education,relocation_candidate,,school,,11.6823295,76.1829776,OpenStreetMap_Overpass,building=school,way_center,"{""building"": ""school"", ""description"": ""This school started on 1950 for the upliftment of Adivasi population"", ""start_date"": ""1950""}"
OSM_way_843573426,way,843573426,S A Lower Primary School Gokhale Nagar,education,relocation_candidate,school,,,11.6822088,76.1827561,OpenStreetMap_Overpass,amenity=school,way_center,"{""addr:block"": ""Sulthan Bathery"", ""addr:city"": ""MEENANGADI"", ""addr:district"": ""Wayanad"", ""addr:housenumber"": ""129"", ""addr:postcode"": ""673591"", ""addr:state"": ""Kerala"", ""addr:street"": ""Mylambadi Road"", ""addr:village"": ""Krishnagiri"", ""amenity"": ""school"", ""email"": ""hmsalpsgnagar@gmail.com"", ""grades"": ""1-4"", ""name"": ""S A Lower Primary School Gokhale Nagar"", ""operator"": ""HM"", ""operator:type"": ""private_aided"", ""religion"": ""none""}"
OSM_way_843745034,way,843745034,,education,relocation_candidate,,school,,11.7151159,76.1648362,OpenStreetMap_Overpass,building=school,way_center,"{""building"": ""school""}"
OSM_way_843745035,way,843745035,,education,relocation_candidate,,school,,11.7148372,76.1643846,OpenStreetMap_Overpass,building=school,way_center,"{""building"": ""school""}"
OSM_way_843745036,way,843745036,,education,relocation_candidate,,school,,11.7147891,76.1645332,OpenStreetMap_Overpass,building=school,way_center,"{""building"": ""school""}"
OSM_way_843745037,way,843745037,,education,relocation_candidate,,school,,11.714898,76.1647774,OpenStreetMap_Overpass,building=school,way_center,"{""building"": ""school""}"
OSM_way_843745038,way,843745038,,education,relocation_candidate,,school,,11.7150157,76.1643696,OpenStreetMap_Overpass,building=school,way_center,"{""building"": ""school""}"
OSM_way_843745039,way,843745039,,education,relocation_candidate,,school,,11.7149608,76.1645621,OpenStreetMap_Overpass,building=school,way_center,"{""building"": ""school""}"
OSM_way_843745040,way,843745040,,education,relocation_candidate,,school,,11.715114,76.1642382,OpenStreetMap_Overpass,building=school,way_center,"{""building"": ""school""}"
OSM_way_843745041,way,843745041,K V A Upper Primary School Koleri,education,relocation_candidate,school,,,11.7150258,76.1645138,OpenStreetMap_Overpass,amenity=school,way_center,"{""addr:block"": ""Sulthan Bathery"", ""addr:district"": ""Wayanad"", ""addr:postcode"": ""673596"", ""addr:state"": ""Kerala"", ""addr:village"": ""Poothadi"", ""amenity"": ""school"", ""name"": ""K V A Upper Primary School Koleri""}"
OSM_way_843748475,way,843748475,,education,relocation_candidate,,school,,11.7135937,76.1680518,OpenStreetMap_Overpass,building=school,way_center,"{""building"": ""school""}"
OSM_way_843748476,way,843748476,,education,relocation_candidate,,school,,11.713795,76.1682387,OpenStreetMap_Overpass,building=school,way_center,"{""building"": ""school""}"
OSM_way_843748477,way,843748477,,education,relocation_candidate,,school,,11.7139189,76.1682795,OpenStreetMap_Overpass,building=school,way_center,"{""building"": ""school""}"
OSM_way_843748478,way,843748478,,education,relocation_candidate,,school,,11.7133329,76.1683376,OpenStreetMap_Overpass,building=school,way_center,"{""building"": ""school""}"
OSM_way_843748479,way,843748479,,education,relocation_candidate,,school,,11.7129829,76.1684041,OpenStreetMap_Overpass,building=school,way_center,"{""building"": ""school""}"
OSM_way_843748480,way,843748480,,education,relocation_candidate,,school,,11.7127105,76.1682414,OpenStreetMap_Overpass,building=school,way_center,"{""building"": ""school""}"
OSM_way_843748481,way,843748481,,education,relocation_candidate,,school,,11.7133577,76.1685508,OpenStreetMap_Overpass,building=school,way_center,"{""building"": ""school""}"
OSM_way_843748482,way,843748482,,education,relocation_candidate,,school,,11.7134247,76.1684078,OpenStreetMap_Overpass,building=school,way_center,"{""building"": ""school""}"
OSM_way_843755048,way,843755048,,education,relocation_candidate,,school,,11.6964273,76.1731913,OpenStreetMap_Overpass,building=school,way_center,"{""building"": ""school""}"
OSM_way_843755049,way,843755049,,education,relocation_candidate,,school,,11.6966317,76.1728718,OpenStreetMap_Overpass,building=school,way_center,"{""building"": ""school""}"
OSM_way_843755050,way,843755050,,education,relocation_candidate,,school,,11.6965124,76.1730589,OpenStreetMap_Overpass,building=school,way_center,"{""building"": ""school""}"
OSM_way_843755051,way,843755051,,education,relocation_candidate,,school,,11.6968368,76.1729884,OpenStreetMap_Overpass,building=school,way_center,"{""building"": ""school""}"
OSM_way_843755052,way,843755052,,education,relocation_candidate,,school,,11.6965115,76.1729662,OpenStreetMap_Overpass,building=school,way_center,"{""building"": ""school""}"
OSM_way_843775771,way,843775771,,education,relocation_candidate,,school,,11.7326746,76.1950069,OpenStreetMap_Overpass,building=school,way_center,"{""building"": ""school""}"
OSM_way_843775772,way,843775772,A Lower Primary School Marianad Pambra,education,relocation_candidate,school,,,11.7321934,76.1946163,OpenStreetMap_Overpass,amenity=school,way_center,"{""addr:block"": ""Sulthan Bathery"", ""addr:district"": ""Wayanad"", ""addr:postcode"": ""673592"", ""addr:state"": ""Kerala"", ""addr:village"": ""Irualam"", ""amenity"": ""school"", ""name"": ""A Lower Primary School Marianad Pambra""}"
OSM_way_843782489,way,843782489,,education,relocation_candidate,,school,,11.7500158,76.1966033,OpenStreetMap_Overpass,building=school,way_center,"{""building"": ""school""}"
OSM_way_843782490,way,843782490,,education,relocation_candidate,,school,,11.7499964,76.1964048,OpenStreetMap_Overpass,building=school,way_center,"{""building"": ""school""}"
OSM_way_843782492,way,843782492,,education,relocation_candidate,,school,,11.7500324,76.1962124,OpenStreetMap_Overpass,building=school,way_center,"{""building"": ""school""}"
OSM_way_843782495,way,843782495,Christ English Medium School Irulam,education,relocation_candidate,school,,,11.7500786,76.1964741,OpenStreetMap_Overpass,amenity=school,way_center,"{""addr:block"": ""Sulthan Bathery"", ""addr:district"": ""Wayanad"", ""addr:postcode"": ""673579"", ""addr:state"": ""Kerala"", ""addr:village"": ""Irualam"", ""amenity"": ""school"", ""name"": ""Christ English Medium School Irulam""}"
OSM_way_843799165,way,843799165,,education,relocation_candidate,,school,,11.7487424,76.1922865,OpenStreetMap_Overpass,building=school,way_center,"{""building"": ""school""}"
OSM_way_843799166,way,843799166,,education,relocation_candidate,,school,,11.7486874,76.1923702,OpenStreetMap_Overpass,building=school,way_center,"{""building"": ""school""}"
OSM_way_843799167,way,843799167,,education,relocation_candidate,,school,,11.7487309,76.192549,OpenStreetMap_Overpass,building=school,way_center,"{""building"": ""school""}"
OSM_way_843799168,way,843799168,,education,relocation_candidate,,school,,11.7487858,76.192385,OpenStreetMap_Overpass,building=school,way_center,"{""building"": ""school""}"
OSM_way_843799169,way,843799169,S N Balavihar Irulam,education,relocation_candidate,school,,,11.7487489,76.1924621,OpenStreetMap_Overpass,amenity=school,way_center,"{""addr:block"": ""Sulthan Bathery"", ""addr:district"": ""Wayanad"", ""addr:postcode"": ""673579"", ""addr:state"": ""Kerala"", ""addr:village"": ""Irualam"", ""amenity"": ""school"", ""name"": ""S N Balavihar Irulam"", ""wikidata"": ""Q64522172""}"
OSM_way_843800787,way,843800787,,education,relocation_candidate,,school,,11.6956044,76.2073137,OpenStreetMap_Overpass,building=school,way_center,"{""building"": ""school""}"
OSM_way_843800788,way,843800788,,education,relocation_candidate,,school,,11.6954075,76.2071672,OpenStreetMap_Overpass,building=school,way_center,"{""building"": ""school""}"
OSM_way_843800789,way,843800789,,education,relocation_candidate,,school,,11.6951095,76.2072485,OpenStreetMap_Overpass,building=school,way_center,"{""building"": ""school""}"
OSM_way_843800790,way,843800790,,education,relocation_candidate,,school,,11.6952723,76.2073208,OpenStreetMap_Overpass,building=school,way_center,"{""building"": ""school""}"
OSM_way_843800791,way,843800791,,education,relocation_candidate,,school,,11.695409,76.2073316,OpenStreetMap_Overpass,building=school,way_center,"{""building"": ""school""}"
OSM_way_843800792,way,843800792,,education,relocation_candidate,,school,,11.6953156,76.2071591,OpenStreetMap_Overpass,building=school,way_center,"{""building"": ""school""}"
OSM_way_843800793,way,843800793,Crescent Public School Vakery,education,relocation_candidate,school,,,11.6953696,76.207187,OpenStreetMap_Overpass,amenity=school,way_center,"{""addr:block"": ""Sulthan Bathery"", ""addr:district"": ""Wayanad"", ""addr:postcode"": ""673592"", ""addr:state"": ""Kerala"", ""addr:village"": ""Poothadi"", ""amenity"": ""school"", ""name"": ""Crescent Public School Vakery""}"
OSM_way_843802855,way,843802855,,education,relocation_candidate,,school,,11.6960843,76.205733,OpenStreetMap_Overpass,building=school,way_center,"{""building"": ""school""}"
OSM_way_843802856,way,843802856,,education,relocation_candidate,,school,,11.6959983,76.2054482,OpenStreetMap_Overpass,building=school,way_center,"{""building"": ""school""}"
OSM_way_843802857,way,843802857,,education,relocation_candidate,,school,,11.6959669,76.2053326,OpenStreetMap_Overpass,building=school,way_center,"{""building"": ""school""}"
OSM_way_843802858,way,843802858,,education,relocation_candidate,,school,,11.6957759,76.2056968,OpenStreetMap_Overpass,building=school,way_center,"{""building"": ""school""}"
OSM_way_843802859,way,843802859,,education,relocation_candidate,,school,,11.6956593,76.2064484,OpenStreetMap_Overpass,building=school,way_center,"{""building"": ""school""}"
OSM_way_843802860,way,843802860,,education,relocation_candidate,,school,,11.6957305,76.2062849,OpenStreetMap_Overpass,building=school,way_center,"{""building"": ""school""}"
OSM_way_843802861,way,843802861,,education,relocation_candidate,,school,,11.6954456,76.206143,OpenStreetMap_Overpass,building=school,way_center,"{""building"": ""school""}"
OSM_way_843802862,way,843802862,,education,relocation_candidate,,school,,11.6955349,76.2059014,OpenStreetMap_Overpass,building=school,way_center,"{""building"": ""school""}"
OSM_way_843802863,way,843802863,,education,relocation_candidate,,school,,11.6955795,76.2057511,OpenStreetMap_Overpass,building=school,way_center,"{""building"": ""school""}"
OSM_way_843802864,way,843802864,,education,relocation_candidate,,school,,11.6958974,76.2054619,OpenStreetMap_Overpass,building=school,way_center,"{""building"": ""school""}"
OSM_way_843802865,way,843802865,,education,relocation_candidate,,school,,11.6961023,76.2060625,OpenStreetMap_Overpass,building=school,way_center,"{""building"": ""school""}"
OSM_way_843802866,way,843802866,,education,relocation_candidate,,school,,11.6954815,76.2063991,OpenStreetMap_Overpass,building=school,way_center,"{""building"": ""school""}"
OSM_way_843802867,way,843802867,Government Vocational Higher Secondary School Vakery,education,relocation_candidate,school,,,11.6957552,76.2059205,OpenStreetMap_Overpass,amenity=school,way_center,"{""addr:block"": ""Sulthan Bathery"", ""addr:district"": ""Wayanad"", ""addr:postcode"": ""673592"", ""addr:state"": ""Kerala"", ""addr:village"": ""Irualam"", ""amenity"": ""school"", ""name"": ""Government Vocational Higher Secondary School Vakery""}"
OSM_way_843805450,way,843805450,,education,relocation_candidate,,school,,11.7111015,76.2131556,OpenStreetMap_Overpass,building=school,way_center,"{""building"": ""school""}"
OSM_way_843805451,way,843805451,,education,relocation_candidate,,school,,11.711415,76.2131563,OpenStreetMap_Overpass,building=school,way_center,"{""building"": ""school""}"
OSM_way_843805452,way,843805452,S N A Lower Primary School Narayanpuram,education,relocation_candidate,school,,,11.7112245,76.213043,OpenStreetMap_Overpass,amenity=school,way_center,"{""addr:block"": ""Sulthan Bathery"", ""addr:district"": ""Wayanad"", ""addr:postcode"": ""673592"", ""addr:state"": ""Kerala"", ""addr:village"": ""Irualam"", ""amenity"": ""school"", ""name"": ""S N A Lower Primary School Narayanpuram""}"
OSM_way_843807257,way,843807257,,education,relocation_candidate,,school,,11.7350465,76.2440384,OpenStreetMap_Overpass,building=school,way_center,"{""building"": ""school""}"
OSM_way_843807258,way,843807258,,education,relocation_candidate,,school,,11.7348545,76.2439658,OpenStreetMap_Overpass,building=school,way_center,"{""building"": ""school""}"
OSM_way_843807259,way,843807259,,education,relocation_candidate,,school,,11.734614,76.2442122,OpenStreetMap_Overpass,building=school,way_center,"{""building"": ""school""}"
OSM_way_843807260,way,843807260,,education,relocation_candidate,,school,,11.7346518,76.2442095,OpenStreetMap_Overpass,building=school,way_center,"{""building"": ""school""}"
OSM_way_843807261,way,843807261,,education,relocation_candidate,,school,,11.7347672,76.2443092,OpenStreetMap_Overpass,building=school,way_center,"{""building"": ""school""}"
OSM_way_843807262,way,843807262,,education,relocation_candidate,,school,,11.7349898,76.2442085,OpenStreetMap_Overpass,building=school,way_center,"{""building"": ""school""}"
OSM_way_843807263,way,843807263,,education,relocation_candidate,,school,,11.7346279,76.2440116,OpenStreetMap_Overpass,building=school,way_center,"{""building"": ""school""}"
OSM_way_843807264,way,843807264,,education,relocation_candidate,,school,,11.7345828,76.2444189,OpenStreetMap_Overpass,building=school,way_center,"{""building"": ""school""}"
OSM_way_843807265,way,843807265,Government High School Chenad,education,relocation_candidate,school,,,11.734822,76.2441662,OpenStreetMap_Overpass,amenity=school,way_center,"{""addr:block"": ""Sulthan Bathery"", ""addr:district"": ""Wayanad"", ""addr:postcode"": ""673592"", ""addr:state"": ""Kerala"", ""addr:village"": ""Kidanganad"", ""amenity"": ""school"", ""name"": ""Government High School Chenad"", ""operator"": ""Department of General and Higher Education"", ""operator:type"": ""government"", ""operator:wikidata"": ""Q5260320""}"
OSM_way_846618521,way,846618521,,education,relocation_candidate,,school,,11.6632874,76.1671232,OpenStreetMap_Overpass,building=school,way_center,"{""building"": ""school""}"
OSM_way_846618522,way,846618522,,education,relocation_candidate,,school,,11.6632284,76.1668995,OpenStreetMap_Overpass,building=school,way_center,"{""building"": ""school""}"
OSM_way_846618523,way,846618523,,education,relocation_candidate,,school,,11.6629861,76.1671159,OpenStreetMap_Overpass,building=school,way_center,"{""building"": ""school""}"
OSM_way_846618524,way,846618524,,education,relocation_candidate,,school,,11.6629346,76.1668708,OpenStreetMap_Overpass,building=school,way_center,"{""building"": ""school""}"
OSM_way_846618525,way,846618525,,education,relocation_candidate,,school,,11.6628341,76.1670897,OpenStreetMap_Overpass,building=school,way_center,"{""building"": ""school""}"
OSM_way_847939652,way,847939652,Legal Metrology,public_building,potential_relocation_candidate,,yes,,11.6609367,76.1624844,OpenStreetMap_Overpass,office=government,way_center,"{""building"": ""yes"", ""government"": ""administrative"", ""name"": ""Legal Metrology"", ""office"": ""government""}"
OSM_way_847955972,way,847955972,Krishi bhavan,public_building,potential_relocation_candidate,,yes,,11.6558963,76.1575122,OpenStreetMap_Overpass,office=government,way_center,"{""building"": ""yes"", ""government"": ""government"", ""name"": ""Krishi bhavan"", ""office"": ""government""}"
OSM_way_848428377,way,848428377,DTPC  Dormitory,public_building,potential_relocation_candidate,,yes,,11.6549337,76.15753,OpenStreetMap_Overpass,office=government,way_center,"{""building"": ""yes"", ""government"": ""government"", ""name"": ""DTPC  Dormitory"", ""office"": ""government""}"
OSM_way_848429015,way,848429015,Department of mining and geology,public_building,potential_relocation_candidate,,yes,,11.6557624,76.1586099,OpenStreetMap_Overpass,office=government,way_center,"{""building"": ""yes"", ""government"": ""government"", ""name"": ""Department of mining and geology"", ""office"": ""government""}"
OSM_way_848435251,way,848435251,Purnayoo Arogya Nikethanam,healthcare,medical_support,,yes,,11.6623136,76.1659339,OpenStreetMap_Overpass,healthcare=hospital,way_center,"{""building"": ""yes"", ""healthcare"": ""hospital"", ""name"": ""Purnayoo Arogya Nikethanam""}"
OSM_way_848435765,way,848435765,Office of the circle inspector excise,public_building,potential_relocation_candidate,,yes,,11.6565119,76.159692,OpenStreetMap_Overpass,office=government,way_center,"{""building"": ""yes"", ""government"": ""government"", ""name"": ""Office of the circle inspector excise"", ""office"": ""government""}"
OSM_way_848443148,way,848443148,Kerala state backward classes development corporation,public_building,potential_relocation_candidate,,yes,,11.6596225,76.1635644,OpenStreetMap_Overpass,office=government,way_center,"{""building"": ""yes"", ""government"": ""government"", ""name"": ""Kerala state backward classes development corporation"", ""office"": ""government""}"
OSM_way_857543471,way,857543471,Govt Upper Primary School Perumthatta,education,relocation_candidate,,school,,11.5785112,76.0774964,OpenStreetMap_Overpass,building=school,way_center,"{""addr:city"": ""CHUNDALE"", ""addr:postcode"": ""673123"", ""addr:street"": ""Wayanad Road"", ""building"": ""school"", ""building:levels"": ""1"", ""name"": ""Govt Upper Primary School Perumthatta""}"
OSM_way_857611804,way,857611804,Govt Upper Primary School Puliyarmala,education,relocation_candidate,,school,,11.6375391,76.0766383,OpenStreetMap_Overpass,building=school,way_center,"{""addr:city"": ""KALPETTA"", ""addr:postcode"": ""673122"", ""addr:street"": ""PULIYARMALA"", ""building"": ""school"", ""building:levels"": ""5"", ""description"": ""IT IS A GOVT SCHOOL WITH OVER 90 STUDENTS. MOST OF THE CHILDREN ARE TRIBAL CHILDREN. THERE ARE 8 TEACHERS AND 2 NON - TEACHERS."", ""name"": ""Govt Upper Primary School Puliyarmala""}"
OSM_way_857772211,way,857772211,"Government Lower Primary School, Madakkimala",education,relocation_candidate,school,,,11.6595915,76.0848581,OpenStreetMap_Overpass,amenity=school,way_center,"{""amenity"": ""school"", ""name"": ""Government Lower Primary School, Madakkimala"", ""operator:type"": ""government""}"
OSM_way_857775619,way,857775619,Block 1,education,relocation_candidate,,school,,11.6596708,76.0846704,OpenStreetMap_Overpass,building=school,way_center,"{""building"": ""school"", ""name"": ""Block 1""}"
OSM_way_857775767,way,857775767,Office block,education,relocation_candidate,,school,,11.6595915,76.0848639,OpenStreetMap_Overpass,building=school,way_center,"{""building"": ""school"", ""name"": ""Office block""}"
OSM_way_858051516,way,858051516,"Police Station ,Ambalavayal",public_building,potential_relocation_candidate,police,yes,,11.6184067,76.2107912,OpenStreetMap_Overpass,building=yes,way_center,"{""addr:city"": ""Ambalavayal"", ""amenity"": ""police"", ""building"": ""yes"", ""government"": ""Police"", ""name"": ""Police Station ,Ambalavayal"", ""opening_hours"": ""24/7"", ""ref"": ""15298001"", ""wikidata"": ""Q133275105""}"
OSM_way_858053219,way,858053219,RR Office Ambalavayal,public_building,potential_relocation_candidate,,yes,,11.6187575,76.2108948,OpenStreetMap_Overpass,office=government,way_center,"{""addr:city"": ""Ambalavayal"", ""building"": ""yes"", ""government"": ""government"", ""name"": ""RR Office Ambalavayal"", ""office"": ""government""}"
OSM_way_858054200,way,858054200,Family Health Centre Ambalavayal,healthcare,medical_support,hospital,,,11.6202088,76.2094601,OpenStreetMap_Overpass,healthcare=hospital,way_center,"{""amenity"": ""hospital"", ""healthcare"": ""hospital"", ""name"": ""Family Health Centre Ambalavayal"", ""name:ml"": ""കുടുംബാരോഗ്യ കേന്ദ്രം അമ്പലവയൽ"", ""ref"": ""1977""}"
OSM_way_858085685,way,858085685,ജി.എൽ.പി.എസ്.പഴുപ്പത്തൂർ,education,relocation_candidate,,school,,11.6756445,76.2280609,OpenStreetMap_Overpass,building=school,way_center,"{""addr:city"": ""ബത്തേരി"", ""addr:housenumber"": ""പഴുപ്പത്തൂർ"", ""addr:street"": ""Panamaram-Nadavayal - Bathery Road"", ""building"": ""school"", ""name"": ""ജി.എൽ.പി.എസ്.പഴുപ്പത്തൂർ""}"
OSM_way_858088932,way,858088932,ജി.എൽ.പി.എസ്.പഴുപ്പത്തൂർ,education,relocation_candidate,,school,,11.6755093,76.2278417,OpenStreetMap_Overpass,building=school,way_center,"{""addr:city"": ""സുൽത്താൻബത്തേരി"", ""addr:housenumber"": ""പഴുപ്പത്തൂർ"", ""addr:postcode"": ""673592"", ""addr:street"": ""പഴുപ്പത്തൂർ"", ""building"": ""school"", ""name"": ""ജി.എൽ.പി.എസ്.പഴുപ്പത്തൂർ""}"
OSM_way_858092148,way,858092148,DdeWayanad,public_building,potential_relocation_candidate,,yes,,11.6264184,76.0891443,OpenStreetMap_Overpass,office=government,way_center,"{""addr:city"": ""Wayanad"", ""addr:postcode"": ""673122"", ""addr:street"": ""CIVIL STATION"", ""building"": ""yes"", ""building:levels"": ""1"", ""government"": ""government"", ""height"": ""4"", ""name"": ""DdeWayanad"", ""office"": ""government""}"
OSM_way_858092605,way,858092605,"ICDS Office, Panamaram",public_building,potential_relocation_candidate,,yes,,11.7400007,76.0721429,OpenStreetMap_Overpass,office=government,way_center,"{""addr:city"": ""Panamaram"", ""addr:postcode"": ""670721"", ""addr:street"": ""Panamaram - Bathery"", ""building"": ""yes"", ""government"": ""public_service"", ""name"": ""ICDS Office, Panamaram"", ""office"": ""government"", ""opening_hours"": ""Mo-Sa 10:00-17:00"", ""phone"": ""+91-4395220252""}"
OSM_way_858092930,way,858092930,Government Lower Primary School Poomala,education,relocation_candidate,,school,,11.6501072,76.2499648,OpenStreetMap_Overpass,building=school,way_center,"{""building"": ""school"", ""name"": ""Government Lower Primary School Poomala""}"
OSM_way_858095754,way,858095754,Government Lower Primary School Poomala,education,relocation_candidate,,school,,11.6498045,76.2496344,OpenStreetMap_Overpass,building=school,way_center,"{""building"": ""school"", ""name"": ""Government Lower Primary School Poomala""}"
OSM_way_858120259,way,858120259,"Village Office, Purakkadi",public_building,potential_relocation_candidate,,yes,,11.6607537,76.1622297,OpenStreetMap_Overpass,office=government,way_center,"{""addr:city"": ""Meenangadi"", ""addr:postcode"": ""673591"", ""addr:street"": ""Panamaram - Meenangadi road"", ""building"": ""yes"", ""government"": ""village_office"", ""name"": ""Village Office, Purakkadi"", ""office"": ""government"", ""opening_hours"": ""10:00-17:00"", ""phone"": ""+91-4936-249210""}"
OSM_way_858235038,way,858235038,GHS Athirattukunnu,education,relocation_candidate,,school,,11.742483,76.1686705,OpenStreetMap_Overpass,building=school,way_center,"{""building"": ""school"", ""name"": ""GHS Athirattukunnu""}"
OSM_way_858245194,way,858245194,"W.O Lower Primary School, Paralikkunnu",education,relocation_candidate,,school,,11.6703458,76.089832,OpenStreetMap_Overpass,building=school,way_center,"{""addr:postcode"": ""673121"", ""addr:street"": ""Kambalakkad_Parakkal road"", ""building"": ""school"", ""name"": ""W.O Lower Primary School, Paralikkunnu""}"
OSM_way_858356717,way,858356717,ഗവഃഹൈസ്കൂൾ വാളവയൽ,education,relocation_candidate,,school,,11.7078909,76.1876419,OpenStreetMap_Overpass,building=school,way_center,"{""building"": ""school"", ""name"": ""ഗവഃഹൈസ്കൂൾ വാളവയൽ"", ""name:en"": ""GHS VALAVAYAL""}"
OSM_way_858359426,way,858359426,ഗവഃഹൈസ്കൂൾ വാളവയൽ,education,relocation_candidate,,school,,11.7077988,76.1878312,OpenStreetMap_Overpass,building=school,way_center,"{""building"": ""school"", ""name"": ""ഗവഃഹൈസ്കൂൾ വാളവയൽ""}"
OSM_way_858361328,way,858361328,GHS Valavayal Jubilee Building,education,relocation_candidate,,school,,11.7078947,76.1884785,OpenStreetMap_Overpass,building=school,way_center,"{""building"": ""school"", ""name"": ""GHS Valavayal Jubilee Building""}"
OSM_way_858361580,way,858361580,GHS Valavyal UP Building,education,relocation_candidate,,school,,11.7080221,76.1883462,OpenStreetMap_Overpass,building=school,way_center,"{""building"": ""school"", ""name"": ""GHS Valavyal UP Building""}"
OSM_way_858361872,way,858361872,Kitchen(Ghs valavayal),education,relocation_candidate,,school,,11.7081505,76.1883715,OpenStreetMap_Overpass,building=school,way_center,"{""building"": ""school"", ""name"": ""Kitchen(Ghs valavayal)""}"
OSM_way_858361957,way,858361957,HM Room(Ghs valavayal),education,relocation_candidate,,school,,11.7080296,76.1884575,OpenStreetMap_Overpass,building=school,way_center,"{""building"": ""school"", ""name"": ""HM Room(Ghs valavayal)""}"
OSM_way_858366672,way,858366672,Govt Upper Primary School Karachal,education,relocation_candidate,,school,,11.6373948,76.1736902,OpenStreetMap_Overpass,building=school,way_center,"{""addr:city"": ""MEENANGADI"", ""addr:housenumber"": ""GUPS KARACHAL"", ""addr:postcode"": ""673591"", ""addr:street"": ""KARACHAL P O"", ""building"": ""school"", ""name"": ""Govt Upper Primary School Karachal""}"
OSM_way_858374607,way,858374607,,education,relocation_candidate,,school,,11.659452,76.057897,OpenStreetMap_Overpass,building=school,way_center,"{""building"": ""school"", ""building:levels"": ""1""}"
OSM_way_858377096,way,858377096,Kuodothummal Anganavadi,community,potential_relocation_candidate,childcare,yes,,11.7160791,76.0910374,OpenStreetMap_Overpass,amenity=childcare,way_center,"{""addr:housenumber"": ""CNO46"", ""addr:street"": ""Pongini paradevatha temple road"", ""amenity"": ""childcare"", ""building"": ""yes"", ""government"": ""public_service"", ""name"": ""Kuodothummal Anganavadi""}"
OSM_way_858377676,way,858377676,Erutthilottekunnu,public_building,potential_relocation_candidate,,yes,,11.7206162,76.1494347,OpenStreetMap_Overpass,office=government,way_center,"{""building"": ""yes"", ""name"": ""Erutthilottekunnu"", ""office"": ""government""}"
OSM_way_858378349,way,858378349,"Edathil Anganavadi , Cheekkalloor",community,potential_relocation_candidate,childcare,yes,,11.7197998,76.0913768,OpenStreetMap_Overpass,amenity=childcare,way_center,"{""addr:housenumber"": ""CNO 59"", ""addr:street"": ""CHEEKKALLORE"", ""amenity"": ""childcare"", ""building"": ""yes"", ""government"": ""public_service"", ""name"": ""Edathil Anganavadi , Cheekkalloor""}"
OSM_way_858378980,way,858378980,Pachilakkad Second Anganavadi,community,potential_relocation_candidate,childcare,yes,,11.7152442,76.0834857,OpenStreetMap_Overpass,amenity=childcare,way_center,"{""addr:street"": ""Panamaram - Meenangadi road"", ""amenity"": ""childcare"", ""building"": ""yes"", ""name"": ""Pachilakkad Second Anganavadi""}"
OSM_way_858380905,way,858380905,KOLLIVAYAL ANGANWADI,public_building,potential_relocation_candidate,,yes,,11.7143011,76.0970685,OpenStreetMap_Overpass,office=government,way_center,"{""addr:housenumber"": ""CNO 60"", ""addr:street"": ""Panamaram - Meenangadi road"", ""building"": ""yes"", ""name"": ""KOLLIVAYAL ANGANWADI"", ""office"": ""government""}"
OSM_way_858381978,way,858381978,Kolipoetta Anganavadi,community,potential_relocation_candidate,childcare,yes,,11.7082505,76.0907457,OpenStreetMap_Overpass,amenity=childcare,way_center,"{""addr:housenumber"": ""CNO 48"", ""amenity"": ""childcare"", ""building"": ""yes"", ""name"": ""Kolipoetta Anganavadi""}"
OSM_way_858388911,way,858388911,KALARIKUNNU ANGANWADI,community,potential_relocation_candidate,childcare,yes,,11.7061529,76.0826351,OpenStreetMap_Overpass,amenity=childcare,way_center,"{""addr:street"": ""Kaniyambetta Higher Secondary School Road"", ""amenity"": ""childcare"", ""building"": ""yes"", ""name"": ""KALARIKUNNU ANGANWADI""}"
OSM_way_858390150,way,858390150,Edakkombam Anganvady,community,potential_relocation_candidate,childcare,yes,,11.6984272,76.0848271,OpenStreetMap_Overpass,amenity=childcare,way_center,"{""addr:housenumber"": ""C NO 47"", ""addr:street"": ""Kaniyambetta Higher Secondary School Road"", ""amenity"": ""childcare"", ""building"": ""yes"", ""name"": ""Edakkombam Anganvady""}"
OSM_way_858391363,way,858391363,Anganwadi,community,potential_relocation_candidate,childcare,yes,,11.7000709,76.1061602,OpenStreetMap_Overpass,amenity=childcare,way_center,"{""addr:housenumber"": ""C NO 55"", ""addr:street"": ""Panamaram - Meenangadi road"", ""amenity"": ""childcare"", ""brand"": ""Anganwadi"", ""brand:as"": ""অংগনবাদী"", ""brand:de"": ""Anganwadi"", ""brand:es"": ""Anganwadi"", ""brand:fr"": ""Anganwadi"", ""brand:hi"": ""आँगनवाडी"", ""brand:ks"": ""آنگن واڑی"", ""brand:ml"": ""അങ്കണവാടി"", ""brand:pa"": ""ਆਂਗਣਵਾੜੀ"", ""brand:pnb"": ""آنگن واڑی"", ""brand:ta"": ""அங்கன்வாடி"", ""brand:te"": ""అంగన్వాడి"", ""brand:ur"": ""آنگن واڑی"", ""brand:wikidata"": ""Q16251231"", ""building"": ""yes"", ""name"": ""Anganwadi"", ""name:as"": ""অংগনবাদী"", ""name:de"": ""Anganwadi"", ""name:es"": ""Anganwadi"", ""name:fr"": ""Anganwadi"", ""name:hi"": ""वंडिपेरियार"", ""name:ks"": ""آنگن واڑی"", ""name:ml"": ""അങ്കണവാടി"", ""name:pa"": ""ਆਂਗਣਵਾੜੀ"", ""name:pnb"": ""آنگن واڑی"", ""name:ta"": ""அங்கன்வாடி"", ""name:te"": ""అంగన్వాడి"", ""name:ur"": ""آنگن واڑی""}"
OSM_way_858393681,way,858393681,"Sub Centre, Kallupadi",healthcare,medical_support,hospital,,,11.6331409,76.1504369,OpenStreetMap_Overpass,healthcare=hospital,way_center,"{""amenity"": ""hospital"", ""healthcare"": ""hospital"", ""name"": ""Sub Centre, Kallupadi"", ""operator:type"": ""government""}"
OSM_way_858394011,way,858394011,Assistant Director of Agriculture,public_building,potential_relocation_candidate,,yes,,11.6087593,76.0835916,OpenStreetMap_Overpass,office=government,way_center,"{""building"": ""yes"", ""name"": ""Assistant Director of Agriculture"", ""office"": ""government"", ""operator"": ""Department""}"
OSM_way_858399991,way,858399991,kambalakkad anganwadi,public_building,potential_relocation_candidate,,yes,,11.6755627,76.0736414,OpenStreetMap_Overpass,office=government,way_center,"{""addr:housenumber"": ""c no  53"", ""addr:street"": ""Mananthavady- Kalpetta road"", ""building"": ""yes"", ""name"": ""kambalakkad anganwadi"", ""office"": ""government""}"
OSM_way_858402810,way,858402810,Pralikunnu Anganwadi,community,potential_relocation_candidate,childcare,yes,,11.6756846,76.0869917,OpenStreetMap_Overpass,amenity=childcare,way_center,"{""addr:housenumber"": ""c no 54"", ""addr:street"": ""minor unclassified road"", ""amenity"": ""childcare"", ""building"": ""yes"", ""government"": ""yes"", ""name"": ""Pralikunnu Anganwadi""}"
OSM_way_858403357,way,858403357,കാക്കവയല്‍ സ്ക്കൂള്‍ ഗ്രൗണ്ട്,education,relocation_candidate,school,,,11.64781,76.1442682,OpenStreetMap_Overpass,amenity=school,way_center,"{""addr:city"": ""kalpetta"", ""addr:housenumber"": ""kakkavayal"", ""addr:postcode"": ""673122"", ""amenity"": ""school"", ""name"": ""കാക്കവയല്‍ സ്ക്കൂള്‍ ഗ്രൗണ്ട്"", ""operator"": ""Head Master GHSS Kakkavayal"", ""operator:type"": ""government""}"
OSM_way_858405043,way,858405043,kavadam second anganwadi,public_building,potential_relocation_candidate,,yes,,11.7265989,76.1077444,OpenStreetMap_Overpass,office=government,way_center,"{""addr:housenumber"": ""c no 44"", ""building"": ""yes"", ""name"": ""kavadam second anganwadi"", ""office"": ""government""}"
OSM_way_858415886,way,858415886,G L P SCHOOL KALPETTA OFFICE,education,relocation_candidate,school,,,11.6082877,76.0839577,OpenStreetMap_Overpass,amenity=school,way_center,"{""amenity"": ""school"", ""name"": ""G L P SCHOOL KALPETTA OFFICE""}"
OSM_way_858415887,way,858415887,G L P SCHOOL KALPETTA AUDITORIUM,education,relocation_candidate,school,,,11.6083619,76.0839352,OpenStreetMap_Overpass,amenity=school,way_center,"{""addr:street"": ""KALPETTA"", ""amenity"": ""school"", ""name"": ""G L P SCHOOL KALPETTA AUDITORIUM""}"
OSM_way_858415888,way,858415888,GLP SCHOOL KALPETTA BUILDINGS,education,relocation_candidate,school,,,11.6084518,76.0838964,OpenStreetMap_Overpass,amenity=school,way_center,"{""addr:city"": ""KALPETTA"", ""addr:postcode"": ""673121"", ""addr:street"": ""KALPETTA"", ""amenity"": ""school"", ""name"": ""GLP SCHOOL KALPETTA BUILDINGS""}"
OSM_way_858415889,way,858415889,G L P SCHOOL KALPETTA,education,relocation_candidate,school,,,11.608427,76.0840565,OpenStreetMap_Overpass,amenity=school,way_center,"{""addr:street"": ""KALPETTA"", ""amenity"": ""school"", ""name"": ""G L P SCHOOL KALPETTA""}"
OSM_way_858651304,way,858651304,"Village Office, Kidanganad",public_building,potential_relocation_candidate,,yes,,11.7323528,76.2451929,OpenStreetMap_Overpass,office=government,way_center,"{""addr:city"": ""sulthan bathery"", ""addr:postcode"": ""673592"", ""addr:street"": ""Sulthan batheri - Pulpally Road"", ""building"": ""yes"", ""government"": ""village_office"", ""name"": ""Village Office, Kidanganad"", ""office"": ""government"", ""opening_hours"": ""10:00-17:00"", ""phone"": ""+91-4936238783""}"
OSM_way_859558129,way,859558129,Kenichira Sub Centre,healthcare,medical_support,hospital,,,11.724053,76.150295,OpenStreetMap_Overpass,healthcare=hospital,way_center,"{""amenity"": ""hospital"", ""healthcare"": ""hospital"", ""name"": ""Kenichira Sub Centre"", ""operator"": ""HEALTH AND FAMILY WELFARE"", ""operator:type"": ""government""}"
OSM_way_860287183,way,860287183,"Chelode Anganwadi, Chelode",community,potential_relocation_candidate,childcare,yes,,11.5718665,76.0509122,OpenStreetMap_Overpass,amenity=childcare,way_center,"{""amenity"": ""childcare"", ""building"": ""yes"", ""name"": ""Chelode Anganwadi, Chelode"", ""name:ml"": ""ചേലോട്  അങ്കൺവാടി""}"
OSM_way_860325239,way,860325239,sc valavayal,healthcare,medical_support,hospital,,,11.7109532,76.1922831,OpenStreetMap_Overpass,healthcare=hospital,way_center,"{""amenity"": ""hospital"", ""healthcare"": ""hospital"", ""name"": ""sc valavayal"", ""operator"": ""HEALTH AND FAMILY WELFARE"", ""operator:type"": ""government""}"
OSM_way_860329423,way,860329423,SC Chempakapetta,healthcare,medical_support,hospital,,,11.7166626,76.1212232,OpenStreetMap_Overpass,healthcare=hospital,way_center,"{""amenity"": ""hospital"", ""healthcare"": ""hospital"", ""name"": ""SC Chempakapetta"", ""operator"": ""HEALTH & FAMILY WELFARE"", ""operator:type"": ""government""}"
OSM_way_860331857,way,860331857,,healthcare,medical_support,hospital,,,11.706231,76.1395705,OpenStreetMap_Overpass,healthcare=hospital,way_center,"{""amenity"": ""hospital"", ""healthcare"": ""hospital""}"
OSM_way_860563640,way,860563640,"Village Office, Irulam",public_building,potential_relocation_candidate,,yes,,11.748914,76.1932202,OpenStreetMap_Overpass,office=government,way_center,"{""addr:street"": ""Irulam Kenichira Road"", ""building"": ""yes"", ""government"": ""village_office"", ""name"": ""Village Office, Irulam"", ""office"": ""government""}"
OSM_way_860934054,way,860934054,SC Kaloorkunnu,healthcare,medical_support,hospital,,,11.7051045,76.2074937,OpenStreetMap_Overpass,healthcare=hospital,way_center,"{""amenity"": ""hospital"", ""healthcare"": ""hospital"", ""name"": ""SC Kaloorkunnu"", ""operator"": ""HEALTH &FAMILY WELFARE"", ""operator:type"": ""government""}"
OSM_way_860946845,way,860946845,"Village Office, Krishnagiri",public_building,potential_relocation_candidate,,yes,,11.6590833,76.1926429,OpenStreetMap_Overpass,office=government,way_center,"{""addr:city"": ""Krishnagiri"", ""addr:street"": ""Meenangadi Ambalavayal Road"", ""building"": ""yes"", ""government"": ""village_office"", ""name"": ""Village Office, Krishnagiri"", ""office"": ""government"", ""opening_hours:covid19"": ""restricted"", ""phone"": ""+918547616515""}"
OSM_way_860977971,way,860977971,"Village Office, Kaniyambetta",public_building,potential_relocation_candidate,,yes,,11.6951368,76.0805694,OpenStreetMap_Overpass,office=government,way_center,"{""building"": ""yes"", ""government"": ""village_office"", ""name"": ""Village Office, Kaniyambetta"", ""office"": ""government""}"
OSM_way_860981129,way,860981129,"Village Office, Ambalavayal",public_building,potential_relocation_candidate,,yes,,11.6189589,76.2108882,OpenStreetMap_Overpass,office=government,way_center,"{""building"": ""yes"", ""government"": ""village_office"", ""name"": ""Village Office, Ambalavayal"", ""office"": ""government""}"
OSM_way_860993726,way,860993726,SC Vakery,healthcare,medical_support,hospital,,,11.6958987,76.2212035,OpenStreetMap_Overpass,healthcare=hospital,way_center,"{""amenity"": ""hospital"", ""healthcare"": ""hospital"", ""name"": ""SC Vakery"", ""operator"": ""HELATH &FAMILY WELFARE"", ""operator:type"": ""government""}"
OSM_way_860996205,way,860996205,SC  Valanchery,healthcare,medical_support,hospital,,,11.7318103,76.1793089,OpenStreetMap_Overpass,healthcare=hospital,way_center,"{""amenity"": ""hospital"", ""healthcare"": ""hospital"", ""name"": ""SC  Valanchery"", ""operator"": ""HEALTH & FAMILY WELFARE"", ""operator:type"": ""government""}"
OSM_way_861293104,way,861293104,,healthcare,medical_support,hospital,,,11.6486041,76.2374089,OpenStreetMap_Overpass,healthcare=hospital,way_center,"{""amenity"": ""hospital"", ""healthcare"": ""hospital""}"
OSM_way_861294471,way,861294471,,healthcare,medical_support,hospital,,,11.6775091,76.2277117,OpenStreetMap_Overpass,healthcare=hospital,way_center,"{""amenity"": ""hospital"", ""healthcare"": ""hospital""}"
OSM_way_862675030,way,862675030,"Village Office, Muttil South",public_building,potential_relocation_candidate,,yes,,11.6411011,76.1073893,OpenStreetMap_Overpass,office=government,way_center,"{""addr:street"": ""Kalpetta-Sulthan Bathery Road"", ""building"": ""yes"", ""government"": ""village_office"", ""name"": ""Village Office, Muttil South"", ""office"": ""government""}"
OSM_way_862718613,way,862718613,"Village Office, Panamaram",public_building,potential_relocation_candidate,,yes,,11.7381111,76.0725448,OpenStreetMap_Overpass,office=government,way_center,"{""building"": ""yes"", ""government"": ""village_office"", ""name"": ""Village Office, Panamaram"", ""office"": ""government""}"
OSM_way_863230480,way,863230480,"GramaPanchayath Office, Meenangadi",public_building,potential_relocation_candidate,,yes,,11.6604241,76.1624804,OpenStreetMap_Overpass,office=government,way_center,"{""addr:city"": ""Meenangadi"", ""addr:postcode"": ""673591"", ""building"": ""yes"", ""government"": ""panchayath_office"", ""name"": ""GramaPanchayath Office, Meenangadi"", ""office"": ""government""}"
OSM_way_863231909,way,863231909,"Jilla Panchayath Office, Vayanad",public_building,potential_relocation_candidate,,yes,,11.6604719,76.1657782,OpenStreetMap_Overpass,office=government,way_center,"{""addr:city"": ""Meenangadi"", ""addr:postcode"": ""673591"", ""building"": ""yes"", ""government"": ""panchayath_office"", ""name"": ""Jilla Panchayath Office, Vayanad"", ""office"": ""government""}"
OSM_way_863232173,way,863232173,THRIVENY PANAMARAM,public_building,potential_relocation_candidate,,yes,,11.7399419,76.0720917,OpenStreetMap_Overpass,office=government,way_center,"{""addr:city"": ""Panamaram"", ""addr:postcode"": ""670721"", ""building"": ""yes"", ""government"": ""panchayath_office"", ""name"": ""THRIVENY PANAMARAM"", ""office"": ""government""}"
OSM_way_863252963,way,863252963,"Village Office, Kottappady",public_building,potential_relocation_candidate,,yes,,11.5513524,76.1334916,OpenStreetMap_Overpass,office=government,way_center,"{""building"": ""yes"", ""government"": ""village_office"", ""name"": ""Village Office, Kottappady"", ""office"": ""government""}"
OSM_way_863253282,way,863253282,"Village Office, Muttil North",public_building,potential_relocation_candidate,,yes,,11.642924,76.1102213,OpenStreetMap_Overpass,office=government,way_center,"{""addr:city"": ""Muttil"", ""addr:postcode"": ""673122"", ""addr:street"": ""Kalpetta-Sulthan Bathery Road"", ""building"": ""yes"", ""government"": ""village_office"", ""name"": ""Village Office, Muttil North"", ""office"": ""government""}"
OSM_way_866888712,way,866888712,"Grama Panchayat Office, Muppainad",public_building,potential_relocation_candidate,,yes,,11.5570779,76.2241553,OpenStreetMap_Overpass,office=government,way_center,"{""building"": ""yes"", ""email"": ""muppainadugp@gmail.com"", ""government"": ""panchayath_office"", ""name"": ""Grama Panchayat Office, Muppainad"", ""office"": ""government"", ""opening_hours"": ""Mo-Sa 10:00-17:00"", ""phone"": ""+91-4936217499"", ""website"": ""http://lsgkerala.in/muppainadpanchayat/""}"
OSM_way_866988503,way,866988503,"Grama Panchayath Office,Ambhalavayal",public_building,potential_relocation_candidate,,yes,,11.6225758,76.2115098,OpenStreetMap_Overpass,office=government,way_center,"{""addr:postcode"": ""673593"", ""building"": ""yes"", ""government"": ""panchayath_office"", ""name"": ""Grama Panchayath Office,Ambhalavayal"", ""office"": ""government"", ""opening_hours"": ""Mo-Sa 10:00-17:00"", ""operator"": ""government"", ""operator:type"": ""government"", ""phone"": ""+914936260423""}"
OSM_way_868236317,way,868236317,Primary Helth Center,healthcare,medical_support,,yes,,11.6173358,76.2419063,OpenStreetMap_Overpass,healthcare=clinic,way_center,"{""addr:city"": ""Sulthan Bathery"", ""addr:postcode"": ""673592"", ""addr:street"": ""THOVARIMALA POST,AMBUKUTHY,WAYANAD, KERALA,"", ""building"": ""yes"", ""healthcare"": ""clinic"", ""healthcare:speciality"": ""general"", ""name"": ""Primary Helth Center"", ""name:ml"": ""പ്രൈമറി ഹെൽത്ത് സെൻ്റർ""}"
OSM_way_890156940,way,890156940,Varadoor Aided UP School,education,relocation_candidate,school,,,11.7046363,76.1012304,OpenStreetMap_Overpass,amenity=school,way_center,"{""addr:city"": ""Varadoor"", ""addr:postcode"": ""673121"", ""addr:street"": ""Panamaram - Meenangadi road"", ""amenity"": ""school"", ""name"": ""Varadoor Aided UP School"", ""phone"": ""+91-4936289861""}"
OSM_way_891019047,way,891019047,Millumukku Hayathul Islam Secondary Madrassa and ALBiRR Islamic Pre School,education,relocation_candidate,school,,,11.7012353,76.0779195,OpenStreetMap_Overpass,amenity=school,way_center,"{""amenity"": ""school"", ""name"": ""Millumukku Hayathul Islam Secondary Madrassa and ALBiRR Islamic Pre School""}"
OSM_way_892197098,way,892197098,,healthcare,medical_support,,hospital,,11.6996574,76.1056278,OpenStreetMap_Overpass,building=hospital,way_center,"{""building"": ""hospital""}"
OSM_way_895795497,way,895795497,,education,relocation_candidate,,school,,11.7379339,76.0689852,OpenStreetMap_Overpass,building=school,way_center,"{""building"": ""school""}"
OSM_way_895795498,way,895795498,"Government Higher Secondary School, Panamaram",education,relocation_candidate,,school,,11.7377405,76.0689698,OpenStreetMap_Overpass,building=school,way_center,"{""building"": ""school"", ""name"": ""Government Higher Secondary School, Panamaram""}"
OSM_way_895795499,way,895795499,,education,relocation_candidate,,school,,11.7375955,76.0689887,OpenStreetMap_Overpass,building=school,way_center,"{""building"": ""school""}"
OSM_way_895795500,way,895795500,"Government Higher Secondary School, Panamaram",education,relocation_candidate,,school,,11.738294,76.0689796,OpenStreetMap_Overpass,building=school,way_center,"{""building"": ""school"", ""name"": ""Government Higher Secondary School, Panamaram""}"
OSM_way_895795501,way,895795501,"Government Higher Secondary School, Panamaram",education,relocation_candidate,,school,,11.7379674,76.0690817,OpenStreetMap_Overpass,building=school,way_center,"{""building"": ""school"", ""name"": ""Government Higher Secondary School, Panamaram""}"
OSM_way_895795502,way,895795502,,education,relocation_candidate,,school,,11.7376186,76.0691665,OpenStreetMap_Overpass,building=school,way_center,"{""building"": ""school""}"
OSM_way_895795503,way,895795503,"Government Higher Secondary School, Panamaram",education,relocation_candidate,,school,,11.7377431,76.0692622,OpenStreetMap_Overpass,building=school,way_center,"{""building"": ""school"", ""name"": ""Government Higher Secondary School, Panamaram""}"
OSM_way_895795504,way,895795504,,education,relocation_candidate,,school,,11.7375537,76.0692169,OpenStreetMap_Overpass,building=school,way_center,"{""building"": ""school""}"
OSM_way_895795505,way,895795505,,education,relocation_candidate,,school,,11.7379524,76.0693551,OpenStreetMap_Overpass,building=school,way_center,"{""building"": ""school""}"
OSM_way_895795506,way,895795506,,education,relocation_candidate,,school,,11.7382904,76.0687832,OpenStreetMap_Overpass,building=school,way_center,"{""building"": ""school""}"
OSM_way_895795507,way,895795507,,education,relocation_candidate,,school,,11.7383931,76.0687367,OpenStreetMap_Overpass,building=school,way_center,"{""building"": ""school""}"
OSM_way_895795508,way,895795508,"Government Higher Secondary School, Panamaram",education,relocation_candidate,,school,,11.7385355,76.0687425,OpenStreetMap_Overpass,building=school,way_center,"{""building"": ""school"", ""name"": ""Government Higher Secondary School, Panamaram""}"
OSM_way_895795509,way,895795509,"Government Higher Secondary  School, Panamaram",education,relocation_candidate,,school,,11.7385416,76.0691782,OpenStreetMap_Overpass,building=school,way_center,"{""building"": ""school"", ""name"": ""Government Higher Secondary  School, Panamaram""}"
OSM_way_895795510,way,895795510,,education,relocation_candidate,,school,,11.7386647,76.0695714,OpenStreetMap_Overpass,building=school,way_center,"{""building"": ""school""}"
OSM_way_895795511,way,895795511,,education,relocation_candidate,,school,,11.7387359,76.0697811,OpenStreetMap_Overpass,building=school,way_center,"{""building"": ""school""}"
OSM_way_895795512,way,895795512,"Government Higher Secondary School, Panamaram",education,relocation_candidate,,school,,11.7386021,76.0698036,OpenStreetMap_Overpass,building=school,way_center,"{""building"": ""school"", ""name"": ""Government Higher Secondary School, Panamaram""}"
OSM_way_933786989,way,933786989,Community Health Center,healthcare,medical_support,hospital,,,11.6645455,76.1680243,OpenStreetMap_Overpass,healthcare=hospital,way_center,"{""addr:city"": ""Meenangadi"", ""amenity"": ""hospital"", ""healthcare"": ""hospital"", ""layer"": ""1"", ""name"": ""Community Health Center"", ""operator"": ""Government"", ""phone"": ""+91 04936 247 290""}"
OSM_way_933790893,way,933790893,Police Station,public_building,potential_relocation_candidate,police,yes,,11.6604562,76.1622358,OpenStreetMap_Overpass,building=yes,way_center,"{""addr:city"": ""Meenangadi"", ""amenity"": ""police"", ""building"": ""yes"", ""name"": ""Police Station"", ""opening_hours"": ""24/7"", ""operator"": ""Government""}"
OSM_way_933793635,way,933793635,GLPS Channali,education,relocation_candidate,,school,,11.6725969,76.1479433,OpenStreetMap_Overpass,building=school,way_center,"{""addr:city"": ""Meenangadi"", ""addr:housenumber"": ""Channali, Kariyambadi (P.O)"", ""addr:street"": ""Panamaram - Meenangadi road"", ""building"": ""school"", ""building:levels"": ""1"", ""name"": ""GLPS Channali"", ""operator"": ""Government""}"
OSM_way_934288509,way,934288509,"Anganavadi, Srambippadi",community,potential_relocation_candidate,childcare,yes,,11.6371464,76.1150054,OpenStreetMap_Overpass,amenity=childcare,way_center,"{""addr:postcode"": ""673122"", ""addr:street"": ""Muttil-Chundale"", ""amenity"": ""childcare"", ""building"": ""yes"", ""name"": ""Anganavadi, Srambippadi""}"
OSM_way_934315029,way,934315029,"St. Thomas Church Parish Hall, Olivumala",community,relocation_candidate,events_venue,yes,,11.5560003,76.0545802,OpenStreetMap_Overpass,amenity=events_venue,way_center,"{""amenity"": ""events_venue"", ""building"": ""yes"", ""name"": ""St. Thomas Church Parish Hall, Olivumala""}"
OSM_way_934316104,way,934316104,"Swami Vivekananda Medical Mission Hospital, Ambukuthi",healthcare,medical_support,hospital,,,11.6374888,76.1106808,OpenStreetMap_Overpass,healthcare=hospital,way_center,"{""amenity"": ""hospital"", ""healthcare"": ""hospital"", ""name"": ""Swami Vivekananda Medical Mission Hospital, Ambukuthi"", ""operator:type"": ""private""}"
OSM_way_934324157,way,934324157,"Chundale Village Office, Chundale",public_building,potential_relocation_candidate,,yes,,11.5744227,76.0580857,OpenStreetMap_Overpass,office=government,way_center,"{""building"": ""yes"", ""government"": ""village_office"", ""name"": ""Chundale Village Office, Chundale"", ""office"": ""government""}"
OSM_way_934369188,way,934369188,"Jeevan Jyothi Care Home, Edapetty",community,relocation_candidate,social_facility,yes,,11.633597,76.1004809,OpenStreetMap_Overpass,amenity=social_facility,way_center,"{""amenity"": ""social_facility"", ""building"": ""yes"", ""name"": ""Jeevan Jyothi Care Home, Edapetty"", ""social_facility"": ""nursing_home"", ""social_facility:for"": ""senior""}"
OSM_way_934389240,way,934389240,"Government Ayurvedic Hospital, Kumbalad",healthcare,medical_support,hospital,,,11.6715407,76.1019522,OpenStreetMap_Overpass,healthcare=hospital,way_center,"{""amenity"": ""hospital"", ""healthcare"": ""hospital"", ""name"": ""Government Ayurvedic Hospital, Kumbalad"", ""operator:type"": ""government""}"
OSM_way_934407017,way,934407017,"Sub Centre, kumbalad",healthcare,medical_support,hospital,,,11.6774286,76.0998896,OpenStreetMap_Overpass,healthcare=hospital,way_center,"{""amenity"": ""hospital"", ""healthcare"": ""hospital"", ""name"": ""Sub Centre, kumbalad"", ""operator:type"": ""government""}"
OSM_way_934412068,way,934412068,"Anganavadi, Kariyambadi",community,potential_relocation_candidate,childcare,yes,,11.6769739,76.1322363,OpenStreetMap_Overpass,amenity=childcare,way_center,"{""addr:postcode"": ""673591"", ""addr:street"": ""Panamaram_Meenangadi road"", ""amenity"": ""childcare"", ""building"": ""yes"", ""name"": ""Anganavadi, Kariyambadi""}"
OSM_way_934414248,way,934414248,"Sub Centre, Panangandi",healthcare,medical_support,hospital,,,11.6708941,76.1217036,OpenStreetMap_Overpass,healthcare=hospital,way_center,"{""amenity"": ""hospital"", ""healthcare"": ""hospital"", ""name"": ""Sub Centre, Panangandi"", ""operator:type"": ""government""}"
OSM_way_934416972,way,934416972,"Anganavadi, Chelanjichal",community,potential_relocation_candidate,childcare,yes,,11.6602977,76.1044361,OpenStreetMap_Overpass,amenity=childcare,way_center,"{""addr:street"": ""Kambalakkad Parakkal road"", ""amenity"": ""childcare"", ""building"": ""yes"", ""name"": ""Anganavadi, Chelanjichal""}"
OSM_way_934419495,way,934419495,"Sub Centre, Pariyaram",healthcare,medical_support,hospital,,,11.6485862,76.1008657,OpenStreetMap_Overpass,healthcare=hospital,way_center,"{""amenity"": ""hospital"", ""healthcare"": ""hospital"", ""name"": ""Sub Centre, Pariyaram"", ""operator:type"": ""government""}"
OSM_way_934530101,way,934530101,"Neelakandy Moideen Sahib Memorial Government College, Vellarmkunnu",education,relocation_candidate,,college,,11.5959942,76.0618935,OpenStreetMap_Overpass,building=college,way_center,"{""building"": ""college"", ""name"": ""Neelakandy Moideen Sahib Memorial Government College, Vellarmkunnu""}"
OSM_way_934531804,way,934531804,"Kristu Raja School Ground, Vellarmkunnu",education,relocation_candidate,school,,,11.5937083,76.0592701,OpenStreetMap_Overpass,amenity=school,way_center,"{""amenity"": ""school"", ""name"": ""Kristu Raja School Ground, Vellarmkunnu""}"
OSM_way_934951506,way,934951506,Kumbalad Anganavadi,community,potential_relocation_candidate,childcare,yes,,11.667683,76.0934802,OpenStreetMap_Overpass,amenity=childcare,way_center,"{""addr:street"": ""Kambalakkad_Parakkal Road"", ""amenity"": ""childcare"", ""branch"": ""Paralikunn"", ""building"": ""yes"", ""name"": ""Kumbalad Anganavadi""}"
OSM_way_934962715,way,934962715,"Anganavadi, Mandad",community,potential_relocation_candidate,childcare,yes,,11.6329017,76.1228024,OpenStreetMap_Overpass,amenity=childcare,way_center,"{""addr:street"": ""Muttil-Chundale"", ""amenity"": ""childcare"", ""building"": ""yes"", ""name"": ""Anganavadi, Mandad""}"
OSM_way_934977425,way,934977425,"Anganavadi, Mandad",community,potential_relocation_candidate,childcare,yes,,11.6283134,76.1297665,OpenStreetMap_Overpass,amenity=childcare,way_center,"{""addr:street"": ""Muttil-Chundale"", ""amenity"": ""childcare"", ""building"": ""yes"", ""name"": ""Anganavadi, Mandad""}"
OSM_way_934979299,way,934979299,"Anganavadi, Kallupadi",community,potential_relocation_candidate,childcare,yes,,11.6257297,76.1540711,OpenStreetMap_Overpass,amenity=childcare,way_center,"{""amenity"": ""childcare"", ""building"": ""yes"", ""name"": ""Anganavadi, Kallupadi""}"
OSM_way_935008195,way,935008195,"Anganavady, Thondupali",community,potential_relocation_candidate,childcare,yes,,11.6567213,76.1121199,OpenStreetMap_Overpass,amenity=childcare,way_center,"{""amenity"": ""childcare"", ""building"": ""yes"", ""name"": ""Anganavady, Thondupali""}"
OSM_way_935012672,way,935012672,"St George Lower Primary School, Kolavayal",education,relocation_candidate,school,,,11.659268,76.1205557,OpenStreetMap_Overpass,amenity=school,way_center,"{""addr:city"": ""Muttil"", ""addr:postcode"": ""673122"", ""addr:street"": ""Kolavayal-Karymbadi Road"", ""amenity"": ""school"", ""name"": ""St George Lower Primary School, Kolavayal"", ""operator:type"": ""Aided""}"
OSM_way_935069623,way,935069623,"Anganavadi, Aduvadi",community,potential_relocation_candidate,childcare,yes,,11.6457477,76.1182753,OpenStreetMap_Overpass,amenity=childcare,way_center,"{""addr:street"": ""Kalpetta_Sulthan Bathery Road"", ""amenity"": ""childcare"", ""building"": ""yes"", ""name"": ""Anganavadi, Aduvadi""}"
OSM_way_935094724,way,935094724,"Anganavadi, Thottamkolli",community,potential_relocation_candidate,childcare,yes,,11.6365009,76.1566863,OpenStreetMap_Overpass,amenity=childcare,way_center,"{""amenity"": ""childcare"", ""building"": ""yes"", ""name"": ""Anganavadi, Thottamkolli""}"
OSM_way_935103537,way,935103537,"Anganavadi, Manikkuni",community,potential_relocation_candidate,childcare,yes,,11.6628079,76.130522,OpenStreetMap_Overpass,amenity=childcare,way_center,"{""amenity"": ""childcare"", ""building"": ""yes"", ""name"": ""Anganavadi, Manikkuni""}"
OSM_way_935104706,way,935104706,"Anganavadi, Aalamdhatta",community,potential_relocation_candidate,childcare,yes,,11.650581,76.0996409,OpenStreetMap_Overpass,amenity=childcare,way_center,"{""amenity"": ""childcare"", ""building"": ""yes"", ""name"": ""Anganavadi, Aalamdhatta""}"
OSM_way_935105561,way,935105561,"Anganavadi, Muranikkara",community,potential_relocation_candidate,childcare,yes,,11.6538148,76.0981981,OpenStreetMap_Overpass,amenity=childcare,way_center,"{""amenity"": ""childcare"", ""building"": ""yes"", ""name"": ""Anganavadi, Muranikkara""}"
OSM_way_935110231,way,935110231,"Pre-Primary School, Kallupadi",education,relocation_candidate,school,,,11.6341495,76.1503699,OpenStreetMap_Overpass,amenity=school,way_center,"{""addr:postcode"": ""673122"", ""amenity"": ""school"", ""name"": ""Pre-Primary School, Kallupadi"", ""operator:type"": ""government""}"
OSM_way_935448673,way,935448673,"W.O High School, Muttil",education,relocation_candidate,school,,,11.6326981,76.1184899,OpenStreetMap_Overpass,amenity=school,way_center,"{""addr:postcode"": ""673122"", ""addr:street"": ""Muttil-Chundale"", ""amenity"": ""school"", ""name"": ""W.O High School, Muttil""}"
OSM_way_935505606,way,935505606,"Anganavadi, Pakkam",community,potential_relocation_candidate,childcare,yes,,11.6123934,76.1580766,OpenStreetMap_Overpass,amenity=childcare,way_center,"{""amenity"": ""childcare"", ""building"": ""yes"", ""name"": ""Anganavadi, Pakkam""}"
OSM_way_935530574,way,935530574,"Anganavadi, Karingannikunn",community,potential_relocation_candidate,childcare,yes,,11.623964,76.1441707,OpenStreetMap_Overpass,amenity=childcare,way_center,"{""amenity"": ""childcare"", ""building"": ""yes"", ""name"": ""Anganavadi, Karingannikunn""}"
OSM_way_935543722,way,935543722,"Ayur Nikhethan Ayurvedic Hospital, Mandad",healthcare,medical_support,,hospital,,11.633786,76.1302945,OpenStreetMap_Overpass,building=hospital,way_center,"{""building"": ""hospital"", ""name"": ""Ayur Nikhethan Ayurvedic Hospital, Mandad""}"
OSM_way_935686052,way,935686052,"Anganavadi, Ambukuthi",community,potential_relocation_candidate,childcare,yes,,11.6356311,76.1087294,OpenStreetMap_Overpass,amenity=childcare,way_center,"{""amenity"": ""childcare"", ""building"": ""yes"", ""name"": ""Anganavadi, Ambukuthi""}"
OSM_way_935691086,way,935691086,"Government Lower Primary School, Edapetty",education,relocation_candidate,school,,,11.6334005,76.0974736,OpenStreetMap_Overpass,amenity=school,way_center,"{""addr:street"": ""Kalpetta-Sulthan Bathery Road"", ""amenity"": ""school"", ""name"": ""Government Lower Primary School, Edapetty"", ""operator:type"": ""government""}"
OSM_way_936611174,way,936611174,,education,relocation_candidate,,school,,11.6336272,76.1190848,OpenStreetMap_Overpass,building=school,way_center,"{""building"": ""school""}"
OSM_way_936611751,way,936611751,,education,relocation_candidate,,school,,11.6334806,76.1184725,OpenStreetMap_Overpass,building=school,way_center,"{""building"": ""school""}"
OSM_way_936629234,way,936629234,,education,relocation_candidate,,school,,11.6334005,76.0973427,OpenStreetMap_Overpass,building=school,way_center,"{""building"": ""school""}"
OSM_way_936629299,way,936629299,,education,relocation_candidate,,school,,11.6334236,76.0974862,OpenStreetMap_Overpass,building=school,way_center,"{""building"": ""school""}"
OSM_way_936986616,way,936986616,GLPS Channali,education,relocation_candidate,,school,,11.6630555,76.167024,OpenStreetMap_Overpass,building=school,way_center,"{""building"": ""school"", ""name"": ""GLPS Channali""}"
OSM_way_937060171,way,937060171,"Primary Health Center, Vazhavatta",healthcare,medical_support,hospital,,,11.6214018,76.1582477,OpenStreetMap_Overpass,healthcare=hospital,way_center,"{""amenity"": ""hospital"", ""healthcare"": ""hospital"", ""name"": ""Primary Health Center, Vazhavatta""}"
OSM_way_939336770,way,939336770,,education,relocation_candidate,,school,,11.5891118,76.2093306,OpenStreetMap_Overpass,building=school,way_center,"{""addr:city"": ""Ambalvayal"", ""addr:place"": ""Vengachal"", ""addr:postcode"": ""673593"", ""building"": ""school""}"
OSM_way_939336771,way,939336771,,education,relocation_candidate,,school,,11.5893639,76.2092121,OpenStreetMap_Overpass,building=school,way_center,"{""addr:city"": ""Ambalvayal"", ""addr:place"": ""Vengachal"", ""addr:postcode"": ""673593"", ""building"": ""school""}"
OSM_way_939336772,way,939336772,,education,relocation_candidate,,school,,11.5895156,76.209179,OpenStreetMap_Overpass,building=school,way_center,"{""addr:city"": ""Ambalvayal"", ""addr:place"": ""Vengachal"", ""addr:postcode"": ""673593"", ""building"": ""school""}"
OSM_way_939336774,way,939336774,Government Lower Primary School Cheegavalam,education,relocation_candidate,school,,,11.5892571,76.20923,OpenStreetMap_Overpass,amenity=school,way_center,"{""addr:city"": ""Ambalvayal"", ""addr:place"": ""Vengachal"", ""addr:postcode"": ""673593"", ""amenity"": ""school"", ""grades"": ""1-4"", ""name"": ""Government Lower Primary School Cheegavalam"", ""operator"": ""Government"", ""operator:type"": ""government""}"
OSM_way_950152276,way,950152276,Sneha Hospital Kenichira,healthcare,medical_support,,hospital,,11.7217851,76.1533045,OpenStreetMap_Overpass,building=hospital,way_center,"{""addr:city"": ""Kenichira"", ""addr:postcode"": ""673596"", ""addr:street"": ""Panamaram-Nadavayal - Bathery Road"", ""building"": ""hospital"", ""name"": ""Sneha Hospital Kenichira""}"
OSM_way_952076151,way,952076151,Hill Top Auditorium,community,relocation_candidate,events_venue,yes,,11.7372256,76.1655029,OpenStreetMap_Overpass,amenity=events_venue,way_center,"{""addr:city"": ""Kenichira"", ""addr:postcode"": ""673596"", ""addr:street"": ""Gurumandhiram"", ""amenity"": ""events_venue"", ""building"": ""yes"", ""name"": ""Hill Top Auditorium""}"
OSM_way_952076991,way,952076991,"Grama Panchayath Office, Poothadi",public_building,potential_relocation_candidate,,yes,,11.7238094,76.1530726,OpenStreetMap_Overpass,office=government,way_center,"{""addr:city"": ""Kenichira"", ""addr:postcode"": ""673596"", ""addr:street"": ""Kenichira-Pulpally Road"", ""building"": ""yes"", ""government"": ""panchayath_office"", ""name"": ""Grama Panchayath Office, Poothadi"", ""office"": ""government""}"
OSM_way_952102248,way,952102248,Infant Jesus Malayalam Medium School,education,relocation_candidate,,school,,11.7255854,76.1466585,OpenStreetMap_Overpass,building=school,way_center,"{""addr:city"": ""Kenichira"", ""addr:postcode"": ""673596"", ""addr:street"": ""Panamaram-Nadavayal - Bathery Road"", ""building"": ""school"", ""name"": ""Infant Jesus Malayalam Medium School"", ""nohousenumber"": ""yes""}"
OSM_way_952102711,way,952102711,"Infant Jesus School, Kenichira",education,relocation_candidate,school,,,11.7254628,76.1471953,OpenStreetMap_Overpass,amenity=school,way_center,"{""addr:city"": ""Kenichira"", ""addr:postcode"": ""673596"", ""addr:street"": ""Panamaram-Nadavayal - Bathery Road"", ""amenity"": ""school"", ""check_date"": ""2025-12-24"", ""name"": ""Infant Jesus School, Kenichira""}"
OSM_way_952104319,way,952104319,"Family Health Center, Poothadi",healthcare,medical_support,hospital,,,11.7253588,76.1484157,OpenStreetMap_Overpass,healthcare=hospital,way_center,"{""addr:city"": ""Kenichira"", ""addr:postcode"": ""673596"", ""addr:street"": ""Kenichira"", ""amenity"": ""hospital"", ""check_date"": ""2025-12-24"", ""healthcare"": ""hospital"", ""name"": ""Family Health Center, Poothadi"", ""operator"": ""Department of Health and Family Welfare"", ""operator:type"": ""government"", ""ref"": ""1981""}"
OSM_way_952219723,way,952219723,"Police Station, Kenichira",public_building,potential_relocation_candidate,police,yes,,11.7241182,76.1436174,OpenStreetMap_Overpass,building=yes,way_center,"{""addr:city"": ""Kenichira"", ""addr:postcode"": ""673596"", ""addr:street"": ""Kenichira-Poothadi Road"", ""amenity"": ""police"", ""building"": ""yes"", ""name"": ""Police Station, Kenichira"", ""opening_hours"": ""24/7"", ""ref"": ""15298014""}"
OSM_way_952225449,way,952225449,Vrindhavan Auditorium,community,relocation_candidate,events_venue,yes,,11.7182994,76.1550897,OpenStreetMap_Overpass,amenity=events_venue,way_center,"{""addr:city"": ""kenichira"", ""addr:postcode"": ""673596"", ""addr:street"": ""Panamaram-Nadavayal - Bathery Road"", ""amenity"": ""events_venue"", ""building"": ""yes"", ""name"": ""Vrindhavan Auditorium""}"
OSM_way_954657029,way,954657029,"Infant Jesus English Medium School,Kenichira",education,relocation_candidate,,school,,11.7251893,76.147369,OpenStreetMap_Overpass,building=school,way_center,"{""addr:city"": ""Kenichira"", ""addr:postcode"": ""673596"", ""addr:street"": ""Panamaram-Nadavayal - Bathery Road"", ""building"": ""school"", ""name"": ""Infant Jesus English Medium School,Kenichira"", ""nohousenumber"": ""yes""}"
OSM_way_958445642,way,958445642,"anganvadi,balavadikkavala",community,potential_relocation_candidate,childcare,yes,,11.6295464,76.2234301,OpenStreetMap_Overpass,amenity=childcare,way_center,"{""amenity"": ""childcare"", ""building"": ""yes"", ""name"": ""anganvadi,balavadikkavala""}"
OSM_way_959148252,way,959148252,"Kappamkunnu Anganavady,  Kunjamkode",community,potential_relocation_candidate,childcare,yes,,11.5847158,76.056799,OpenStreetMap_Overpass,amenity=childcare,way_center,"{""amenity"": ""childcare"", ""building"": ""yes"", ""name"": ""Kappamkunnu Anganavady,  Kunjamkode""}"
OSM_way_959162949,way,959162949,"Chundale Anganavady, Chundale",community,potential_relocation_candidate,childcare,yes,,11.5745186,76.0569541,OpenStreetMap_Overpass,amenity=childcare,way_center,"{""amenity"": ""childcare"", ""building"": ""yes"", ""name"": ""Chundale Anganavady, Chundale""}"
OSM_way_959165393,way,959165393,Community Health Centre Ambalavayal,healthcare,medical_support,,hospital,,11.6202275,76.2098328,OpenStreetMap_Overpass,building=hospital,way_center,"{""building"": ""hospital"", ""building:levels"": ""1"", ""name"": ""Community Health Centre Ambalavayal"", ""operator"": ""Department of Health Services""}"
OSM_way_959165394,way,959165394,Family Health Centre Ambalavayal,healthcare,medical_support,,hospital,,11.6202677,76.2094268,OpenStreetMap_Overpass,building=hospital,way_center,"{""building"": ""hospital"", ""name"": ""Family Health Centre Ambalavayal""}"
OSM_way_959165395,way,959165395,Family Health Centre Ambalavayal,healthcare,medical_support,,hospital,,11.6202365,76.2093053,OpenStreetMap_Overpass,building=hospital,way_center,"{""building"": ""hospital"", ""building:levels"": ""1"", ""name"": ""Family Health Centre Ambalavayal""}"
OSM_way_959165396,way,959165396,Family Health Centre Ambalavayal,healthcare,medical_support,,hospital,,11.6202128,76.2095224,OpenStreetMap_Overpass,building=hospital,way_center,"{""building"": ""hospital"", ""name"": ""Family Health Centre Ambalavayal""}"
OSM_way_959170659,way,959170659,"Olivumala Anganavadi, Olivumala",community,potential_relocation_candidate,childcare,yes,,11.5571954,76.0532932,OpenStreetMap_Overpass,amenity=childcare,way_center,"{""amenity"": ""childcare"", ""building"": ""yes"", ""name"": ""Olivumala Anganavadi, Olivumala""}"
OSM_way_960676510,way,960676510,NSS Higher Secondary School Q,education,relocation_candidate,,school,,11.5977264,76.0815687,OpenStreetMap_Overpass,building=school,way_center,"{""building"": ""school"", ""name"": ""NSS Higher Secondary School Q""}"
OSM_way_960676511,way,960676511,NSS Higher Secondary School,education,relocation_candidate,,school,,11.5974371,76.0815854,OpenStreetMap_Overpass,building=school,way_center,"{""building"": ""school"", ""name"": ""NSS Higher Secondary School""}"
OSM_way_960676512,way,960676512,NSS Higher Secondary School,education,relocation_candidate,,school,,11.5967403,76.0818829,OpenStreetMap_Overpass,building=school,way_center,"{""building"": ""school"", ""name"": ""NSS Higher Secondary School""}"
OSM_way_960676513,way,960676513,NSS Higher Secondary School,education,relocation_candidate,school,,,11.5971392,76.0816181,OpenStreetMap_Overpass,amenity=school,way_center,"{""amenity"": ""school"", ""name"": ""NSS Higher Secondary School""}"
OSM_way_962988127,way,962988127,,education,relocation_candidate,,school,,11.6390403,76.0884729,OpenStreetMap_Overpass,building=school,way_center,"{""building"": ""school""}"
OSM_way_963191231,way,963191231,"S A Lower Primary School,Kottathara",education,relocation_candidate,school,,,11.6595041,76.0578426,OpenStreetMap_Overpass,amenity=school,way_center,"{""amenity"": ""school"", ""name"": ""S A Lower Primary School,Kottathara""}"
OSM_way_963191232,way,963191232,,education,relocation_candidate,,school,,11.6596092,76.057867,OpenStreetMap_Overpass,building=school,way_center,"{""building"": ""school""}"
OSM_way_963191233,way,963191233,,education,relocation_candidate,,school,,11.6596986,76.0578652,OpenStreetMap_Overpass,building=school,way_center,"{""building"": ""school""}"
OSM_way_963191234,way,963191234,,education,relocation_candidate,,school,,11.6592891,76.0578678,OpenStreetMap_Overpass,building=school,way_center,"{""building"": ""school""}"
OSM_way_963197755,way,963197755,"Government Vocational Higher Secondary School, Karimkutty",education,relocation_candidate,school,,,11.6607231,76.0606523,OpenStreetMap_Overpass,amenity=school,way_center,"{""addr:city"": ""Kottathara"", ""addr:street"": ""Kokkuzhi- Karimkutty Road"", ""amenity"": ""school"", ""name"": ""Government Vocational Higher Secondary School, Karimkutty"", ""operator"": ""Government"", ""operator:type"": ""government""}"
OSM_way_963197757,way,963197757,,education,relocation_candidate,,school,,11.661003,76.0606212,OpenStreetMap_Overpass,building=school,way_center,"{""building"": ""school""}"
OSM_way_963197758,way,963197758,,education,relocation_candidate,,school,,11.6609619,76.0608108,OpenStreetMap_Overpass,building=school,way_center,"{""building"": ""school""}"
OSM_way_963197759,way,963197759,,education,relocation_candidate,,school,,11.6611026,76.0609206,OpenStreetMap_Overpass,building=school,way_center,"{""building"": ""school""}"
OSM_way_963197760,way,963197760,,education,relocation_candidate,,school,,11.6608809,76.0609992,OpenStreetMap_Overpass,building=school,way_center,"{""building"": ""school""}"
OSM_way_963197761,way,963197761,,education,relocation_candidate,,school,,11.6609818,76.0611869,OpenStreetMap_Overpass,building=school,way_center,"{""building"": ""school""}"
OSM_way_963197762,way,963197762,,education,relocation_candidate,,school,,11.6604642,76.0610263,OpenStreetMap_Overpass,building=school,way_center,"{""building"": ""school""}"
OSM_way_963197763,way,963197763,,education,relocation_candidate,,school,,11.66052,76.0611454,OpenStreetMap_Overpass,building=school,way_center,"{""building"": ""school""}"
OSM_way_963941293,way,963941293,"Sub Center , Karinkutty",healthcare,medical_support,hospital,,,11.6596766,76.0616799,OpenStreetMap_Overpass,healthcare=hospital,way_center,"{""amenity"": ""hospital"", ""healthcare"": ""hospital"", ""name"": ""Sub Center , Karinkutty"", ""operator"": ""Government"", ""operator:type"": ""government""}"
OSM_way_963941294,way,963941294,,healthcare,medical_support,,hospital,,11.6597313,76.0616935,OpenStreetMap_Overpass,building=hospital,way_center,"{""building"": ""hospital""}"
OSM_way_968459273,way,968459273,Pallikkunnu,community,potential_relocation_candidate,childcare,yes,,11.6793729,76.0527003,OpenStreetMap_Overpass,amenity=childcare,way_center,"{""amenity"": ""childcare"", ""building"": ""yes"", ""name"": ""Pallikkunnu""}"
OSM_way_968498763,way,968498763,Kappukolly Scheduled Tribe Community Center,community,relocation_candidate,community_centre,yes,,11.6761732,76.0594678,OpenStreetMap_Overpass,amenity=community_centre,way_center,"{""amenity"": ""community_centre"", ""building"": ""yes"", ""name"": ""Kappukolly Scheduled Tribe Community Center""}"
OSM_way_969593374,way,969593374,"Anganavadi ,Thettuvadi",community,potential_relocation_candidate,childcare,yes,,11.6595624,76.0854321,OpenStreetMap_Overpass,amenity=childcare,way_center,"{""amenity"": ""childcare"", ""building"": ""yes"", ""name"": ""Anganavadi ,Thettuvadi""}"
OSM_way_974199988,way,974199988,Rest House Anganwadi,community,potential_relocation_candidate,childcare,yes,,11.6034968,76.2248335,OpenStreetMap_Overpass,amenity=childcare,way_center,"{""amenity"": ""childcare"", ""building"": ""yes"", ""name"": ""Rest House Anganwadi"", ""operator"": ""government"", ""operator:type"": ""government""}"
OSM_way_974207693,way,974207693,Karadippara Anganwadi,community,potential_relocation_candidate,childcare,yes,,11.5903844,76.2429103,OpenStreetMap_Overpass,amenity=childcare,way_center,"{""amenity"": ""childcare"", ""building"": ""yes"", ""name"": ""Karadippara Anganwadi"", ""operator"": ""government"", ""operator:type"": ""government""}"
OSM_way_974359283,way,974359283,Mankombu Anganwadi,community,potential_relocation_candidate,childcare,yes,,11.6099474,76.2241583,OpenStreetMap_Overpass,amenity=childcare,way_center,"{""amenity"": ""childcare"", ""building"": ""yes"", ""name"": ""Mankombu Anganwadi"", ""operator"": ""government"", ""operator:type"": ""government""}"
OSM_way_974374361,way,974374361,Padiparambu Anganwadi,community,potential_relocation_candidate,childcare,yes,,11.6060896,76.2397901,OpenStreetMap_Overpass,amenity=childcare,way_center,"{""amenity"": ""childcare"", ""building"": ""yes"", ""name"": ""Padiparambu Anganwadi"", ""operator"": ""Government"", ""operator:type"": ""government""}"
OSM_way_974593023,way,974593023,St.Peter'S And St.Paul'S English Medium Higher Secondary School,education,relocation_candidate,school,,,11.6602366,76.1720046,OpenStreetMap_Overpass,amenity=school,way_center,"{""amenity"": ""school"", ""grades"": ""11-12"", ""name"": ""St.Peter'S And St.Paul'S English Medium Higher Secondary School"", ""operator"": ""Private""}"
OSM_way_974593024,way,974593024,St Gregorios College Meenangadi,education,relocation_candidate,,college,,11.6634125,76.1720406,OpenStreetMap_Overpass,building=college,way_center,"{""building"": ""college"", ""building:levels"": ""0"", ""name"": ""St Gregorios College Meenangadi""}"
OSM_way_976212231,way,976212231,,community,potential_relocation_candidate,childcare,yes,,11.649551,76.2005645,OpenStreetMap_Overpass,amenity=childcare,way_center,"{""amenity"": ""childcare"", ""building"": ""yes""}"
OSM_way_976212232,way,976212232,Mundanadappu,community,potential_relocation_candidate,childcare,yes,,11.6592543,76.1925536,OpenStreetMap_Overpass,amenity=childcare,way_center,"{""amenity"": ""childcare"", ""building"": ""yes"", ""name"": ""Mundanadappu"", ""operator"": ""government""}"
OSM_way_976572060,way,976572060,Veettipura Anganwady,community,potential_relocation_candidate,childcare,yes,,11.6715856,76.1500878,OpenStreetMap_Overpass,amenity=childcare,way_center,"{""amenity"": ""childcare"", ""building"": ""yes"", ""name"": ""Veettipura Anganwady""}"
OSM_way_976574135,way,976574135,Palakkamoola Anganvadi,community,potential_relocation_candidate,childcare,yes,,11.6793825,76.1489378,OpenStreetMap_Overpass,amenity=childcare,way_center,"{""amenity"": ""childcare"", ""building"": ""yes"", ""name"": ""Palakkamoola Anganvadi""}"
OSM_way_976911217,way,976911217,Sisu Mandir Meenangadi,public_building,potential_relocation_candidate,,yes,,11.659805,76.1622965,OpenStreetMap_Overpass,office=government,way_center,"{""building"": ""yes"", ""name"": ""Sisu Mandir Meenangadi"", ""office"": ""government""}"
OSM_way_976920159,way,976920159,District Stationary Office,public_building,potential_relocation_candidate,,yes,,11.6639246,76.1603111,OpenStreetMap_Overpass,office=government,way_center,"{""building"": ""yes"", ""government"": ""government_office"", ""name"": ""District Stationary Office"", ""office"": ""government""}"
OSM_way_979199293,way,979199293,Meenangadi Anganwadi,community,potential_relocation_candidate,childcare,yes,,11.6643244,76.1671515,OpenStreetMap_Overpass,amenity=childcare,way_center,"{""amenity"": ""childcare"", ""building"": ""yes"", ""name"": ""Meenangadi Anganwadi"", ""operator"": ""Government""}"
OSM_way_979207302,way,979207302,Kolambetta Anganwadi,community,potential_relocation_candidate,childcare,yes,,11.6615332,76.1400691,OpenStreetMap_Overpass,amenity=childcare,way_center,"{""amenity"": ""childcare"", ""building"": ""yes"", ""name"": ""Kolambetta Anganwadi""}"
OSM_way_979551970,way,979551970,Thachambath Anganawadi,community,potential_relocation_candidate,childcare,yes,,11.6797547,76.1687501,OpenStreetMap_Overpass,amenity=childcare,way_center,"{""amenity"": ""childcare"", ""building"": ""yes"", ""name"": ""Thachambath Anganawadi""}"
OSM_way_979577919,way,979577919,Valiya Kolly Anganwadi,community,potential_relocation_candidate,childcare,yes,,11.7080694,76.1713079,OpenStreetMap_Overpass,amenity=childcare,way_center,"{""amenity"": ""childcare"", ""building"": ""yes"", ""name"": ""Valiya Kolly Anganwadi""}"
OSM_way_979748664,way,979748664,Kottoor sudhikavala Anganwadi,community,potential_relocation_candidate,childcare,yes,,11.6510914,76.1598006,OpenStreetMap_Overpass,amenity=childcare,way_center,"{""amenity"": ""childcare"", ""building"": ""yes"", ""name"": ""Kottoor sudhikavala Anganwadi""}"
OSM_way_979939894,way,979939894,Government Higher Secondary School Meenangadi,education,relocation_candidate,school,,,11.6642277,76.1672558,OpenStreetMap_Overpass,amenity=school,way_center,"{""amenity"": ""school"", ""name"": ""Government Higher Secondary School Meenangadi""}"
OSM_way_979941917,way,979941917,GLPS CC Bhoothanam,education,relocation_candidate,school,,,11.6815703,76.2029618,OpenStreetMap_Overpass,amenity=school,way_center,"{""amenity"": ""school"", ""grades"": ""1-4"", ""name"": ""GLPS CC Bhoothanam"", ""operator"": ""Government""}"
OSM_way_979949928,way,979949928,CC Moonnanakkuzhi Anganwadi,community,potential_relocation_candidate,childcare,yes,,11.6826874,76.2067077,OpenStreetMap_Overpass,amenity=childcare,way_center,"{""amenity"": ""childcare"", ""building"": ""yes"", ""name"": ""CC Moonnanakkuzhi Anganwadi"", ""operator"": ""Government""}"
OSM_way_979977874,way,979977874,Mothirottukunnu Anganwadi,community,potential_relocation_candidate,childcare,yes,,11.6603164,76.1569765,OpenStreetMap_Overpass,amenity=childcare,way_center,"{""amenity"": ""childcare"", ""building"": ""yes"", ""name"": ""Mothirottukunnu Anganwadi""}"
OSM_way_979997478,way,979997478,Government Commercial Institute Meenangadi,education,relocation_candidate,,college,,11.6656891,76.1683329,OpenStreetMap_Overpass,building=college,way_center,"{""building"": ""college"", ""name"": ""Government Commercial Institute Meenangadi"", ""operator"": ""Government""}"
OSM_way_982240822,way,982240822,Community Health Centre Panamaram,healthcare,medical_support,hospital,,,11.7385631,76.070093,OpenStreetMap_Overpass,healthcare=hospital,way_center,"{""amenity"": ""hospital"", ""emergency"": ""no"", ""healthcare"": ""hospital"", ""name"": ""Community Health Centre Panamaram""}"
OSM_way_982865794,way,982865794,Aneri Community Center,community,relocation_candidate,community_centre,yes,,11.6642855,76.0702686,OpenStreetMap_Overpass,amenity=community_centre,way_center,"{""amenity"": ""community_centre"", ""building"": ""yes"", ""name"": ""Aneri Community Center""}"
OSM_way_982865795,way,982865795,Aneri First,community,potential_relocation_candidate,childcare,yes,,11.663537,76.0712209,OpenStreetMap_Overpass,amenity=childcare,way_center,"{""amenity"": ""childcare"", ""building"": ""yes"", ""name"": ""Aneri First""}"
OSM_way_991910020,way,991910020,Crescent Public High School,education,relocation_candidate,,school,,11.7317432,76.073364,OpenStreetMap_Overpass,building=school,way_center,"{""building"": ""school"", ""name"": ""Crescent Public High School""}"
OSM_way_991910021,way,991910021,,education,relocation_candidate,,school,,11.7320089,76.0732681,OpenStreetMap_Overpass,building=school,way_center,"{""building"": ""school""}"
OSM_way_991910022,way,991910022,,education,relocation_candidate,,school,,11.7314164,76.0732283,OpenStreetMap_Overpass,building=school,way_center,"{""building"": ""school""}"
OSM_way_991910023,way,991910023,Crescent Public High School,education,relocation_candidate,school,,,11.7316977,76.0734094,OpenStreetMap_Overpass,amenity=school,way_center,"{""amenity"": ""school"", ""grades"": ""0-10"", ""name"": ""Crescent Public High School"", ""wikimedia_commons"": ""File:Crescent Public School Panamaram 5.jpg""}"
OSM_way_995800480,way,995800480,"Sub Center, Chundakkara",healthcare,medical_support,hospital,,,11.6817056,76.065365,OpenStreetMap_Overpass,healthcare=hospital,way_center,"{""addr:city"": ""Mechana"", ""amenity"": ""hospital"", ""healthcare"": ""hospital"", ""healthcare:speciality"": ""general"", ""name"": ""Sub Center, Chundakkara"", ""operator"": ""Government"", ""operator:en"": ""Indian Systems of Medicine"", ""panchayat"": ""Kottathara"", ""ref"": ""121801320005""}"
OSM_way_1005960095,way,1005960095,"Anganavadi, Chazhivayal",community,potential_relocation_candidate,childcare,yes,,11.6361191,76.1334606,OpenStreetMap_Overpass,amenity=childcare,way_center,"{""amenity"": ""childcare"", ""building"": ""yes"", ""name"": ""Anganavadi, Chazhivayal""}"
OSM_way_1006263011,way,1006263011,"Anganavadi, Chullimoola",community,potential_relocation_candidate,childcare,yes,,11.634303,76.1010385,OpenStreetMap_Overpass,amenity=childcare,way_center,"{""amenity"": ""childcare"", ""building"": ""yes"", ""name"": ""Anganavadi, Chullimoola""}"
OSM_way_1014976900,way,1014976900,HIM Oxford English School,education,relocation_candidate,,school,,11.5570939,76.2228346,OpenStreetMap_Overpass,building=school,way_center,"{""building"": ""school"", ""name"": ""HIM Oxford English School""}"
OSM_way_1014979810,way,1014979810,DM WIMS Pharmacy College,education,relocation_candidate,,college,,11.5613772,76.1630387,OpenStreetMap_Overpass,building=college,way_center,"{""building"": ""college"", ""name"": ""DM WIMS Pharmacy College""}"
OSM_way_1014980181,way,1014980181,DM WIMS Nursing College,education,relocation_candidate,,college,,11.5617785,76.1630236,OpenStreetMap_Overpass,building=college,way_center,"{""building"": ""college"", ""name"": ""DM WIMS Nursing College""}"
OSM_way_1015067737,way,1015067737,Sreedhar Memorial Hospital,healthcare,medical_support,,hospital,,11.5504011,76.2128657,OpenStreetMap_Overpass,building=hospital,way_center,"{""building"": ""hospital"", ""name"": ""Sreedhar Memorial Hospital""}"
OSM_way_1015068296,way,1015068296,Ayurvalley Ayurvedic Hospital - Meppady,healthcare,medical_support,,hospital,,11.5671162,76.1211836,OpenStreetMap_Overpass,building=hospital,way_center,"{""building"": ""hospital"", ""name"": ""Ayurvalley Ayurvedic Hospital - Meppady""}"
OSM_way_1015069834,way,1015069834,Vaduvanchal Health Centre,healthcare,medical_support,,hospital,,11.5540418,76.2255214,OpenStreetMap_Overpass,building=hospital,way_center,"{""building"": ""hospital"", ""name"": ""Vaduvanchal Health Centre""}"
OSM_way_1015166845,way,1015166845,Unni Mathu Samsarika Nilayam,community,relocation_candidate,community_centre,yes,,11.5553084,76.1714253,OpenStreetMap_Overpass,amenity=community_centre,way_center,"{""amenity"": ""community_centre"", ""building"": ""yes"", ""name"": ""Unni Mathu Samsarika Nilayam""}"
OSM_way_1017363174,way,1017363174,Mukkilpeedika Anganavadi,community,potential_relocation_candidate,childcare,yes,,11.5670896,76.1435012,OpenStreetMap_Overpass,amenity=childcare,way_center,"{""amenity"": ""childcare"", ""building"": ""yes"", ""name"": ""Mukkilpeedika Anganavadi""}"
OSM_way_1017367636,way,1017367636,Homio Clinic Vaduvanchl,healthcare,medical_support,,hospital,,11.5547132,76.224327,OpenStreetMap_Overpass,building=hospital,way_center,"{""building"": ""hospital"", ""name"": ""Homio Clinic Vaduvanchl""}"
OSM_way_1017368263,way,1017368263,Ayurvedha Uzhichilkendram,healthcare,medical_support,,hospital,,11.5567278,76.2225482,OpenStreetMap_Overpass,building=hospital,way_center,"{""building"": ""hospital"", ""name"": ""Ayurvedha Uzhichilkendram""}"
OSM_way_1027065359,way,1027065359,Laiba Mediical Center,healthcare,medical_support,,hospital,,11.7388021,76.0733891,OpenStreetMap_Overpass,building=hospital,way_center,"{""building"": ""hospital"", ""name"": ""Laiba Mediical Center""}"
OSM_way_1038260338,way,1038260338,"District Ground Water Department, Wayanad",public_building,potential_relocation_candidate,,yes,,11.6573477,76.1605019,OpenStreetMap_Overpass,office=government,way_center,"{""addr:city"": ""Sulthan Bathery"", ""addr:postcode"": ""673591"", ""addr:street"": ""Meenangadi"", ""building"": ""yes"", ""email"": ""gwdwyd@gmail.com"", ""government"": ""administrative"", ""name"": ""District Ground Water Department, Wayanad"", ""office"": ""government"", ""opening_hours"": ""Mo-Sa 10:00-17:00"", ""opening_hours:covid19"": ""restricted"", ""phone"": ""+91-4936- 248210"", ""website"": ""https://groundwater.kerala.gov.in/wayanad/""}"
OSM_way_1066656080,way,1066656080,"Police Station ,Kambalakkad",public_building,potential_relocation_candidate,police,yes,,11.6881908,76.0794242,OpenStreetMap_Overpass,building=yes,way_center,"{""amenity"": ""police"", ""building"": ""yes"", ""name"": ""Police Station ,Kambalakkad"", ""ref"": ""15298038""}"
OSM_way_1067883146,way,1067883146,"Police Station, Kalpetta",public_building,potential_relocation_candidate,police,yes,,11.6029978,76.0845019,OpenStreetMap_Overpass,building=yes,way_center,"{""amenity"": ""police"", ""building"": ""yes"", ""name"": ""Police Station, Kalpetta"", ""ref"": ""15298008""}"
OSM_way_1078959757,way,1078959757,,education,relocation_candidate,,school,,11.694928,76.080372,OpenStreetMap_Overpass,building=school,way_center,"{""building"": ""school""}"
OSM_way_1079001516,way,1079001516,Arivaram Anganavadi,community,potential_relocation_candidate,childcare,yes,,11.6809471,76.0836877,OpenStreetMap_Overpass,amenity=childcare,way_center,"{""addr:housenumber"": ""cno62"", ""amenity"": ""childcare"", ""building"": ""yes"", ""name"": ""Arivaram Anganavadi""}"
OSM_way_1079001517,way,1079001517,Thamarakolly Anganavadi,community,potential_relocation_candidate,childcare,yes,,11.6777314,76.0788396,OpenStreetMap_Overpass,amenity=childcare,way_center,"{""addr:housenumber"": ""cno 69"", ""amenity"": ""childcare"", ""building"": ""yes"", ""name"": ""Thamarakolly Anganavadi""}"
OSM_way_1079001520,way,1079001520,Pulikkalkunnu Anganavadi,community,potential_relocation_candidate,childcare,yes,,11.6811266,76.0935344,OpenStreetMap_Overpass,amenity=childcare,way_center,"{""addr:housenumber"": ""cno72"", ""amenity"": ""childcare"", ""building"": ""yes"", ""name"": ""Pulikkalkunnu Anganavadi""}"
OSM_way_1080270966,way,1080270966,Ambalachal Angunvadi,community,potential_relocation_candidate,childcare,yes,,11.69062,76.0783302,OpenStreetMap_Overpass,amenity=childcare,way_center,"{""addr:housenumber"": ""cno52"", ""amenity"": ""childcare"", ""building"": ""yes"", ""name"": ""Ambalachal Angunvadi""}"
OSM_way_1080270967,way,1080270967,Mandakkamoola Anganavadi,community,potential_relocation_candidate,childcare,yes,,11.6976013,76.0767408,OpenStreetMap_Overpass,amenity=childcare,way_center,"{""addr:housenumber"": ""cno.61"", ""amenity"": ""childcare"", ""building"": ""yes"", ""name"": ""Mandakkamoola Anganavadi""}"
OSM_way_1080270968,way,1080270968,Millumukk Anganavadi,community,potential_relocation_candidate,childcare,yes,,11.6977458,76.079292,OpenStreetMap_Overpass,amenity=childcare,way_center,"{""addr:housenumber"": ""cno.50"", ""amenity"": ""childcare"", ""building"": ""yes"", ""name"": ""Millumukk Anganavadi""}"
OSM_way_1080270969,way,1080270969,Ambalakunnu Anganavadi,community,potential_relocation_candidate,childcare,yes,,11.6961372,76.0782987,OpenStreetMap_Overpass,amenity=childcare,way_center,"{""addr:housenumber"": ""cno.65"", ""amenity"": ""childcare"", ""building"": ""yes"", ""name"": ""Ambalakunnu Anganavadi""}"
OSM_way_1080327769,way,1080327769,Onivayal Anganvady,community,potential_relocation_candidate,childcare,yes,,11.6774453,76.1352856,OpenStreetMap_Overpass,amenity=childcare,way_center,"{""addr:housenumber"": ""CNO.57"", ""amenity"": ""childcare"", ""building"": ""yes"", ""name"": ""Onivayal Anganvady""}"
OSM_way_1080327770,way,1080327770,Pulachikkuni Anganwadi,community,potential_relocation_candidate,childcare,yes,,11.6822128,76.1386658,OpenStreetMap_Overpass,amenity=childcare,way_center,"{""amenity"": ""childcare"", ""building"": ""yes"", ""name"": ""Pulachikkuni Anganwadi""}"
OSM_way_1080463555,way,1080463555,Homeo Dispensary Pallimukku,healthcare,medical_support,hospital,,,11.688494,76.0725656,OpenStreetMap_Overpass,healthcare=hospital,way_center,"{""amenity"": ""hospital"", ""healthcare"": ""hospital"", ""name"": ""Homeo Dispensary Pallimukku""}"
OSM_way_1083002654,way,1083002654,Chundakkara Community Center,community,relocation_candidate,community_centre,yes,,11.682085,76.0643676,OpenStreetMap_Overpass,amenity=community_centre,way_center,"{""amenity"": ""community_centre"", ""building"": ""yes"", ""name"": ""Chundakkara Community Center""}"
OSM_way_1083002655,way,1083002655,Ambalakkunnu,community,potential_relocation_candidate,childcare,yes,,11.6836427,76.0650172,OpenStreetMap_Overpass,amenity=childcare,way_center,"{""amenity"": ""childcare"", ""building"": ""yes"", ""name"": ""Ambalakkunnu""}"
OSM_way_1083002659,way,1083002659,Chundakkara,community,potential_relocation_candidate,childcare,yes,,11.6925644,76.0642453,OpenStreetMap_Overpass,amenity=childcare,way_center,"{""amenity"": ""childcare"", ""building"": ""yes"", ""name"": ""Chundakkara""}"
OSM_way_1083002666,way,1083002666,Kanal Pradhesham Anganavadi,community,potential_relocation_candidate,childcare,yes,,11.6763429,76.0704852,OpenStreetMap_Overpass,amenity=childcare,way_center,"{""amenity"": ""childcare"", ""building"": ""yes"", ""name"": ""Kanal Pradhesham Anganavadi""}"
OSM_way_1083002667,way,1083002667,Cinemallkunnu Anganavadi,community,potential_relocation_candidate,childcare,yes,,11.6783721,76.0731352,OpenStreetMap_Overpass,amenity=childcare,way_center,"{""amenity"": ""childcare"", ""building"": ""yes"", ""name"": ""Cinemallkunnu Anganavadi""}"
OSM_way_1083002669,way,1083002669,"Telephone Exchange,Pallikkunnu",public_building,potential_relocation_candidate,,yes,,11.6725631,76.0747065,OpenStreetMap_Overpass,office=government,way_center,"{""building"": ""yes"", ""name"": ""Telephone Exchange,Pallikkunnu"", ""office"": ""government""}"
OSM_way_1083002670,way,1083002670,"Crime Branch CID Office, kambalakkad",public_building,potential_relocation_candidate,police,yes,,11.676945,76.0746992,OpenStreetMap_Overpass,building=yes,way_center,"{""amenity"": ""police"", ""building"": ""yes"", ""name"": ""Crime Branch CID Office, kambalakkad"", ""operator"": ""Government""}"
OSM_way_1083004903,way,1083004903,"Minsha Clinic,Kambalakkad",healthcare,medical_support,,hospital,,11.673431,76.0776197,OpenStreetMap_Overpass,building=hospital,way_center,"{""building"": ""hospital"", ""name"": ""Minsha Clinic,Kambalakkad""}"
OSM_way_1083004904,way,1083004904,Arogya Health Care Center,healthcare,medical_support,,hospital,,11.674985,76.0763421,OpenStreetMap_Overpass,building=hospital,way_center,"{""building"": ""hospital"", ""name"": ""Arogya Health Care Center""}"
OSM_way_1083280487,way,1083280487,Neru Nadakavedhi,community,relocation_candidate,community_centre,yes,,11.6806945,76.081944,OpenStreetMap_Overpass,amenity=community_centre,way_center,"{""amenity"": ""community_centre"", ""building"": ""yes"", ""name"": ""Neru Nadakavedhi""}"
OSM_way_1083280493,way,1083280493,Pulikkalkunnu,community,potential_relocation_candidate,childcare,yes,,11.6834187,76.0919543,OpenStreetMap_Overpass,amenity=childcare,way_center,"{""amenity"": ""childcare"", ""building"": ""yes"", ""name"": ""Pulikkalkunnu""}"
OSM_way_1083280501,way,1083280501,Paralikkunnu,community,potential_relocation_candidate,childcare,yes,,11.6724295,76.0841379,OpenStreetMap_Overpass,amenity=childcare,way_center,"{""addr:housenumber"": ""No:  54"", ""amenity"": ""childcare"", ""building"": ""yes"", ""name"": ""Paralikkunnu""}"
OSM_way_1083280502,way,1083280502,Thervadikunnu anganvdadi,community,potential_relocation_candidate,childcare,yes,,11.6786519,76.0957598,OpenStreetMap_Overpass,amenity=childcare,way_center,"{""addr:housenumber"": ""73"", ""amenity"": ""childcare"", ""building"": ""yes"", ""name"": ""Thervadikunnu anganvdadi""}"
OSM_way_1083550599,way,1083550599,"Subcenter,Pallimukku",healthcare,medical_support,hospital,,,11.6827295,76.0785314,OpenStreetMap_Overpass,healthcare=hospital,way_center,"{""amenity"": ""hospital"", ""healthcare"": ""hospital"", ""name"": ""Subcenter,Pallimukku""}"
OSM_way_1083785947,way,1083785947,Chitramoola,community,potential_relocation_candidate,childcare,yes,,11.6951874,76.0953184,OpenStreetMap_Overpass,amenity=childcare,way_center,"{""addr:housenumber"": ""C NO:  63"", ""amenity"": ""childcare"", ""building"": ""yes"", ""name"": ""Chitramoola""}"
OSM_way_1083785951,way,1083785951,"Government Model Girls Residential School, Kaniyambetta",education,relocation_candidate,school,,,11.6937727,76.0896595,OpenStreetMap_Overpass,amenity=school,way_center,"{""amenity"": ""school"", ""name"": ""Government Model Girls Residential School, Kaniyambetta""}"
OSM_way_1083785952,way,1083785952,,education,relocation_candidate,,school,,11.6936664,76.0891335,OpenStreetMap_Overpass,building=school,way_center,"{""building"": ""school""}"
OSM_way_1083785954,way,1083785954,"St.George English Medium School,Varadoor",education,relocation_candidate,school,,,11.70871,76.096905,OpenStreetMap_Overpass,amenity=school,way_center,"{""amenity"": ""school"", ""name"": ""St.George English Medium School,Varadoor""}"
OSM_way_1083785955,way,1083785955,,education,relocation_candidate,,school,,11.708615,76.0968391,OpenStreetMap_Overpass,building=school,way_center,"{""building"": ""school""}"
OSM_way_1083785956,way,1083785956,,education,relocation_candidate,,school,,11.7086564,76.0971318,OpenStreetMap_Overpass,building=school,way_center,"{""building"": ""school""}"
OSM_way_1083785957,way,1083785957,,education,relocation_candidate,,school,,11.7088136,76.0972038,OpenStreetMap_Overpass,building=school,way_center,"{""building"": ""school""}"
OSM_way_1083785959,way,1083785959,Kollivayal,community,potential_relocation_candidate,childcare,yes,,11.7140546,76.0964514,OpenStreetMap_Overpass,amenity=childcare,way_center,"{""addr:housenumber"": ""C NO:60"", ""amenity"": ""childcare"", ""building"": ""yes"", ""name"": ""Kollivayal""}"
OSM_way_1083812942,way,1083812942,Moolavayal Anganavadi,community,potential_relocation_candidate,childcare,yes,,11.7041691,76.0803128,OpenStreetMap_Overpass,amenity=childcare,way_center,"{""addr:housenumber"": ""CNO 49"", ""amenity"": ""childcare"", ""building"": ""yes"", ""name"": ""Moolavayal Anganavadi""}"
OSM_way_1084062614,way,1084062614,Varadhoor Community Center,community,relocation_candidate,community_centre,yes,,11.6999986,76.1059834,OpenStreetMap_Overpass,amenity=community_centre,way_center,"{""amenity"": ""community_centre"", ""building"": ""yes"", ""name"": ""Varadhoor Community Center""}"
OSM_way_1084062616,way,1084062616,"Family Health Center, Varadhoor",healthcare,medical_support,hospital,,,11.6995842,76.1057776,OpenStreetMap_Overpass,healthcare=hospital,way_center,"{""amenity"": ""hospital"", ""healthcare"": ""hospital"", ""name"": ""Family Health Center, Varadhoor""}"
OSM_way_1084062620,way,1084062620,Thazhekarani Anganvadi,community,potential_relocation_candidate,childcare,yes,,11.6887501,76.1074914,OpenStreetMap_Overpass,amenity=childcare,way_center,"{""amenity"": ""childcare"", ""building"": ""yes"", ""name"": ""Thazhekarani Anganvadi""}"
OSM_way_1085004804,way,1085004804,Padaarikkunn,community,potential_relocation_candidate,childcare,yes,,11.6912134,76.1165707,OpenStreetMap_Overpass,amenity=childcare,way_center,"{""addr:housenumber"": ""cno:58"", ""amenity"": ""childcare"", ""building"": ""yes"", ""name"": ""Padaarikkunn""}"
OSM_way_1085335076,way,1085335076,Arimula 01 Community Center,community,relocation_candidate,community_centre,yes,,11.6892412,76.128076,OpenStreetMap_Overpass,amenity=community_centre,way_center,"{""amenity"": ""community_centre"", ""building"": ""yes"", ""name"": ""Arimula 01 Community Center""}"
OSM_way_1085335077,way,1085335077,Arimula 02 Community Center,community,relocation_candidate,community_centre,yes,,11.6896278,76.1271409,OpenStreetMap_Overpass,amenity=community_centre,way_center,"{""amenity"": ""community_centre"", ""building"": ""yes"", ""name"": ""Arimula 02 Community Center""}"
OSM_way_1085335079,way,1085335079,"Subcenter,Arimula",healthcare,medical_support,hospital,,,11.6896516,76.1277507,OpenStreetMap_Overpass,healthcare=hospital,way_center,"{""amenity"": ""hospital"", ""healthcare"": ""hospital"", ""name"": ""Subcenter,Arimula""}"
OSM_way_1085335080,way,1085335080,Chundakkolly,community,potential_relocation_candidate,childcare,yes,,11.6876415,76.1301155,OpenStreetMap_Overpass,amenity=childcare,way_center,"{""addr:housenumber"": ""CNO:57"", ""amenity"": ""childcare"", ""building"": ""yes"", ""name"": ""Chundakkolly""}"
OSM_way_1085335086,way,1085335086,"Government Eye hospital, kariyambadi",healthcare,medical_support,hospital,,,11.6824724,76.1332039,OpenStreetMap_Overpass,healthcare=hospital,way_center,"{""amenity"": ""hospital"", ""healthcare"": ""hospital"", ""name"": ""Government Eye hospital, kariyambadi""}"
OSM_way_1085335088,way,1085335088,Puthoor Community Center,community,relocation_candidate,community_centre,yes,,11.6834347,76.132401,OpenStreetMap_Overpass,amenity=community_centre,way_center,"{""amenity"": ""community_centre"", ""building"": ""yes"", ""name"": ""Puthoor Community Center""}"
OSM_way_1085335093,way,1085335093,Kalluvayal,community,potential_relocation_candidate,childcare,yes,,11.6765961,76.1102714,OpenStreetMap_Overpass,amenity=childcare,way_center,"{""addr:housenumber"": ""CNO: 56"", ""amenity"": ""childcare"", ""building"": ""yes"", ""name"": ""Kalluvayal""}"
OSM_way_1085335094,way,1085335094,Chomadi,community,potential_relocation_candidate,childcare,yes,,11.6795073,76.1204637,OpenStreetMap_Overpass,amenity=childcare,way_center,"{""addr:housenumber"": ""CNO:  68"", ""amenity"": ""childcare"", ""building"": ""yes"", ""name"": ""Chomadi""}"
OSM_way_1085358311,way,1085358311,Kavumuttam Community Center,community,relocation_candidate,community_centre,yes,,11.6826064,76.0943463,OpenStreetMap_Overpass,amenity=community_centre,way_center,"{""amenity"": ""community_centre"", ""building"": ""yes"", ""name"": ""Kavumuttam Community Center""}"
OSM_way_1085525660,way,1085525660,Krishibhavan,public_building,potential_relocation_candidate,,yes,,11.6958481,76.0808615,OpenStreetMap_Overpass,office=government,way_center,"{""building"": ""yes"", ""name"": ""Krishibhavan"", ""office"": ""government""}"
OSM_way_1085527356,way,1085527356,Pachilakkad First Anganawadi,community,potential_relocation_candidate,childcare,yes,,11.7102408,76.0804839,OpenStreetMap_Overpass,amenity=childcare,way_center,"{""amenity"": ""childcare"", ""building"": ""yes"", ""name"": ""Pachilakkad First Anganawadi""}"
OSM_way_1085527357,way,1085527357,Vazhayil kunjabdulla haji memorial,community,relocation_candidate,community_centre,yes,,11.7102109,76.0804077,OpenStreetMap_Overpass,amenity=community_centre,way_center,"{""amenity"": ""community_centre"", ""building"": ""yes"", ""name"": ""Vazhayil kunjabdulla haji memorial""}"
OSM_way_1085548107,way,1085548107,"Subcentre, Koodothummal",healthcare,medical_support,hospital,,,11.7225597,76.0917902,OpenStreetMap_Overpass,healthcare=hospital,way_center,"{""amenity"": ""hospital"", ""healthcare"": ""hospital"", ""name"": ""Subcentre, Koodothummal""}"
OSM_way_1085548121,way,1085548121,Kavadam First,community,potential_relocation_candidate,childcare,yes,,11.7371133,76.1043694,OpenStreetMap_Overpass,amenity=childcare,way_center,"{""addr:housenumber"": ""CNO:42"", ""amenity"": ""childcare"", ""building"": ""yes"", ""name"": ""Kavadam First""}"
OSM_way_1085548122,way,1085548122,Mathoor,community,potential_relocation_candidate,childcare,yes,,11.7372388,76.098741,OpenStreetMap_Overpass,amenity=childcare,way_center,"{""addr:housenumber"": ""CNO: 64"", ""amenity"": ""childcare"", ""building"": ""yes"", ""name"": ""Mathoor""}"
OSM_way_1085548123,way,1085548123,Nelliyambam,community,potential_relocation_candidate,childcare,yes,,11.7408195,76.096702,OpenStreetMap_Overpass,amenity=childcare,way_center,"{""amenity"": ""childcare"", ""building"": ""yes"", ""name"": ""Nelliyambam""}"
OSM_way_1085548127,way,1085548127,Kavadam Second,community,potential_relocation_candidate,childcare,yes,,11.729309,76.1035043,OpenStreetMap_Overpass,amenity=childcare,way_center,"{""addr:housenumber"": ""CNO: 44"", ""amenity"": ""childcare"", ""building"": ""yes"", ""name"": ""Kavadam Second""}"
OSM_way_1085548130,way,1085548130,Sub Treachury Nadavayal,public_building,potential_relocation_candidate,,yes,,11.739205,76.1182894,OpenStreetMap_Overpass,office=government,way_center,"{""building"": ""yes"", ""name"": ""Sub Treachury Nadavayal"", ""office"": ""government""}"
OSM_way_1085548132,way,1085548132,"VIllage office,Nadavayal",public_building,potential_relocation_candidate,,yes,,11.7401377,76.1182472,OpenStreetMap_Overpass,office=government,way_center,"{""building"": ""yes"", ""name"": ""VIllage office,Nadavayal"", ""office"": ""government""}"
OSM_way_1085552516,way,1085552516,Sneha palliative care,healthcare,medical_support,hospital,,,11.6909161,76.0833456,OpenStreetMap_Overpass,healthcare=hospital,way_center,"{""amenity"": ""hospital"", ""healthcare"": ""hospital"", ""name"": ""Sneha palliative care""}"
OSM_way_1094454126,way,1094454126,University of Tribal Studies and Research,education,relocation_candidate,,university,,11.7483571,76.2377513,OpenStreetMap_Overpass,building=university,way_center,"{""building"": ""university"", ""name"": ""University of Tribal Studies and Research""}"
OSM_way_1097620007,way,1097620007,Community Health Centre Panamaram,healthcare,medical_support,hospital,,,11.7385377,76.070516,OpenStreetMap_Overpass,amenity=hospital,way_center,"{""amenity"": ""hospital"", ""emergency"": ""no"", ""name"": ""Community Health Centre Panamaram""}"
OSM_way_1097620008,way,1097620008,Community Health Centre Panamaram,healthcare,medical_support,hospital,,,11.7385925,76.0703687,OpenStreetMap_Overpass,healthcare=hospital,way_center,"{""amenity"": ""hospital"", ""emergency"": ""no"", ""healthcare"": ""hospital"", ""name"": ""Community Health Centre Panamaram""}"
OSM_way_1097620009,way,1097620009,Community Health Centre Panamaram,healthcare,medical_support,hospital,,,11.7384858,76.0703321,OpenStreetMap_Overpass,healthcare=hospital,way_center,"{""amenity"": ""hospital"", ""emergency"": ""no"", ""healthcare"": ""hospital"", ""name"": ""Community Health Centre Panamaram""}"
OSM_way_1097620010,way,1097620010,Community Health Centre Panamaram,healthcare,medical_support,hospital,,,11.7384766,76.0700942,OpenStreetMap_Overpass,amenity=hospital,way_center,"{""amenity"": ""hospital"", ""emergency"": ""no"", ""name"": ""Community Health Centre Panamaram""}"
OSM_way_1097620798,way,1097620798,Community Health Centre Panamaram,healthcare,medical_support,hospital,,,11.7383754,76.0704646,OpenStreetMap_Overpass,amenity=hospital,way_center,"{""amenity"": ""hospital"", ""emergency"": ""no"", ""name"": ""Community Health Centre Panamaram""}"
OSM_way_1103727742,way,1103727742,Mc Leod's English Medium School,education,relocation_candidate,,school,,11.6482558,76.2462398,OpenStreetMap_Overpass,building=school,way_center,"{""building"": ""school"", ""name"": ""Mc Leod's English Medium School""}"
OSM_way_1105134786,way,1105134786,Krishna Gowder Hall,community,relocation_candidate,events_venue,yes,,11.6413252,76.086442,OpenStreetMap_Overpass,amenity=events_venue,way_center,"{""amenity"": ""events_venue"", ""building"": ""yes"", ""name"": ""Krishna Gowder Hall""}"
OSM_way_1107455223,way,1107455223,villlage office thottumchal,public_building,potential_relocation_candidate,,yes,,11.5707132,76.2201734,OpenStreetMap_Overpass,office=government,way_center,"{""building"": ""yes"", ""government"": ""village_office"", ""name"": ""villlage office thottumchal"", ""office"": ""government""}"
OSM_way_1107456843,way,1107456843,Anganwadi,community,potential_relocation_candidate,childcare,yes,,11.6054033,76.2137354,OpenStreetMap_Overpass,amenity=childcare,way_center,"{""amenity"": ""childcare"", ""brand"": ""Anganwadi"", ""brand:en"": ""Anganwadi"", ""brand:hi"": ""आँगनवाडी"", ""brand:pa"": ""ਆਂਗਣਵਾੜੀ"", ""brand:pnb"": ""آنگن واڑی"", ""brand:ur"": ""آنگن واڑی"", ""brand:wikidata"": ""Q16251231"", ""building"": ""yes"", ""name"": ""Anganwadi"", ""name:en"": ""Anganwadi"", ""name:hi"": ""आँगनवाडी"", ""name:pa"": ""ਆਂਗਣਵਾੜੀ"", ""name:pnb"": ""آنگن واڑی"", ""name:ur"": ""آنگن واڑی""}"
OSM_way_1107457481,way,1107457481,SAHYA AYURVEDIC HOSPITAL Manjappara,healthcare,medical_support,,hospital,,11.6027911,76.2112241,OpenStreetMap_Overpass,building=hospital,way_center,"{""building"": ""hospital"", ""name"": ""SAHYA AYURVEDIC HOSPITAL Manjappara""}"
OSM_way_1184388856,way,1184388856,Lourde Matha Higher Secondary School Pallikkunu,education,relocation_candidate,,school,,11.6896049,76.0570099,OpenStreetMap_Overpass,building=school,way_center,"{""building"": ""school"", ""name"": ""Lourde Matha Higher Secondary School Pallikkunu"", ""source"": ""local Knowledgw""}"
OSM_way_1353330214,way,1353330214,Lourde Matha HSS Ground,education,relocation_candidate,school,,,11.6896033,76.0565881,OpenStreetMap_Overpass,amenity=school,way_center,"{""amenity"": ""school"", ""name"": ""Lourde Matha HSS Ground""}"
